"pitcher","pitcher_name","pitch_hand","n_pitches","team_id","ball_angle","relative_release_ball_x","release_ball_z","relative_shoulder_x","shoulder_z"
434378,"Verlander, Justin","R",171,116,"54.1",-1.331536834268441,6.975555555555555,0.1379672535468201,4.940664596949891
445276,"Jansen, Kenley","R",725,116,"60.3",-0.8408527415700523,6.386510344827586,0.39825057667957464,4.209953613989796
453286,"Scherzer, Max","R",1461,141,"31.3",-2.281400401289942,5.604010951403149,-0.34826067566594804,4.426784623502814
455119,"Martin, Chris","R",248,140,"42.4",-1.8798233414814578,6.234516129032258,-0.06147583592087863,4.571248943778391
471911,"Carrasco, Carlos","R",246,144,"33.6",-2.077640415412586,5.744308943089431,-0.1905131222555541,4.489113571511384
472610,"García, Luis","R",265,9999,"43.5",-1.836285817765414,6.281698113207547,-0.21988491373221672,4.747013812935123
476594,"Stock, Robert","R",560,121,"14.0",-2.2448235677767494,4.8765,-0.2720262469760632,4.383172631143366
489446,"Yates, Kirby","R",726,9999,"18.3",-2.381976429135778,5.1057851239669425,-0.38614382829264937,4.444250545685342
500779,"Quintana, Jose","L",816,115,"42.1",1.9153524689239148,5.757916666666667,0.265908266706861,4.268119070680857
518585,"Cruz, Fernando","R",944,147,"47.4",-1.5313596488174541,5.976218220338983,-0.0478655955429167,4.3595105421425115
518876,"Kelly, Merrill","R",2615,109,"23.5",-2.305830264627719,5.412240917782027,-0.2638191970088922,4.523983113328766
518886,"Kimbrel, Craig","R",776,9999,"23.6",-2.2919866806555276,4.743685567010309,-0.43486131631659225,3.930175322394656
519141,"Pomeranz, Drew","L",478,9999,"37.0",1.9510560685389347,6.067907949790795,0.023594397146458432,4.615638830652078
519242,"Sale, Chris","L",2571,144,"11.0",3.2068968448598265,4.844955270322831,0.8303344153318483,4.382595971070441
527048,"Pérez, Martín","L",2244,144,"43.8",1.6834493882001462,5.587000891265597,0.03742064578626784,4.003373065588251
529017,"Cornielle, Alexander","R",34,147,"26.4",-2.2219560057109633,5.245882352941177,-0.19465843032400126,4.237898191255112
542888,"Armstrong, Shawn","R",628,114,"40.2",-2.081878994936173,5.81515923566879,-0.3065375628711241,4.311526063699945
543037,"Cole, Gerrit","R",1919,147,"37.6",-2.035304887741872,5.828019801980198,-0.263243316808461,4.46113544566531
543056,"Coulombe, Danny","L",385,111,"55.7",1.0244083807391349,6.057636363636363,-0.20856851679514782,4.250330998680464
543135,"Eovaldi, Nathan","R",2219,140,"37.5",-2.3291416553233786,5.717507886435331,-0.410403273463099,4.246455442985913
543238,"Gose, Anthony","L",200,118,"53.9",1.0633440661453255,5.88965,-0.2213679055258467,4.130901745098039
543243,"Gray, Sonny","R",2472,111,"47.1",-1.2915455255509902,5.556448220064725,0.13982783283289782,4.015591059437897
543510,"McCann, James","R",1,109,"30.0",-1.7835719088869433,5.96,-0.134480303030303,5.011339393939394
544150,"Suárez, Albert","R",970,110,"42.5",-1.6487871143218475,6.324371134020619,0.08939154694305089,4.724758492015363
545121,"Vargas, Ildemaro","R",7,109,"17.8",-2.618593463984357,4.7057142857142855,-0.8204409982174687,4.118215317035905
547179,"Lorenzen, Michael","R",2399,9999,"39.5",-1.7772385033652092,5.700687786577741,0.023638306179268098,4.214035013920684
547184,"Kelly, Michael","R",121,133,"29.1",-2.163588213316246,5.8835537190082645,-0.11412124084795451,4.744520775327411
547973,"Chapman, Aroldis","L",841,111,"52.8",1.2981501674618452,6.165719381688466,-0.14591161877571263,4.260909046610753
548384,"Raley, Brooks","L",828,9999,"31.9",2.23145797976922,5.622971014492753,0.27914602471862704,4.403056799667605
552640,"Kittredge, Andrew","R",711,110,"41.1",-1.7409881563282583,5.923600562587905,-0.053343636288424076,4.453041466539307
554430,"Wheeler, Zack","R",2649,143,"22.1",-2.766363416808825,4.973193657984145,-0.47492095473420504,4.0400490590738505
571510,"Boyd, Matthew","L",1957,112,"23.4",2.6587744609576593,5.351170158405723,0.37534471448076606,4.361243391654985
571578,"Corbin, Patrick","L",1397,141,"38.3",1.88093980902085,6.261868289191124,0.03419313361838521,4.804415312542665
571882,"Law, Derek","R",154,109,"51.1",-1.2279615840309543,6.486623376623377,0.20109226161538996,4.7156268693427785
571927,"Matz, Steven","L",1341,139,"33.1",2.0967944705764427,5.694317673378076,0.14223245183776176,4.420618187201665
571945,"Mikolas, Miles","R",1826,120,"43.9",-1.8761758623940643,6.59314895947426,-0.033788589750348014,4.820053907072139
571948,"Milner, Hoby","L",673,9999,"-4.5",2.9147054313717704,4.181753343239227,0.705556183767577,4.356217342730689
572143,"Smith, Burch","R",287,116,"36.2",-1.9348178449980373,5.574878048780488,-0.1690694637500233,4.283981266963548
572955,"Johnson, Pierce","R",840,113,"41.5",-1.810671303133943,6.159964285714286,-0.09641558802308803,4.63947898714031
573009,"Mantiply, Joe","L",399,141,"15.0",2.874867201056838,5.19062656641604,0.5445982190324296,4.564480930936968
573124,"Rogers, Taylor","L",1066,142,"28.9",1.8978811750410542,5.551848030018761,-0.15144902169805327,4.419682908184594
573204,"Thielbar, Caleb","L",848,112,"54.8",0.9096215272849882,6.105176886792453,-0.42576176060690146,4.215771633790737
579328,"Kikuchi, Yusei","L",1173,108,"46.5",1.491401655171936,5.663196930946292,-0.0023897558403350506,4.090929636974529
592094,"Adam, Jason","R",568,135,"35.0",-2.063306091817069,6.273362676056338,-0.05223504854886896,4.866069815909719
592155,"Booser, Cam","L",573,139,"33.1",2.1148009651034214,5.5220942408376965,0.24542801933719705,4.302204330648649
592288,"Emanuel, Kent","L",96,113,"23.9",2.520025130229909,5.98125,0.24319332757724302,4.970092058452169
592332,"Gausman, Kevin","R",3003,9999,"37.4",-2.010910851951256,5.768061938061938,-0.12220668719278345,4.32163141098355
592454,"Kahnle, Tommy","R",168,111,"37.0",-1.8275869961727054,5.64202380952381,-0.013355808080808076,4.276099221734148
592662,"Ray, Robbie","L",2854,9999,"43.8",1.7763673329587903,6.070571128241065,0.15242955432348135,4.512186341682624
592773,"Stanek, Ryne","R",1079,138,"46.4",-1.3412602704404697,6.3624559777571825,0.3324860050650979,4.603879438279651
592779,"Stewart, Brock","R",382,119,"20.8",-2.528807153535852,5.178821989528796,-0.2543958455824024,4.317237715466958
592791,"Taillon, Jameson","R",1443,9999,"45.2",-1.5582960032778328,6.016465696465697,0.05451835148599855,4.386911831597126
592826,"Velasquez, Vince","R",43,112,"44.4",-1.693913569824744,5.552790697674419,-0.01296786469344609,3.9029788894416115
592836,"Walker, Taijuan","R",424,143,"43.6",-1.8952864674287655,6.547452830188679,-0.16173196238186527,4.898880968746847
592866,"Williams, Trevor","R",514,9999,"15.9",-2.7591525860066106,4.889902723735409,-0.5476469275612615,4.260058048093662
593958,"Rodriguez, Eduardo","L",3065,109,"43.8",1.7599879425333995,5.991236541598695,0.059646623310157514,4.3581856514962505
593974,"Peralta, Wandy","L",1208,135,"41.8",1.6488305592629664,5.997110927152318,-0.08718364564519367,4.440870625051646
594027,"Guerrero, Tyron","R",607,111,"42.1",-2.0237620782600736,6.303525535420099,-0.18283096964411044,4.638867843225354
594580,"Moll, Sam","L",1073,113,"13.5",2.260631570247616,4.864287045666356,0.10298768068271111,4.347154850212558
594798,"deGrom, Jacob","R",2735,140,"34.4",-2.03788989155247,5.653550274223035,-0.024322151713934696,4.273703729628797
594835,"Gonzales, Marco","L",118,140,"37.1",1.771421067124103,5.318050847457627,0.10746509109036527,4.061562199764343
595014,"Treinen, Blake","R",494,119,"32.0",-2.276239898792328,6.208684210526315,-0.1516881479717393,4.879068269862233
595345,"Okert, Steven","L",1050,117,"33.9",2.4281142269620575,5.876952380952381,0.4624068067226891,4.557093022154317
595978,"Hedges, Austin","R",15,114,"11.3",-2.886284145620838,5.301333333333333,-0.7418828045157457,4.874146922162804
596001,"Junis, Jakob","R",845,140,"30.1",-2.2524551797185324,5.6239763313609465,-0.2653991567256273,4.47119933930323
596133,"Weaver, Luke","R",902,9999,"47.1",-1.4234008199065702,5.538957871396896,0.11612455357672197,3.8834164189501643
596142,"Sánchez, Gary","R",4,158,"54.5",-1.5855607279120374,7.4375,-0.2765510472370765,5.603288235294118
601713,"Pivetta, Nick","R",578,135,"56.6",-0.9826180090773246,6.659965397923876,0.30400022266220106,4.712430057238372
605130,"Barlow, Scott","R",581,133,"23.7",-2.4884402841489353,5.172564543889845,-0.3421532298790272,4.228074570551112
605135,"Bassitt, Chris","R",1731,110,"30.2",-2.371442635443437,5.343044482957827,-0.13354717075948597,4.039676734775629
605154,"Brebbia, John","R",94,115,"39.4",-1.7107627437488195,5.7261702127659575,0.02539166761482155,4.299666837334547
605156,"Brooks, Aaron","R",17,139,"37.8",-2.0074130867335485,6.052941176470588,-0.1234628080109049,4.592677120687847
605218,"Edwards Jr., Carl","R",99,121,"54.3",-1.0153905101509344,6.442323232323233,0.2955840166369578,4.621578444876573
605242,"Fulmer, Michael","R",264,9999,"37.8",-1.8123031115516626,6.016666666666667,-0.00808473201263977,4.617322389672123
605280,"Holmes, Clay","R",1613,9999,"39.3",-1.9801354800123065,6.349057656540608,-0.04931113054250614,4.770870900040115
605288,"Houser, Adrian","R",1731,137,"38.1",-2.0250316516332165,5.781767764298094,-0.14327030978559166,4.306647733271135
605335,"Leibrandt, Brandon","L",99,113,"50.8",1.544317172050793,6.114848484848485,0.048917163614757196,4.2770837285511085
605400,"Nola, Aaron","R",2849,143,"19.4",-2.3868075300966645,4.978782028782029,-0.22045396733632028,4.21627794397634
605441,"Ríos, Yacksel","R",13,112,"40.6",-1.8536728240966398,5.4484615384615385,0.02376280680104209,3.8388923625394216
605447,"Romano, Jordan","R",643,9999,"51.8",-1.2378244707870292,6.029735614307931,0.190798784663024,4.215503331780895
605452,"Ross, Joe","R",205,9999,"35.1",-1.925209249864911,5.6755609756097565,-0.08368906004086779,4.380644111995131
605483,"Snell, Blake","L",741,119,"57.4",1.1110895848822464,6.559757085020243,-0.18968799329325645,4.5288140359296705
605488,"Springs, Jeffrey","L",2459,133,"46.6",1.4461435895105308,6.106860512403416,-0.0789664308564196,4.492848029429525
605540,"Woodruff, Brandon","R",639,158,"42.4",-1.6522349895161275,5.940672926447574,0.012009636408269384,4.418738667118576
606303,"Payamps, Joel","R",151,144,"28.4",-2.1008499498286635,5.562317880794702,0.0011161490243297746,4.424812828322178
606965,"Devenski, Chris","R",134,9999,"38.1",-1.8121629450779484,6.16,0.002780407454705095,4.735359899699364
606996,"Hart, Kyle","L",1071,135,"38.3",1.9152612595417422,5.631120448179272,0.031103024394546885,4.140334881106335
607067,"Rea, Colin","R",2223,112,"29.6",-2.1411667552922893,5.472514619883041,-0.21625251222232647,4.378165163422748
607074,"Rodón, Carlos","L",1438,147,"45.6",1.7585051604122306,6.3222183588317105,0.07729755844049595,4.603281956024286
607192,"Glasnow, Tyler","R",1149,119,"55.8",-1.1621832104773673,6.062106179286336,0.18326674997556583,4.079293453115086
607200,"Fedde, Erick","R",2412,145,"34.8",-1.9367950768980233,5.870733830845771,-0.0016958962614142536,4.522287800820615
607259,"Martinez, Nick","R",2517,139,"54.5",-1.0572350027454587,6.046833531982519,0.2501440615224672,4.214160569305196
607455,"Banda, Anthony","L",608,142,"34.9",2.0091096032343216,5.483782894736842,0.04869046682967446,4.11075754585327
607481,"Bummer, Aaron","L",328,9999,"10.3",2.487636781506815,5.041432926829268,0.21255563073344638,4.62900086164732
607536,"Freeland, Kyle","L",2187,115,"28.1",2.131568453592833,5.770882487425697,0.13407235638072,4.705577055188372
607625,"Lugo, Seth","R",2858,118,"28.4",-2.3557742516508315,5.469545136459062,-0.24876644406856196,4.32699121473451
608032,"Estévez, Carlos","R",27,118,"37.5",-1.8846496118645601,6.04037037037037,0.08732809797319602,4.5305547369116
608331,"Fried, Max","L",1696,147,"45.7",1.6625592486991725,5.8784669811320756,-0.047555315117041676,4.12912407163337
608337,"Giolito, Lucas","R",550,135,"54.8",-1.330531858927761,6.297945454545454,0.06071771204018798,4.323897861286663
608344,"Irvin, Cole","L",102,119,"38.1",2.164430300161165,5.988529411764706,0.38011091276082626,4.588425468351334
608371,"Sims, Lucas","R",171,145,"39.3",-1.631931043765783,5.703216374269005,0.0751099451689235,4.30596096882134
608372,"Sugano, Tomoyuki","R",2511,115,"40.6",-1.9182588382837797,5.930151334129829,-0.20062287482314892,4.455714080221712
608379,"Wacha, Michael","R",3028,118,"53.0",-1.1812256581543576,6.581387054161162,0.19776265697224008,4.748972148126694
608566,"Márquez, Germán","R",843,135,"38.5",-1.931638204712564,6.038196915776987,-0.08812369032590929,4.570991210091283
608650,"Enns, Dietrich","L",291,110,"49.1",1.2432683779031568,6.1987628865979385,-0.19553096979497828,4.535704914518135
608718,"Suter, Brent","L",1525,9999,"47.5",1.5049398915139054,6.0349901639344266,0.07009774717278863,4.467940381403232
608723,"Voth, Austin","R",214,9999,"37.9",-1.7496492663174508,5.773831775700935,-0.023770227980742013,4.430287261982108
615698,"Quantrill, Cal","R",1669,140,"43.8",-1.6322309260789707,6.262983822648293,0.12428696803085307,4.5777716298785975
621016,"Cuas, Jose","R",473,118,"1.9",-3.245780312746797,4.064841437632135,-0.8047711631298685,3.981952179737934
621053,"Ferguson, Tyler","R",293,9999,"27.6",-2.7680851478598862,5.814744027303754,-0.6450880354437772,4.704421495926947
621074,"Rucker, Michael","R",757,136,"35.3",-1.7525543827604606,5.389299867899604,0.008472141886657384,4.140134089319647
621097,"Waguespack, Jacob","R",672,116,"68.1",-0.4472820731734639,6.294583333333334,0.46482555054218655,4.024018260069179
621107,"Eflin, Zach","R",74,110,"28.4",-2.546494867261892,5.681081081081081,-0.3770937659584718,4.508613247338247
621111,"Buehler, Walker","R",2591,135,"45.3",-1.5401342387630998,5.584673871092242,-0.06860582064200017,4.097188842393559
621112,"Blackburn, Paul","R",1234,147,"46.4",-1.6037525757641187,5.983987034035656,-0.0044359356266449445,4.3053588269962475
621121,"McCullers Jr., Lance","R",772,9999,"31.1",-2.1628137046056435,5.375880829015544,-0.2413532415745384,4.218873645207023
621139,"Kriske, Brooks","R",38,133,"45.3",-1.439030160270425,6.204473684210527,0.0992650483159771,4.646263312693499
621237,"Alvarado, José","L",1127,143,"58.0",0.9297336288150441,6.481020408163265,-0.40368105250005143,4.338006460212544
621242,"Díaz, Edwin","R",395,119,"15.3",-2.9352398311173853,4.7304810126582275,-0.7959550321532526,4.144643225253278
621345,"Minter, A.J.","L",677,9999,"41.6",1.7550537717105263,5.593796159527327,0.17367341171731215,4.190805767159825
621366,"Borucki, Ryan","L",380,137,"27.6",2.2826310499172737,5.641815789473684,0.17270264213340838,4.536690417253026
621381,"Strahm, Matt","L",633,118,"30.4",2.1506431162638764,5.280142180094787,0.038580000732161314,4.040965018881314
621383,"Banks, Tanner","L",668,143,"49.5",1.7020028177750468,6.424311377245509,0.14361948482713716,4.598789139368322
621389,"Blach, Ty","L",30,112,"21.1",2.384754855725082,5.5873333333333335,0.20671000297088532,4.74741761734997
622088,"Antone, Tejay","R",906,113,"26.7",-2.675134318777121,5.611037527593819,-0.49943985826319287,4.517399270165622
622491,"Castillo, Luis","R",2356,9999,"15.9",-2.4956757376861174,5.068790322580645,-0.2303666240326969,4.423098934415563
622554,"Domínguez, Seranthony","R",1111,9999,"29.5",-2.0924965478953355,5.582457245724573,-0.09450815712587302,4.4536541548539885
622608,"Senzatela, Antonio","R",1165,9999,"39.5",-2.1644357838712738,5.881519313304721,-0.35092180334014217,4.383479680903966
622663,"Severino, Luis","R",1086,133,"39.1",-1.6259799324998905,5.807366482504604,0.031502241130840415,4.46173996792757
622694,"Hernández, Elieser","R",217,144,"36.9",-1.591252995909033,5.3100921658986175,-0.07690723814452467,4.17355313051907
623149,"Sewald, Paul","R",854,9999,"15.1",-2.7754591040928025,4.458149882903982,-0.700445474270185,3.897616432578993
623211,"Brazobán, Huascar","R",1040,9999,"37.8",-2.0766759366683325,5.98975,-0.0005218029274646858,4.379768413290141
623352,"Hader, Josh","L",676,117,"31.8",2.1990966322021177,5.704526627218935,0.19203093654083475,4.461301553913658
623381,"Pannone, Thomas","L",56,158,"29.8",2.0553905786994884,5.449821428571429,0.16984266456582633,4.371775342182327
623437,"Topa, Justin","R",413,9999,"11.4",-2.829090709330052,4.942566585956416,-0.49437408208275607,4.470684354728023
623454,"Anderson, Drew","R",1769,116,"41.8",-1.8620182166573618,5.6765460712266815,-0.001721429622262599,4.01339839562116
623465,"Phillips, Evan","R",420,119,"26.6",-2.2089369055592836,5.472285714285714,-0.13617001061030473,4.435958653976742
623474,"Herget, Jimmy","R",946,115,"4.0",-2.9494804787889115,5.021057082452431,-0.6317255720681507,4.853110030129677
624133,"Suarez, Ranger","L",2384,111,"41.2",1.761669463109106,5.882479026845638,0.0532074206459582,4.387515755175621
624428,"Frazier, Adam","R",4,108,"44.1",-1.994316866634316,6.635,-0.4207556818181818,5.106332575757576
624431,"Trevino, Jose","R",49,113,"43.3",-1.8163484069292357,6.4504081632653065,-0.3902140237913347,5.101869033067772
624522,"Thompson, Keegan","R",195,115,"34.0",-1.8908059896887401,5.703948717948718,-0.023083657388363273,4.44661878650761
625643,"López, Reynaldo","R",1368,144,"40.9",-1.6848615209469868,5.702288011695907,-0.14441452157019108,4.368473754052392
628452,"Iglesias, Raisel","R",893,144,"29.9",-2.4397491422453403,5.412777155655095,-0.37483010401758177,4.224365628786382
628708,"Marte, Yunior","R",21,113,"27.7",-2.4232429934130106,5.410952380952381,-0.23308766233766234,4.259685985909515
640448,"Finnegan, Kyle","R",1062,116,"51.7",-0.982151109814435,5.651459510357816,0.37386786878421974,3.931818850854843
640451,"Harvey, Hunter","R",76,112,"43.3",-1.4009113342611643,5.791842105263158,0.2073602331363167,4.278805648982081
640454,"Krook, Matt","L",179,9999,"29.1",2.3860721512745235,6.026536312849162,0.25585874485904064,4.84038640446529
640455,"Manaea, Sean","L",2493,121,"15.5",3.2353798500985773,5.15674288006418,0.9510107713719627,4.5231750472088335
640902,"Pereda, Jhonny","R",2,136,"35.5",-2.291545441271301,5.545,-0.3758916666666666,4.186107575757576
641302,"Alexander, Tyler","L",1200,140,"33.8",2.1484613445623446,5.489658333333333,0.23777114757872847,4.208783081699346
641312,"Anderson, Shaun","R",344,108,"43.7",-1.6565346366900844,6.007238372093023,-0.15281267099863202,4.572581202845832
641329,"Baker, Bryan","R",969,139,"55.2",-1.1249894966502039,6.5531578947368425,0.3105768329810581,4.486550643569183
641386,"Bowden, Ben","L",40,133,"30.7",2.124920257957851,5.7605,-0.044849487522281635,4.472429523172906
641401,"Brogdon, Connor","R",281,114,"32.7",-2.0749980119667515,5.81288256227758,-0.09476570815967926,4.5416700782156925
641585,"France, J.P.","R",117,117,"41.1",-1.4585829258398704,5.421880341880342,0.028868645733351617,4.125042642869113
641656,"Hamilton, Ian","R",92,144,"37.5",-1.7838450040836602,5.821521739130435,0.031182913857242502,4.427543978144618
641743,"Kay, Anthony","L",2788,145,"34.6",1.936694449650971,5.734982065997131,0.05097398415542035,4.434194165630906
641745,"Keller, Brad","R",517,143,"48.9",-1.4042765013268772,6.321276595744681,0.16185583477280485,4.520580477318411
641755,"Kinley, Tyler","R",909,9999,"44.8",-1.466590141749733,6.44006600660066,0.15047307926871117,4.830976948283063
641778,"Lauer, Eric","L",1814,9999,"37.4",1.6711816560393076,6.0780705622932745,-0.25554134081917823,4.604934788002602
641793,"Littell, Zack","R",1956,9999,"39.4",-1.9545338953213605,6.112730061349693,-0.20834526895625324,4.678467549684868
641816,"Mahle, Tyler","R",2308,9999,"41.2",-1.8827191012505269,5.509904679376083,-0.22309325542096467,4.0586721292597705
641835,"Mayza, Tim","L",1085,143,"42.8",1.9261853015607806,6.237557603686636,0.16636948314809794,4.606128898937874
641927,"Ober, Bailey","R",2098,142,"28.2",-2.486683872583989,5.866253574833174,-0.3052473920922906,4.69447519826199
641941,"Pagán, Emilio","R",674,113,"40.5",-1.61697464727315,5.498323442136498,0.15144547014921425,3.9888833359780382
642048,"Saucedo, Tayler","L",343,108,"25.5",2.511540935278622,5.445714285714286,0.3028521748959324,4.389274271007104
642100,"Speier, Gabe","L",698,136,"28.8",2.0507563163824996,5.439269340974212,0.1314626084713646,4.384342794539019
642121,"Sulser, Cole","R",932,139,"42.5",-1.6668169773077435,5.717607296137339,-0.11639609344518143,4.295620749562017
642152,"Trivino III, Lou","R",144,9999,"36.3",-2.03541217253172,6.115972222222222,-0.13081564480590216,4.715660572019212
642207,"Williams, Devin","R",759,121,"18.4",-2.5041211338526734,5.223359683794467,-0.43931396433528497,4.539492829715429
642232,"Yarbrough, Ryan","L",1059,147,"16.7",3.1319373380884254,5.115297450424929,0.8958107139550816,4.44538941666288
642376,"Yan, Jefry","L",366,121,"50.6",1.422167220197334,6.027103825136612,-0.0047601441122897235,4.283897556812094
642397,"Soto, Gregory","L",1153,134,"33.5",2.2836064556813014,5.565255854293149,0.28505653777713874,4.239103330612384
642528,"Loáisiga, Jonathan","R",928,109,"41.5",-1.8146262370474118,5.377467672413793,-0.09719952699535928,3.855063325573176
642546,"Hernández, Jonathan","R",413,119,"29.2",-2.2509175802780867,5.573365617433414,-0.18525163276404552,4.420406031041076
642547,"Peralta, Freddy","R",2959,9999,"33.6",-2.3887178760715915,5.20438999662048,-0.46358898143914545,3.9229428819535435
642585,"Bautista, Félix","R",36,110,"64.0",-0.41525431451385175,6.897777777777778,0.6769924489998019,4.650572917904536
642701,"Santana, Dennis","R",929,9999,"30.3",-2.4404053956410494,5.6502260495156085,-0.3248262950213846,4.413237370987146
642759,"Fernández, Julian","R",71,120,"49.5",-1.1786967089416946,6.43112676056338,0.43709263513343877,4.536866693028044
643361,"Herget, Kevin","R",11,121,"45.0",-1.2722263836332084,6.03,0.2719237724842003,4.489927880408362
643377,"Jax, Griffin","R",1724,139,"43.0",-1.435426073140882,5.507906032482599,0.2264770258198196,3.9579124265894925
643410,"Leiter Jr., Mark","R",551,133,"46.4",-1.5423562576983987,5.798765880217786,-0.041776927543827294,4.225074209426388
643511,"Rogers, Tyler","R",1018,141,"-60.6",-2.8102875831960654,1.2620432220039293,-1.6617386886313732,3.2967759919488424
645261,"Alcantara, Sandy","R",3293,146,"33.1",-2.3413576727437793,5.898053446705132,-0.19161686075308018,4.493807869823798
645302,"Robles, Victor","R",22,136,"24.0",-2.532857497602753,6.193181818181818,-0.4634467185221196,5.271789466861125
646241,"De Jesus, Enmanuel","L",669,116,"43.5",1.8717549332076011,5.86932735426009,0.12586836699892623,4.2126122437777935
646242,"Díaz, Jhonathan","L",25,136,"27.2",2.2590748867358093,5.2568,0.3021860427807487,4.25107640285205
647315,"Pop, Zach","R",126,143,"30.6",-2.4204068995525154,5.688095238095238,-0.3488254229974818,4.466117479416009
647336,"Soroka, Michael","R",1836,109,"26.5",-2.407535515796245,5.519989106753813,-0.24473107084881884,4.441671099208152
650556,"Abreu, Bryan","R",1093,117,"42.1",-1.7327468947294733,5.666102470265325,0.01739914118853896,4.081117480140189
650633,"King, Michael","R",2875,135,"25.3",-2.3988401030640456,5.43304347826087,-0.34332784177323106,4.461178876943347
650644,"Civale, Aaron","R",1880,9999,"44.4",-1.3286463714330996,6.272276595744681,0.23294012074752532,4.742578778966132
650911,"Sánchez, Cristopher","L",3158,143,"31.3",2.131765770614704,6.06085497150095,0.1669335759901289,4.868098361854961
650960,"Duarte, Daniel","R",463,121,"38.7",-1.5443676965101194,5.654686825053996,0.10283288231059162,4.3335262832877115
655316,"Monasterio, Andruw","R",28,111,"58.4",-1.2116906730415358,6.982142857142857,-0.13333167812579577,5.239099729437229
655889,"Rodríguez, Manuel","R",138,139,"44.6",-1.643406356699378,5.447971014492754,-0.033596183704048155,3.857592723268491
656212,"Barnes, Charlie","L",201,9999,"22.9",2.2710368282990854,5.5335820895522385,0.19225754471847536,4.653331238637472
656222,"Beeks, Jalen","L",407,140,"45.1",1.9444949005875143,5.917616707616707,0.31408066654403555,4.28213704511512
656234,"Bird, Jake","R",666,9999,"18.7",-2.506263722237572,5.280645645645645,-0.34200493635346574,4.544943541402365
656240,"Blewett, Scott","R",584,9999,"43.5",-1.572962604948264,6.127140410958904,0.09124353069372207,4.548061575617171
656271,"Burke, Brock","L",1180,113,"43.2",1.8248448032820777,6.331474576271186,0.09250992900087616,4.698968021239312
656288,"Canning, Griffin","R",1544,135,"38.6",-1.7958789266411672,5.6136722797927465,-0.039988661993294726,4.213114738381221
656302,"Cease, Dylan","R",2893,141,"53.5",-1.3339129099321247,6.1523159350155545,-0.01187697537174063,4.368641565047601
656427,"Flaherty, Jack","R",1658,116,"28.3",-1.9700037728743836,5.358015681544029,-0.007507642844395137,4.302864834357912
656457,"Gilbert, Tyler","L",134,145,"10.9",3.194522782102955,4.767910447761194,0.859771747545694,4.319771943092027
656464,"Ginkel, Kevin","R",1088,109,"42.6",-1.634047546836516,6.51390625,0.153094563443693,4.869374191471374
656492,"Griffin, Foster","L",2832,9999,"44.7",1.6806349976902037,5.811564265536723,0.05847947706753478,4.205983880429419
656529,"Hentges, Sam","L",687,137,"37.1",1.9133288606124916,6.246186317321689,-0.040288844909407456,4.769440292470038
656546,"Hoffman, Jeff","R",1211,9999,"32.8",-2.1055024234367834,5.63391412056152,0.0006101132518167472,4.2735028842120135
656550,"Holmes, Grant","R",2382,144,"39.1",-1.9618977965333921,5.813467674223341,-0.2471651904659276,4.417957930018813
656557,"Houck, Tanner","R",50,111,"27.2",-2.288639764299862,5.8414,-0.08032101960784313,4.70426849197861
656605,"Keller, Mitch","R",1887,134,"35.3",-1.8293870112196389,5.68890832008479,-0.06368752180932112,4.437664176601893
656638,"Lange, Alex","R",1135,118,"40.7",-1.6526222181070096,5.8017621145374445,0.1429254152041273,4.253488397999168
656641,"Latz, Jacob","L",1128,140,"51.7",1.1095209596389821,6.000673758865248,-0.27733550697841997,4.225987818263992
656686,"Martin, Corbin","R",111,112,"42.8",-1.522220098004097,5.776576576576576,0.1292656902892197,4.245524696086461
656730,"Megill, Trevor","R",874,158,"54.2",-1.2152977246474612,6.5810068649885585,0.2617870083252773,4.531103441876023
656756,"Montgomery, Jordan","L",414,140,"46.6",1.5207170425883865,6.479444444444445,-0.1471511872777218,4.718508802001257
656786,"Mushinski, Parker","L",139,115,"41.6",1.7794806596215509,5.597194244604316,0.17075286615627283,4.164930647994973
656794,"Newcomb, Sean","L",1472,145,"25.8",2.6155917514024516,5.7818682065217395,0.31515950475422383,4.669474614067465
656848,"Petersen, Michael","R",1129,146,"51.5",-1.1299362631887815,6.587156775907883,0.391822161883515,4.671198094238903
656849,"Peterson, David","L",2476,9999,"40.0",1.8195358575445553,6.096611470113086,-0.07582624464016771,4.504294945271397
656876,"Rasmussen, Drew","R",2596,139,"52.4",-1.231808221446401,5.852519260400617,0.15320983135304828,4.0497603628851735
656945,"Scott, Tanner","L",963,119,"33.6",2.3144688026009703,5.172284527518173,0.4743592419522326,3.950175380708311
656986,"Sousa, Bennett","L",533,117,"57.8",1.007059011870737,6.436735459662289,-0.22921768919745963,4.468827211358703
657044,"Thompson, Ryan","R",648,109,"-12.2",-3.3306844156838826,3.5189351851851853,-0.8932181998360511,4.047240131984331
657097,"Webb, Jacob","R",1139,112,"32.7",-2.2793139458745295,5.509525899912203,-0.3565856545363776,4.275620244092529
657265,"Strzelecki, Peter","R",251,138,"20.7",-2.669585104702224,4.923545816733068,-0.684697724609583,4.174423449162353
657277,"Webb, Logan","R",2487,137,"20.8",-2.6991163879075266,4.882866907921191,-0.5411151152122947,4.061790090216004
657376,"Schmidt, Clarke","R",24,147,"38.0",-1.732966355129703,5.829583333333333,0.1288548128342246,4.375832219251337
657424,"Gage, Matt","L",526,137,"49.0",1.6114474575609956,6.422642585551331,0.04888023525345153,4.6206945920850195
657514,"Bernardino, Brennan","L",1001,115,"12.3",2.551674515404267,4.800759240759241,0.34219780843042874,4.3209176680716785
657571,"Ferguson, Caleb","L",586,9999,"39.0",1.8137436391247856,5.6225085324232085,-0.07395873060052441,4.092542513368984
657612,"Hill, Tim","L",815,147,"-22.1",3.162114248462211,3.116871165644172,0.9377467115033409,4.02097055695898
657649,"Koenig, Jared","L",161,158,"32.4",2.421706292338262,5.876832298136646,0.47827118831722415,4.639788899037876
657746,"Ryan, Joe","R",2440,142,"23.5",-2.0934944708215553,4.729049180327869,0.011503018249028373,3.812966525196517
657756,"Seabold, Connor","R",476,9999,"32.6",-2.2332589058837513,5.311302521008403,-0.4383672720157582,4.165783556336973
660271,"Ohtani, Shohei","R",1335,119,"33.7",-2.0849244636226687,5.654816479400749,-0.17932504890277529,4.386170387683844
660604,"Rangel, Alan","R",491,143,"69.9",-0.35430141291551714,6.205193482688391,0.48687290026175256,3.8972128679874096
660710,"Durán, Rodolfo","R",1,135,"22.4",-2.3299492565729034,5.4,-0.33574545454545457,4.582972727272727
660761,"Suarez, José","L",1031,9999,"41.2",1.8341142845659866,5.7411736178467505,0.2106005510113401,4.320418889125176
660787,"De los Santos, Yerry","R",358,147,"25.8",-2.2358372750213467,5.7320111731843575,-0.14920632350451607,4.721074737101545
660825,"Bazardo, Eduard","R",1133,136,"42.8",-1.5734096929650092,5.8063459841129745,0.1399750425966744,4.218947501860409
660853,"De Los Santos, Enyel","R",1153,117,"24.7",-2.5224734439063634,5.4077189939288814,-0.36354526856236463,4.4137334192133055
661395,"Duran, Jhoan","R",938,143,"38.2",-1.9652899310066512,6.180031982942431,-0.019910170309643534,4.6499837268964574
661527,"Martinez, Seth","R",22,111,"4.4",-2.622125202024902,4.125,-0.4945141954302382,3.961019948144547
661563,"Gil, Luis","R",495,147,"35.9",-1.99656278086754,5.697191919191919,-0.09067299789337223,4.31436083328832
662144,"Keller, Brian","R",39,143,"35.9",-1.8938629402697549,5.875128205128205,-0.09808795648795648,4.5727687919923214
662253,"Muñoz, Andrés","R",953,136,"29.9",-1.937785376239408,5.414648478488982,-0.06969183037709982,4.343139803098574
663158,"Suarez, Robert","R",487,144,"43.1",-1.4548542103981998,6.116960985626283,0.25332074873630617,4.519264870775639
663362,"Waldron, Matt","R",690,9999,"29.6",-2.417749499586202,5.498840579710145,-0.4584959838797179,4.387721112402801
663372,"Feltner, Ryan","R",2049,115,"44.0",-1.6516235761202944,5.530878477306003,-0.022297364872565114,3.9554584949921225
663423,"Thornton, Trent","R",708,112,"45.3",-1.6142851359708674,5.497471751412429,-0.03933428162482251,3.904334995770265
663432,"Rainey, Tanner","R",127,116,"42.3",-1.8942936793290337,6.09267716535433,-0.14389627282552248,4.501048580992884
663436,"Martin, Davis","R",2317,145,"35.7",-2.168574457162704,5.83639188605956,-0.27427057073309963,4.475609538772939
663460,"Bubic, Kris","L",882,9999,"38.2",1.9759281252468266,5.613163265306122,0.18248456392658075,4.200029658327978
663465,"Allard, Kolby","L",177,114,"45.4",1.710033337093323,5.362485875706215,0.2000516888727756,3.826449139953876
663485,"Sands, Cole","R",209,142,"25.6",-2.3389510964763036,5.642200956937799,-0.2273722202321555,4.627637973031753
663542,"Hudson, Bryan","L",1056,145,"11.8",2.9279625603791035,5.029782196969697,0.42966998975382165,4.509411252143764
663554,"Mize, Casey","R",2080,9999,"43.7",-1.6851689176869684,5.805033653846154,-0.10261867205710955,4.295992339272248
663556,"McClanahan, Shane","L",1830,139,"39.5",1.7292640395854044,6.198065573770492,0.03662995563153229,4.801919694437139
663558,"Morán, Jovani","L",1061,111,"46.5",1.6162061540108523,5.789198868991518,0.1414784279284501,4.2372502541913
663559,"Falter, Bailey","L",217,9999,"54.4",0.8851175569394446,5.7700460829493085,-0.33853929084830414,4.057034685839145
663567,"Lambert, Peter","R",2642,117,"48.6",-1.459852279611687,6.031998485995458,0.05980738367330966,4.305685529753158
663568,"Kolek, Stephen","R",837,118,"34.3",-2.1109042635431194,5.408446833930705,-0.1329232312583989,4.060232888765368
663574,"Santillan, Tony","R",698,113,"25.5",-2.1508439971428435,5.290458452722063,-0.05113593460306759,4.290757765885724
663623,"Irvin, Jake","R",1939,120,"26.7",-2.2336447398984536,5.4408922124806605,-0.17540652338388588,4.403577820218997
663687,"Harris, Hogan","L",1333,133,"55.7",1.2018418984841717,6.023855963990997,-0.10150375922857718,4.106847088911265
663738,"Lynch IV, Daniel","L",1300,118,"40.0",1.572341139275365,6.015592307692308,-0.21743347970656793,4.511613605786371
663765,"Woodford, Jake","R",485,9999,"25.0",-2.5205714373372934,4.959134020618556,-0.4309339316757631,3.9853369748424208
663767,"Shugart, Chase","R",867,143,"38.2",-1.9145629875056631,5.443148788927336,-0.2646289376566397,4.145898681913785
663776,"Sandoval, Patrick","L",1219,111,"50.2",1.2442788820029058,5.903281378178835,-0.13234298612725723,4.254351648731683
663795,"Hagenman, Justin","R",132,121,"21.1",-2.553559524766144,5.203106060606061,-0.5878396079781775,4.445320974450386
663855,"Hicks, Jordan","R",881,145,"36.5",-2.123087025101013,5.915312145289444,-0.24147440965035277,4.52632452953114
663878,"Pearson, Nate","R",772,9999,"43.6",-1.7124346590189365,5.703588082901555,0.04585659167105372,4.030226896248372
663884,"Kingham, Nolan","R",22,140,"33.0",-2.3081877825995543,5.842272727272728,-0.2335080335439961,4.4930895114244045
663893,"Little, Brendon","L",552,141,"38.9",1.9922665204576877,6.22215579710145,0.19334782640987885,4.7704999509158075
663903,"Singer, Brady","R",2801,113,"22.9",-2.1403184370045754,5.096758300606926,-0.21293643844412583,4.280937316695527
663941,"Beck, Tristan","R",313,137,"39.1",-1.9543711885484627,5.856485623003195,-0.13255240897985682,4.379275488202833
663947,"Holton, Tyler","L",1130,116,"38.6",1.9396223640243322,5.821610619469027,0.1555675507548152,4.398190022873188
663969,"Phillips, Tyler","R",2037,146,"32.9",-1.9634476213722545,6.076043200785469,0.06884505997338018,4.76220051892047
663978,"Paddack, Chris","R",1015,9999,"46.3",-1.597926322990558,6.101192118226601,0.07602121580920769,4.348980365814037
663992,"Lovelady, Richard","L",640,9999,"20.0",2.5610336499393203,5.302296875,0.6343064859068628,4.602483547515598
664062,"Gonsolin, Tony","R",63,118,"43.3",-1.702288752456546,6.366825396825397,-0.042529519282460446,4.800513146874912
664074,"Ponce, Cody","R",47,141,"44.1",-1.8986913758047386,6.4980851063829785,-0.13004081237911025,4.786225666552888
664076,"Cleavinger, Garrett","L",734,139,"30.5",2.187596401569797,5.168950953678474,0.23273009952061083,4.018958553721216
664126,"Fairbanks, Pete","R",766,146,"55.0",-1.0654826375304856,6.923825065274151,0.37601312952904875,4.86398644031313
664129,"Hartlieb, Geoff","R",434,133,"42.1",-1.8045372358148402,6.232350230414746,0.029595530528927105,4.57370995198666
664141,"Brubaker, JT","R",999,137,"45.6",-1.531733481242161,6.233103103103103,0.20515735227205814,4.45474678912424
664192,"Lucchesi, Joey","L",111,108,"45.2",1.833353020211628,5.953783783783784,0.1606194898106663,4.26745383725972
664199,"Clarke, Taylor","R",1055,109,"43.6",-1.6391396083157526,5.999545023696682,0.11064870137111288,4.329282974799571
664208,"Maton, Phil","R",546,112,"25.0",-2.312620062771785,5.095641025641026,-0.24913607617872324,4.134092717576541
664238,"Moore, Dylan","R",3,143,"37.9",-2.171141062678653,6.773333333333333,-0.3420941176470589,5.351194444444444
664285,"Valdez, Framber","L",2756,116,"42.7",1.7730342848452874,5.935043541364296,0.18639654851253076,4.467563434438295
664299,"Javier, Cristian","R",1108,117,"35.0",-2.104814270502931,5.5321028880866425,-0.1438221012953918,4.156712638918384
664353,"Urquidy, José","R",607,9999,"46.3",-1.867550210351806,5.934728171334432,-0.3580139900800818,4.350979090204301
664702,"Straw, Myles","R",11,141,"49.3",-1.4440487524735124,6.820909090909091,-0.16535687084751255,5.297696443040026
664731,"Higgins, P.J.","R",10,113,"29.2",-2.529554100896961,6.351,-0.5989136185383244,5.270266096256685
664744,"Espada, Jose","R",15,110,"47.2",-1.5746129497303625,6.142666666666667,-0.0013935591206179342,4.4426474688057045
664849,"Young, Danny","L",265,144,"14.9",2.662901315049443,4.908226415094339,0.4061314747923183,4.307596449399657
664854,"Helsley, Ryan","R",268,110,"60.9",-1.026660937633962,6.105895522388059,0.12934358621331846,4.030729249474552
664875,"Lawrence, Justin","R",684,9999,"2.7",-3.0427121240903277,4.3510526315789475,-0.6217117309576675,4.236693960502861
664991,"Wolfram, Grant","L",901,110,"40.6",2.041756771224986,6.142785793562708,0.08118541519523761,4.459648614037483
665152,"Kremer, Dean","R",1465,9999,"45.3",-1.5464116642444432,6.203740614334471,0.04852010366666058,4.589835222147189
665622,"Medina, Luis","R",1270,133,"39.5",-1.9565374626543746,6.089086614173229,-0.10089634440748382,4.557404639353236
665645,"Castro, Kervin","R",94,147,"62.6",-1.0277505144488308,5.81595744680851,-0.0017240186596882443,3.8345410370918196
665660,"Alvarado, Elvis","R",951,133,"22.1",-2.604483562471752,5.77627760252366,-0.2546299901970156,4.820547268753597
665665,"Sanmartin, Reiver","L",345,137,"21.9",2.502937718491675,5.237652173913044,0.4797245849802372,4.424530689762071
665795,"Cabrera, Edward","R",1353,112,"33.4",-2.223911794968179,5.938750923872875,-0.15137469932137337,4.574137561805613
665871,"Assad, Javier","R",1506,112,"51.2",-1.2090432449866093,5.888824701195219,0.17812602347591217,4.164548242206457
666129,"Garrett, Braxton","L",199,9999,"37.7",1.9753422030082775,5.638341708542714,0.15196145074749864,4.228736806581929
666142,"Ragans, Cole","L",637,118,"42.1",1.75935888092497,6.283500784929356,-0.0035183690259320546,4.6913906785091655
666157,"Lodolo, Nick","L",1899,113,"14.3",2.9942559013357664,5.330821484992101,0.5754174384867164,4.715721281019469
666171,"Zeferjahn, Ryan","R",1269,9999,"35.9",-1.982598299408732,5.644373522458629,-0.15305330716425836,4.322702722047341
666200,"Luzardo, Jesús","L",2857,143,"29.1",2.358771112737944,5.6519600980049,0.35425131534205945,4.5351904784321215
666201,"Manoah, Alek","R",161,108,"45.2",-2.098343193417196,6.034285714285715,-0.2630369969331606,4.187146411133623
666277,"Soriano, George","R",1142,138,"34.3",-1.9185939003816077,5.572977232924694,0.015065831358813222,4.254129866372596
666374,"Brash, Matt","R",262,136,"30.6",-2.005331071063483,5.2221374045801525,0.10753173279721324,3.9715374130845955
666619,"Santos, Gregory","R",86,137,"28.9",-2.2656383638215,5.726627906976744,-0.07568273224723292,4.515618270944741
666661,"Morillo, Juan","R",1020,109,"46.9",-1.5912090926361038,5.753333333333333,0.0813180443710461,3.9627408411974416
666711,"Peguero, Joel","R",169,137,"44.6",-1.6786799671841541,6.042130177514793,0.072923440285205,4.309057652754485
666745,"Brito, Jhony","R",123,135,"51.4",-1.1371348413156963,6.128536585365854,0.4257503840412736,4.168294055330928
666808,"Doval, Camilo","R",1025,9999,"19.2",-2.217925149473682,5.4371024390243905,0.014625909830007399,4.658123532368158
666974,"Cano, Yennier","R",790,110,"16.8",-2.9670087174000757,5.477936708860759,-0.5248296309709154,4.7376208967937
667297,"Nance, Tommy","R",965,9999,"45.7",-1.6915783355968015,6.338020725388601,0.01907318509693091,4.585777816168389
667463,"King, John","L",714,146,"26.3",2.483599260993128,5.504859943977591,0.4880376273860703,4.517590109448414
667652,"Ralston, Jack","R",311,146,"62.5",-0.6640373992614804,7.0569774919614146,0.5323457018644933,4.7576660952249945
667755,"Soriano, José","R",2916,9999,"34.7",-2.2246922092353687,5.76119341563786,-0.2985676801909191,4.428666788405723
668390,"Winn, Cole","R",787,140,"39.6",-2.0190850815083397,5.466810673443456,-0.23320608404849752,3.988061936956832
668670,"Rogers, Jake","R",1,116,"24.8",-2.087906798619656,5.37,-0.49288030303030306,4.630215151515152
668674,"Erceg, Lucas","R",901,118,"42.7",-1.6078839931462638,5.956659267480577,0.11531268940630435,4.366259654355133
668678,"Gallen, Zac","R",1730,109,"43.6",-1.323498792400724,5.968040462427746,0.23329634988099285,4.487199587390395
668716,"Murdock, Noah","R",64,134,"26.0",-2.282098599660173,5.3515625,-0.09704063057040997,4.284002130681818
668820,"Kranick, Max","R",340,120,"40.4",-1.6354581135576298,5.804058823529412,-0.04008963484324212,4.448049610464507
668831,"Stallings, Garrett","R",194,158,"40.4",-1.8366015403382248,5.279690721649485,-0.17484257263355202,3.869762910946947
668834,"McGee, Easton","R",184,9999,"24.8",-2.2560665179467785,5.56820652173913,-0.08490562562969853,4.56352560887003
668873,"Kilian, Caleb","R",782,9999,"46.5",-1.5124213952511982,5.9357289002557545,0.03514014786802886,4.303614726397418
668881,"Greene, Hunter","R",456,113,"40.2",-1.8790938912331374,6.090570175438597,-0.09925882333395879,4.586108498686556
668909,"Williams, Gavin","R",2960,114,"33.3",-2.1858900638249876,5.915091216216216,-0.21550914191598014,4.620682040576673
668933,"Ashcraft, Graham","R",611,113,"54.9",-1.125478845082179,6.415891980360065,0.2473784474182472,4.460716478056779
668941,"Romero, JoJo","L",922,9999,"28.8",2.165314884405458,5.263861171366594,0.17286896626724046,4.167661730002591
668942,"Rojas, Josh","R",6,118,"29.8",-2.177474476999521,6.001666666666667,-0.25199982174688057,4.900708689839572
668964,"Myers, Tobias","R",836,121,"63.7",-0.6867782118000921,5.945992822966507,0.30811071395065204,3.931922130998985
668970,"Hollowell, Gavin","R",259,112,"9.7",-3.0407865880088782,5.231467181467181,-0.6367053771877301,4.820080438268674
668984,"Legumina, Casey","R",1118,9999,"15.1",-2.4450809214853364,4.487415026833632,-0.3734779020341264,3.929060334615225
669020,"Rolison, Ryan","L",990,112,"47.8",1.496356650595234,5.9198686868686865,-0.002942810007382196,4.268547943157061
669022,"Gore, MacKenzie","L",2952,140,"47.2",1.6340337164930532,5.643777100271003,0.09262281184030646,3.9817464006395857
669060,"Wilson, Bryse","R",535,9999,"43.0",-1.9509647380983852,5.875682242990655,-0.253131650923751,4.292531168640778
669062,"Miller, Erik","L",969,9999,"39.3",1.9548734894744462,6.462641898864809,0.04047069732105244,4.894080711596018
669084,"Hall, DL","L",980,158,"43.3",1.6867917414872626,5.491316326530613,0.07369530994215867,3.972206485321401
669093,"Estrada, Jeremiah","R",512,135,"69.7",-0.4369787738922952,5.801796875,0.35284132652350714,3.650606199344084
669145,"Zimmermann, Bruce","L",72,138,"42.1",1.7312401674010485,5.934583333333333,-0.035516001931075465,4.338918561843929
669160,"May, Dustin","R",2398,9999,"34.5",-2.067836059585437,5.468102585487906,-0.1270331187308497,4.130933681885826
669165,"Hurt, Kyle","R",742,119,"44.5",-1.5478347916648525,5.689824797843666,0.06768974732259972,4.102245991106563
669169,"Heasley, Jonathan","R",64,139,"52.6",-1.2827597087469451,5.9221875,0.1361242549576649,4.067246731561943
669194,"Nelson, Ryne","R",1281,109,"54.6",-1.0302879492069434,6.276775956284153,0.26295921266668615,4.454457905755447
669199,"Bachar, Lake","R",1448,9999,"40.2",-1.8095949132665003,5.862272099447514,0.020180463371938427,4.315689041557105
669203,"Burnes, Corbin","R",198,109,"36.9",-1.7931064904402574,5.66919191919192,-0.00888900367309456,4.331023331802878
669211,"Akin, Keegan","L",443,110,"39.2",1.864105086708412,5.8618735891647855,0.09418471690748945,4.414905765261163
669212,"Morgan, Eli","R",339,118,"49.6",-1.018535883009097,5.832477876106195,0.44466087975013013,4.11576275850646
669270,"Kuhnel, Joel","R",748,9999,"38.3",-2.089632350979355,6.346430481283423,-0.14198571365590473,4.806471442920873
669276,"Lee, Dylan","L",1033,144,"47.4",1.411860987392725,6.532642787996128,-0.14197954230534948,4.84008276397596
669298,"Shook, TJ","R",134,115,"32.2",-1.9980415184771334,5.571791044776119,-0.10145763894431585,4.374831707771304
669302,"Gilbert, Logan","R",2981,136,"42.4",-1.6109652338742082,6.009778597785978,0.15300904062030413,4.397956294888423
669310,"Van Eyk, CJ","R",225,141,"31.6",-2.2154701513981943,5.270088888888889,-0.21316681164587048,4.038824124381065
669330,"Wells, Tyler","R",1064,9999,"52.5",-1.3586127070731748,7.031842105263158,0.19623470826129497,5.007527858834922
669358,"Baz, Shane","R",2909,110,"37.4",-1.7999947784543517,5.7700515641113785,0.03598134564866917,4.366702635468388
669371,"Henry, Cole","R",282,120,"21.6",-2.7566916311726053,5.331099290780142,-0.4617803823592622,4.421031867485873
669372,"Ginn, J.T.","R",2185,133,"41.7",-1.802273408515927,5.55441647597254,-0.0740423874904653,4.012174887806589
669373,"Skubal, Tarik","L",2356,9999,"47.6",1.9015512117246782,6.167516977928693,0.2184635353585793,4.3252470792893485
669387,"Mlodzinski, Carmen","R",2080,134,"30.7",-2.082532353510026,5.258216346153846,-0.13307813455539558,4.100302797159948
669432,"Rogers, Trevor","L",2662,110,"22.4",2.391382560654477,5.758046581517656,0.1526492462410823,4.83449418420739
669438,"Englert, Mason","R",663,139,"41.7",-2.055788045678793,5.958778280542987,-0.2886644241187494,4.3835862399615
669456,"Bieber, Shane","R",930,141,"38.5",-1.6567694075472104,5.586913978494624,0.05017442594828743,4.2268131385007575
669461,"Liberatore, Matthew","L",2593,138,"46.5",1.5785362804209364,6.541608175858079,-0.0332608292722832,4.846302550229502
669467,"Pallante, Andre","R",2627,138,"56.2",-1.5111218971806977,5.955907879710697,-0.26133325655624745,4.092592121408899
669620,"Basso, Brady","L",696,133,"49.4",1.5457930754453382,6.448304597701149,-0.0003325524514926045,4.644335322802057
669622,"Bender, Anthony","R",539,146,"15.3",-2.538233495471449,5.432411873840445,-0.32155440225677046,4.82846667013913
669684,"Murphy, Chris","L",614,145,"38.7",1.8360973202321418,5.30928338762215,0.1390649691976287,3.9518090025083175
669704,"Strowd, Kade","R",59,109,"43.4",-1.7281615973429922,5.697627118644068,-0.22031177074836097,4.271096401703979
669711,"Weissert, Greg","R",991,111,"12.8",-2.8514928390169807,4.821392532795157,-0.586117912999527,4.30610413849422
669713,"Wesneski, Hayden","R",898,117,"46.6",-1.6363450656325367,6.052260579064588,0.008513011187467496,4.311674725970566
669724,"Hanifee, Brenan","R",321,116,"31.0",-2.648098418603633,5.467476635514019,-0.5820131196517123,4.226887619182479
669854,"Blanco, Ronel","R",570,117,"47.6",-1.4717073762548778,6.051105263157894,0.048622407198924224,4.387835224067298
669920,"Alexander, Jason","R",298,117,"23.5",-2.269352222011586,5.561174496644295,-0.14761943258084198,4.6398818026295325
669923,"Kirby, George","R",2744,136,"33.8",-1.858123447792665,5.761570699708455,0.1633380530783742,4.40603338017025
669947,"Scholtens, Jesse","R",773,139,"40.3",-1.8577450944084712,5.786157826649418,-0.04261201098574205,4.243816829008447
670036,"Festa, Matt","R",1101,114,"33.6",-1.9383002144456447,5.110272479564033,-0.2162862892428047,3.9639024033409913
670059,"Holderman, Colin","R",857,114,"24.0",-2.55060930424262,5.403488914819136,-0.3982248655821722,4.447179912308617
670062,"Garcia, Julian","R",708,113,"52.0",-1.0739015875845002,5.953036723163842,0.29805341588869755,4.195722175141243
670090,"Mills, Wyatt","R",149,119,"-6.2",-3.045451746415006,3.375771812080537,-0.7432222900142363,3.626365854358827
670103,"Burgos, Raymond","L",292,111,"28.5",2.0382551541571585,5.662602739726028,-0.15332369179303104,4.472900790235148
670167,"Schreiber, John","R",997,9999,"9.0",-2.903983869227324,4.532988966900702,-0.6447637484646452,4.173821243051794
670183,"Acton, Garrett","R",203,142,"43.9",-1.6283370208391958,6.009655172413793,0.04563080134875266,4.395950817944732
670245,"Watson, Ryan","R",1138,9999,"35.9",-1.9473110668371976,5.530026362038664,-0.09974291255885642,4.189597594522711
670280,"Bednar, David","R",1154,147,"39.7",-1.6642975010294223,5.923448873483536,0.007468366790547948,4.536357062468914
670329,"Garcia, Rico","R",997,110,"47.4",-1.523691481769559,5.91641925777332,0.02347033864516902,4.235257476618805
670871,"Zuñiga, Guillo","R",18,121,"28.3",-2.5346688043685273,5.872777777777777,-0.4076589918795801,4.72871559714795
670912,"Oviedo, Johan","R",72,111,"23.5",-2.390501010113273,5.457638888888889,-0.35275493414537534,4.575184690037632
670950,"Richards, Trevor","R",1302,9999,"52.8",-1.0847688380795504,6.293310291858679,0.3340242379747598,4.427827872859799
670970,"Morejon, Adrian","L",1289,135,"41.2",1.8731309513150889,5.918339798293251,0.17876152615923302,4.436742113924348
670990,"Ramírez, Yohan","R",1410,134,"26.2",-2.447960945335272,5.198361702127659,-0.42402520714023845,4.2046352203511965
671096,"Abbott, Andrew","L",2854,113,"50.6",1.5531008605235002,6.020714786264891,0.14999046901680976,4.308587867701709
671106,"Allen, Logan","L",325,114,"26.1",2.0534114953210887,4.966523076923077,0.10251634032634033,4.009357900178253
671109,"Eder, Jake","L",56,119,"37.9",2.0860983797802457,5.8575,0.25973444104914695,4.440197891201935
671111,"Peralta, Sammy","L",400,9999,"14.9",2.7051960502343353,4.6515,0.5827372446524064,4.088908616532977
671131,"Rutledge, Jackson","R",44,120,"41.2",-1.903733573214042,6.131818181818182,-0.1278428070815103,4.578228816237239
671162,"Thomas, Connor","L",418,9999,"30.6",2.2180187855902087,5.081842105263158,0.3011576318348131,3.944795382263388
671212,"Boyle, Joe","R",340,139,"29.2",-2.187561031552287,5.663882352941177,-0.07017055573031351,4.479728603334382
671345,"Foley, Jason","R",448,137,"26.0",-2.506308358751716,5.516473214285714,-0.27356960645053474,4.4289848224232875
671382,"Foster, Cameron","R",189,110,"48.5",-1.424859489973647,6.192433862433862,0.2405777669316885,4.309502854879326
671737,"Bradley, Taj","R",2906,142,"55.7",-1.3019582148489515,6.150736407432897,-0.0024594912732032676,4.242855875145528
671922,"Smith, Cade","R",1226,114,"38.5",-1.9281626120644602,5.677137030995106,-0.037991369844690065,4.17093631696487
671936,"Macko, Adam","L",577,9999,"43.8",1.53884043810622,5.6496707105719235,-0.0933475991436436,4.081679373611742
672021,"Cerantola, Eric","R",122,118,"43.0",-1.5986164430602723,6.432131147540984,0.15112409193185472,4.8035552745390255
672282,"Detmers, Reid","L",2951,108,"41.3",1.6217650570455715,6.0170010166045405,-0.04938270929640455,4.547122718453698
672335,"Pérez, Cionel","L",781,9999,"35.1",2.058211728115531,5.5178233034571065,0.22504902291728004,4.23180174749681
672442,"Cruz, Yovanny","R",256,9999,"31.6",-2.246170365848418,6.00234375,-0.15377798469529858,4.715758010945856
672456,"Montero, Keider","R",2303,116,"42.4",-1.571006841169803,5.832535822839774,0.10339410773980771,4.302187161595779
672578,"Hernández, Carlos","R",51,114,"36.8",-1.691650690149583,5.785882352941177,0.29579801300199227,4.30104675124952
672582,"Zerpa, Angel","L",216,158,"25.2",2.2268440705168735,5.1147685185185185,0.25880142189872585,4.1880922397999605
672629,"Carrillo, Gerardo","R",316,109,"34.5",-2.1576418828897674,5.309208860759494,-0.30575542036147024,4.033627889562039
672782,"Gómez, Yoendrys","R",1123,9999,"30.8",-2.0182925924861954,5.365520926090828,-0.002357399171115055,4.161153923711474
672841,"Vargas, Carlos","R",282,136,"36.9",-1.9901020734113566,5.934751773049645,-0.16401543880608338,4.562627862479615
673380,"Núñez, Dedniel","R",213,121,"36.8",-1.8376832875322442,5.413521126760563,-0.002345699748102403,4.039208182069243
673513,"Matsui, Yuki","L",1086,135,"54.2",1.2880503696142394,6.090690607734807,0.07597138815847786,4.409092519852408
673540,"Senga, Kodai","R",1129,121,"47.1",-1.462948660774839,5.973418954827281,0.08949293981865232,4.3014470341933375
673929,"Leasure, Jordan","R",299,145,"53.8",-1.102113379932602,5.915585284280937,0.22454349554963365,4.0996466337583986
674003,"Bradford, Cody","L",719,140,"52.4",1.1842951645471138,6.220194714881781,-0.27086831544604184,4.326347380621233
674073,"Weisenburger, Jack","R",205,121,"41.1",-1.655780372374118,5.687463414634147,0.05285298856571453,4.194820718229642
674370,"Bido, Osvaldo","R",317,9999,"32.6",-2.1194208502524674,5.881829652996846,-0.08391716571916981,4.579655319196792
674444,"Cruz, Steven","R",930,118,"27.7",-2.657829784897512,5.489258064516129,-0.5088604456327985,4.360874192973377
674841,"Alvarez, Andrew","L",1856,120,"46.6",1.702156496001478,6.4025,0.04329297057478947,4.6465841869986635
675512,"Melton, Troy","R",1773,116,"38.6",-1.707938147261215,5.616756909193457,0.06358767806461148,4.203788986360068
675540,"Curry, Xzavion","R",348,121,"55.8",-1.1309224437537757,6.110431034482759,0.13760804341590346,4.241529688108263
675627,"Grove, Michael","R",89,139,"54.0",-1.0151478244263947,5.983370786516854,0.21228205351599272,4.293743612930361
675660,"Drohan, Shane","L",1918,158,"32.9",2.2978609335949236,5.458289885297185,0.2688591522010264,4.146028951587271
675848,"Mejia, Juan","R",1303,115,"35.2",-2.2648034779851605,5.879102072141213,-0.31160120529478796,4.500142914062297
675911,"Strider, Spencer","R",691,144,"45.1",-1.5538041572921626,5.806483357452967,-0.044620308602325284,4.289863058653273
675916,"Karinchak, James","R",162,144,"54.4",-1.0072821973630879,6.450246913580247,0.36618438634713146,4.526101149842653
675919,"Raquet, Nick","L",75,110,"45.7",1.547906520820494,5.776666666666666,0.001479513963161023,4.193410806892454
675920,"Lonsway, Seth","L",40,137,"35.0",2.24790315691951,5.77825,0.24273778743315508,4.374613990641711
675989,"Bolton, Cody","R",391,117,"36.8",-1.8111686266565672,5.636751918158568,0.06863725193867362,4.231963965972346
676051,"Heuer, Codi","R",189,114,"27.3",-2.3513943068732184,5.5685714285714285,-0.27952051938620565,4.500928534646182
676083,"Junk, Janson","R",1981,146,"45.8",-1.4661151578136054,5.660489651691065,0.051152888492370936,4.097386482996668
676105,"Criswell, Jeff","R",79,115,"33.6",-1.9718807406571635,5.569493670886076,0.07459789142354295,4.20713597441278
676106,"Hancock, Emerson","R",2171,136,"11.3",-2.9186877692647335,5.036826347305389,-0.6191076317131267,4.577609280041316
676130,"Buttó, José","R",63,137,"38.0",-2.0111035802644013,5.4117460317460315,-0.08341532693885635,3.901550357920946
676254,"Walker, Ryan","R",598,137,"16.6",-2.8692340613952196,4.991739130434783,-0.5849703497695825,4.312435114076035
676263,"Dreyer, Jack","L",1037,119,"58.6",0.8673418971941113,6.00046287367406,-0.29050607177911053,4.1037749733136
676272,"Miller, Bobby","R",142,119,"43.5",-1.5183621635391444,6.139788732394366,0.20694221272375787,4.501296366523562
676282,"Cantillo, Joey","L",2747,114,"50.2",1.257970588498577,5.890283946123043,-0.18582281620461666,4.152281289684355
676395,"Garcia, Robert","L",287,140,"25.5",2.450146374410484,5.681602787456446,0.33044854913140426,4.669270300359612
676428,"Hurter, Brant","L",507,116,"29.5",2.656923250290928,5.928224852071006,0.4114904984407247,4.655759417003308
676440,"Bibee, Tanner","R",2968,114,"54.7",-1.1676283931991196,6.259117250673855,0.08145602445094675,4.495063854405399
676454,"Cellucci, Brendan","L",112,141,"39.6",1.8419920210649805,5.538482142857143,-0.014386626241405652,4.002920804685511
676467,"Gordon, Colton","L",270,9999,"30.7",2.2876718855047047,5.539962962962963,0.2590974001452433,4.335001729055258
676477,"Whitlock, Garrett","R",743,111,"42.9",-1.6854305090833195,5.958048452220726,-0.07184915095856034,4.459176289936016
676508,"Casparius, Ben","R",99,119,"49.2",-1.2890631659775533,6.164343434343435,0.19129405822935236,4.449627521201318
676510,"Hoffman, Nolan","R",229,9999,"-0.7",-3.024873994195762,3.7531877729257643,-0.6411522709758775,3.782746793779044
676534,"Faucher, Calvin","R",1166,146,"41.2",-1.9177400519347012,5.623807890222984,-0.240637660481314,4.154090205403852
676568,"Vanasco, Ricky","R",170,116,"41.3",-1.5627688557998598,5.586941176470588,0.24925548495333963,3.9919302610883927
676571,"Poulin, PJ","L",633,120,"14.7",2.662376906812061,4.359778830963665,0.5017481811423407,3.791332041772619
676596,"Fleming, Josh","L",77,141,"29.7",2.293200341464288,5.34038961038961,0.2233139743500706,4.160624587355604
676604,"Zuber, Tyler","R",694,146,"30.1",-2.008215067962719,4.977463976945245,-0.2009410019417775,3.931639554341517
676617,"O'Brien, Riley","R",1063,138,"30.7",-2.2073685434076045,5.571589840075259,-0.14560619224171323,4.3455646879396586
676620,"Weiman, Blake","L",284,108,"33.5",1.9744610367079107,5.625176056338028,0.04647763237177074,4.349354865243153
676661,"Lazar, Max","R",156,143,"55.7",-0.9223692888220066,5.970448717948718,0.38130954682572327,4.056394709538827
676664,"Sears, JP","L",529,135,"26.0",2.142026756022511,4.845992438563327,0.21131059915287648,3.9031585916992677
676680,"Cosgrove, Tom","L",268,120,"10.9",2.802834196201525,4.664701492537313,0.563104075877298,4.236819582568441
676684,"Vest, Will","R",484,116,"50.7",-1.2963537416145063,5.660702479338843,0.08746289830733195,3.9674045754703084
676702,"Stratton, Hunter","R",56,9999,"39.7",-1.6514226797214917,5.880178571428571,0.11159350808505221,4.41654766679399
676742,"Sanders, Cam","R",547,9999,"32.7",-2.266807486429187,5.95164533820841,-0.3080941456722293,4.691429462275187
676755,"Mattson, Isaac","R",728,134,"46.3",-1.787373247437643,5.879560439560439,-0.20409586087931675,4.223241853489648
676760,"Marinaccio, Ron","R",1018,9999,"26.8",-2.393487213997167,4.997416502946955,-0.33545254571019334,3.9575523882065773
676775,"Winn, Keaton","R",644,137,"39.0",-1.9971838671203108,6.155170807453416,-0.048453386394083316,4.577380639054041
676879,"Ashby, Aaron","L",1566,158,"53.8",0.996377934233172,6.532611749680715,-0.4510562137603213,4.55404165926791
676910,"Seelinger, Matt","R",52,121,"63.5",-0.7080138099461724,5.682884615384616,0.35249606471959416,3.554401581996435
676917,"Cavalli, Cade","R",2772,120,"36.0",-1.92816455360995,5.99449494949495,0.007020604504428035,4.5869352776555985
676962,"Brown, Ben","R",1004,112,"40.8",-1.6271413657016804,6.336185258964143,0.09739062954953803,4.84350432467989
676974,"Meyer, Max","R",1789,146,"41.9",-1.58061442202293,5.851721632196758,0.16403604011043924,4.285531844934732
676979,"Crochet, Garrett","L",518,111,"31.8",2.112781589824113,6.078223938223938,0.03717858536535007,4.7909332681229735
677020,"Walker, Josh","L",505,110,"40.6",1.882643233952785,6.10829702970297,0.04615011348193642,4.535327229487654
677053,"Nardi, Andrew","L",378,146,"40.3",2.2176908768117767,5.595264550264551,0.4523830187967443,4.099505237482198
677161,"Kelly, Zack","R",283,111,"35.5",-1.9431127936289094,5.39113074204947,-0.12703787910281364,4.097031328773077
677865,"Bruihl, Justin","L",1314,138,"26.5",2.528641740299074,4.85834094368341,0.6337925346671116,3.9126842641429063
677944,"Cecconi, Slade","R",2003,114,"38.8",-1.8755266234394905,5.836475287069396,-0.05488870086136393,4.374439732602522
677952,"Ashcraft, Braxton","R",2413,134,"37.7",-1.9045209633313946,6.126071280563614,0.08851343443454314,4.583890734642197
677955,"Hill, Jaden","R",692,115,"24.2",-2.3101676628576744,5.597832369942196,-0.18519568586236387,4.642563441495883
677958,"Rocker, Kumar","R",2496,140,"33.8",-2.415443840289799,5.849463141025641,-0.46280667720759633,4.5454731347339346
677960,"Weathers, Ryan","L",2260,147,"32.8",1.9926396528675194,5.4439424778761065,0.08418287602732163,4.214220448629975
677961,"Wilcox, Cole","R",488,136,"26.5",-2.2581619842600147,5.728340163934426,-0.06840149396569357,4.633964665337074
677976,"Dobnak, Randy","R",1264,118,"18.9",-2.555552597161816,5.395783227848101,-0.38779372792989464,4.654051148985198
678020,"Halvorsen, Seth","R",521,9999,"49.2",-1.4014993535635032,6.050287907869482,0.027989518990286746,4.394990380147871
678022,"Perkins, Jack","R",2065,133,"33.2",-1.9926722411083826,5.398537530266344,-0.26953465188849035,4.271799504689395
678061,"Kerr, Ray","L",212,144,"26.7",2.278580320523818,5.3114150943396226,0.1615576182188141,4.248479958295497
678368,"Bellozo, Valente","R",170,115,"36.7",-1.8963363602302572,5.710411764705882,-0.10547770420467653,4.375848413547237
678394,"Bello, Brayan","R",1906,111,"39.4",-1.9216044623075572,5.6142917103882475,-0.10954478039140868,4.12761871077917
678576,"Ramos, Wilkin","R",61,137,"30.1",-1.9959509840262897,5.409672131147541,0.07393540516057392,4.20928956780924
678606,"Ferrer, José A.","L",1090,136,"31.8",2.3151756460819293,5.721743119266055,0.3941130021750151,4.533118765556265
678868,"Yean, Eddy","R",168,120,"32.4",-2.2491400280295064,5.527261904761905,-0.16851775793650792,4.205511585391733
678906,"Teng, Kai-Wei","R",1266,117,"23.5",-2.4918124723479025,5.5116113744075825,-0.46247009247760573,4.626866452439083
679358,"Orze, Eric","R",677,142,"42.5",-1.307832320855658,5.7627917282127035,0.380413776043518,4.212988650515934
679775,"Backhus, Kyle","L",354,143,"6.0",3.0487957313227088,4.257824858757062,0.7409892242464525,4.0186357546048725
679883,"Avila, Luinder","R",1293,118,"51.6",-1.3898766963304652,6.141964423820572,0.07991642589398833,4.288643726331143
679885,"Martinez, Justin","R",232,109,"37.4",-2.052080977387169,6.165689655172414,-0.18107573683078249,4.735627837067429
679922,"Duran, Carlos","R",35,118,"20.4",-2.6437572936222287,5.577714285714285,-0.29490769544181306,4.703621061879297
680570,"Rodriguez, Grayson","R",1771,108,"38.0",-1.8993805095944556,5.688475437605873,0.0044208085605783815,4.201663505315889
680573,"Woods Richardson, Simeon","R",1161,9999,"47.6",-1.3012865617281009,6.446175710594315,0.233494300506202,4.767147570399235
680604,"Castaño, Blas","R",460,115,"31.1",-1.764104829545833,4.9392826086956525,0.010965222622645893,3.8656461627140977
680686,"Gray, Josiah","R",58,120,"33.5",-2.1685706996262595,5.093620689655173,-0.15350801063372055,3.7575912102772144
680689,"Richardson, Lyon","R",68,9999,"27.9",-2.297236596659473,5.266470588235294,-0.31844227613505294,4.221000035388487
680694,"Bradish, Kyle","R",2619,110,"52.9",-1.307981189812682,6.251172203130966,0.01353835913205228,4.500594780668351
680702,"Gerber, Joey","R",129,121,"32.4",-1.9818473665662544,5.235271317829457,-0.10851467410078901,4.04499270267656
680704,"Sandlin, Nick","R",157,108,"11.6",-2.5042959220279557,4.269936305732484,-0.5193585033550189,3.861862004268992
680723,"Rom, Drew","L",300,9999,"47.0",1.4239843447730356,5.7636,-0.1385039200831848,4.083632615270351
680730,"Parker, Mitchell","L",663,120,"56.8",1.1736159079508304,6.103815987933635,-0.11203183848062741,4.13895563043262
680732,"Burke, Sean","R",2878,145,"40.0",-1.6350171606485278,6.1733981931897155,0.09237808418774675,4.723802150185995
680736,"Wrobleski, Justin","L",2137,119,"35.7",1.7790816166235668,5.569457182966776,0.029470120456401388,4.310470249454272
680742,"Bowlan, Jonathan","R",954,143,"41.5",-1.9191316958654503,6.229308176100629,-0.1437840701689481,4.656555336195847
680744,"Madden, Ty","R",755,116,"42.6",-1.8475491926907623,5.905523178807947,-0.10026327855886484,4.298381350001771
680755,"Fisher, Braydon","R",1256,141,"48.5",-1.0044617581532287,6.563009554140128,0.561244993869001,4.792311657697242
680767,"Vodnik, Victor","R",1027,9999,"43.7",-1.5001009088658877,5.3500778967867575,0.16286732075321056,3.7572582133552723
680802,"Weiss, Ryan","R",517,117,"41.0",-2.087550682890318,5.913307543520309,-0.28340652106455383,4.345802068184404
680880,"Holman, Grant","R",34,143,"40.4",-2.029473363128203,5.924117647058823,-0.10186685278389429,4.284980926916221
680899,"Tolman, Erik","L",289,120,"46.7",1.5694175459870612,6.042629757785467,-0.030586969018497615,4.343258110516934
680916,"Aleman, Franco","R",427,114,"19.9",-2.4220417077720575,5.6370023419203745,-0.14601230050887717,4.813637863133331
680951,"Nikhazy, Doug","L",39,145,"50.8",1.4360081516656107,5.595384615384615,0.09898559806206862,3.9570108003108
681006,"Simpson, Josh","L",153,136,"21.0",2.3347151747629145,5.038235294117647,0.23058837044027355,4.232861583540131
681035,"Scott, Christian","R",1964,121,"29.3",-2.332089348829372,5.2435794297352345,-0.3137632096997288,4.1099624904247944
681084,"Andrews, Tanner","R",43,141,"45.8",-1.55296603253777,6.296976744186047,0.12869496745844214,4.567508170625544
681151,"Murray, Jayden","R",304,9999,"29.8",-2.38874692023077,5.740230263157895,-0.3409231957735247,4.566454826027301
681168,"Curvelo, Luis","R",187,140,"36.2",-2.069472054948613,5.969893048128342,-0.2290142959955008,4.620531613238392
681190,"Vásquez, Randy","R",2226,135,"33.4",-2.031924710654617,5.948706199460917,-0.07516098378745438,4.656818927542429
681217,"Silseth, Chase","R",1089,9999,"34.5",-2.081003493594337,5.824168962350781,-0.22058390238472883,4.5439433020858395
681252,"Anderson, Jack","R",180,9999,"64.4",-0.4811937628818456,6.320833333333333,0.5291009090909091,4.209137027629233
681293,"Arrighetti, Spencer","R",1939,9999,"19.4",-2.432411601443004,4.823032490974729,-0.3227247945584535,4.082097026280154
681320,"Lavender, Nate","L",294,121,"43.7",1.8071379733539281,5.504387755102041,0.18774349315483768,3.952754997453527
681343,"Smith, Shane","R",225,145,"37.5",-1.840970642064999,5.8068888888888885,-0.05474311388393741,4.4355680713012475
681347,"Burrows, Mike","R",1562,117,"39.6",-1.819926690649554,5.9451728553137,-0.07184498820014562,4.49742391456175
681402,"Varland, Gus","R",579,120,"51.3",-1.086397956710674,5.322780656303973,0.2845448982356328,3.6103144338847173
681432,"Little, Luke","L",19,112,"26.2",2.5761273667187403,5.498421052631579,0.3356557838446384,4.393004812834224
681517,"Leahy, Kyle","R",2326,138,"42.8",-1.6192364981668261,5.573761822871883,0.0680015168758037,4.012685250512305
681520,"Kelly, Antoine","L",18,112,"36.8",2.2055857219748813,5.778888888888889,0.3014145276292335,4.355411452762923
681544,"Olds, Wyatt","R",288,111,"32.0",-2.0849703944805476,5.5628125,-0.17318334911616162,4.369535804119628
681676,"Fernandez, Ryan","R",387,138,"59.8",-0.8482696677563013,5.922997416020672,0.297161310782241,3.9514832481218938
681751,"Estrada, Lazaro","R",228,141,"53.3",-1.1427986602750502,5.706315789473684,0.24842917331206807,3.8395503271882916
681799,"Roberts, Ethan","R",436,112,"34.7",-1.7298523740679554,5.242798165137614,-0.06914050434185351,4.093318445722743
681806,"Wantz, Andrew","R",81,9999,"36.0",-2.044756060066691,5.88,-0.09628306375299839,4.464592622301446
681810,"Warren, Austin","R",931,121,"25.6",-2.499900808707229,4.909022556390977,-0.4406877691746555,3.9199822449553987
681867,"Criswell, Cooper","R",642,136,"7.4",-2.916539234751474,4.754221183800623,-0.47263372232495376,4.4361650548919656
681870,"Sabrowski, Erik","L",820,114,"45.4",1.5441145918719312,6.010841463414634,-0.1395282736620147,4.3032778218338334
681892,"Funderburk, Kody","L",876,142,"32.8",2.312637433892218,5.740993150684932,0.22134580891509778,4.390739036619214
681895,"Sisk, Evan","L",833,134,"21.7",2.2679329289556365,5.107587034813926,0.3229728083746868,4.332653643168498
681911,"Vesia, Alex","L",1011,119,"69.5",0.31658846759536546,6.014134520276953,-0.4962557782397196,3.833759902833537
681916,"Smith, Dylan","R",703,137,"51.4",-1.416430972993159,6.0972688477951635,-0.013764733393680763,4.339055655796523
681973,"Hendrickson, Josh","L",35,117,"41.4",1.885926157645762,6.056857142857143,0.08482184619302269,4.470273852813853
681982,"Anderson, Grant","R",894,158,"6.7",-2.909248039750012,4.394519015659955,-0.7762924561445486,4.1479377014320065
682052,"Lopez, Jacob","L",2219,133,"19.2",2.929147591004257,5.130869761153673,0.6291558182091305,4.330921581922129
682120,"Herrin, Tim","L",983,114,"33.5",2.361043783465481,5.830701932858596,0.3913695566157657,4.525280357159048
682227,"Williamson, Brandon","L",907,113,"40.9",1.818294514374413,6.509757442116869,-0.021186699408639872,4.912610259479155
682243,"Miller, Bryce","R",1884,136,"46.2",-1.4747717441502755,5.6148673036093415,0.1549244386540565,3.9130903915986393
682254,"Montgomery, Mason","L",1169,134,"55.2",1.081708560355936,5.64546621043627,-0.12563820952441945,3.9040547003777015
682274,"Hiraldo, Yaramil","R",193,110,"61.3",-0.999175822261091,6.236839378238342,0.1710489572654309,4.092599822670472
682445,"Gonzalez, Domingo","R",129,136,"17.9",-2.590701512417744,4.65108527131783,-0.5369146658099463,3.988615047188713
682608,"Gray, Peyton","R",944,140,"38.6",-1.631957479029682,5.577616525423728,0.2115671048407807,4.106660641276926
682610,"Muñoz, Roddery","R",112,117,"37.4",-1.8108176282921986,5.745,0.10225146979246244,4.283849351445124
682668,"Acuña, Luisangel","R",3,145,"54.4",-1.3419870297005845,6.85,-0.057164141414141424,5.052377777777778
682769,"Castellano, Eiberson","R",35,115,"30.5",-2.397534957455182,5.680857142857143,-0.29185272727272726,4.437242093200917
682825,"Mey, Luis","R",665,113,"30.1",-2.280797065544168,5.500872180451128,-0.2060203817029204,4.295316135391956
682842,"Uribe, Abner","R",918,158,"36.9",-2.202543417784909,5.85041394335512,-0.0887721819308036,4.260039158501587
682982,"Espino, Daniel","R",273,114,"42.3",-1.5794655228238732,5.868681318681318,0.17296852657146775,4.27484169098875
682989,"Mederos, Victor","R",586,144,"23.6",-2.4627041905387377,5.221467576791809,-0.4172909839207169,4.329515978597458
682995,"Barco, Hunter","L",351,134,"22.7",2.979040962724894,5.147492877492877,0.7303320213192762,4.2077697089040225
682997,"Callihan, Tyler","R",29,134,"43.3",-1.6540224408623116,6.386551724137931,-0.05699450795992378,4.8824832780133995
683000,"Cornelio, Riley","R",685,120,"43.2",-1.6782688443794442,5.905839416058394,-0.02538261459593792,4.354840101096842
683003,"Jones, Jared","R",1632,134,"40.5",-1.7774812313319415,5.452622549019607,-0.07895560863828596,4.000932736589511
683004,"Leiter, Jack","R",1396,140,"46.3",-1.694473032676859,5.6676074498567335,-0.2090530691203285,4.114514790667505
683155,"Estes, Joey","R",125,133,"34.9",-1.8305907569861375,5.72968,-0.04364101105169342,4.484522676648841
683175,"Phillips, Connor","R",590,113,"37.5",-1.819517987234769,5.689,-0.1553497345841264,4.416102447808091
683232,"Mears, Nick","R",341,118,"54.6",-1.0373464804071184,6.191818181818181,0.2750437146172785,4.347629678883017
683352,"Bratt, Mitch","L",726,109,"34.4",2.0741713675980478,5.531887052341598,0.18669683932175427,4.239632721846565
683363,"Wilkinson, Matt","L",419,137,"30.6",2.156433602135557,4.886038186157518,0.2540727966170196,3.7598330234111437
683409,"Chivilli, Angel","R",285,147,"31.9",-2.2578930702983864,5.673368421052632,-0.17326777777777777,4.374413071895425
683618,"Henriquez, Edgardo","R",968,119,"38.0",-1.9551691194389988,6.020144628099174,-0.06652585342363843,4.54150880023497
683627,"Molina, Anthony","R",540,9999,"50.3",-1.2269140922699517,6.232185185185185,0.16894767660262758,4.550647308212848
683734,"Vaughn, Andrew","R",50,158,"63.3",-1.0767775673622753,6.7112,-0.22259808377896612,4.973822786096257
683742,"Franco, Jose","R",347,113,"36.9",-1.7342631267426312,5.840057636887608,0.07407617187299338,4.482961619586268
683769,"Gaddis, Hunter","R",982,114,"35.3",-2.00672336792733,6.1219755600814665,-0.06347498919953096,4.746041936133832
684007,"Imanaga, Shota","L",2795,112,"38.2",1.9222475833232937,5.472121645796064,0.14936368913803935,4.07905264509772
684049,"Bidois, Brandan","R",325,134,"64.7",-0.921743690196378,6.220707692307692,0.06185215412038943,4.136026348827643
684320,"Rodríguez, Yariel","R",172,141,"40.0",-1.995286278931541,5.927383720930233,-0.20892409681631638,4.431529522654728
684442,"Drake, Kohl","L",382,109,"38.7",2.231483170946096,5.811806282722513,0.3153281068305475,4.276746301481087
684516,"Rincon, Hancel","R",59,138,"35.9",-1.777652225660002,5.673898305084746,0.02203295567841929,4.370108045560289
684665,"Murphy, Luke","R",381,108,"42.0",-1.6773492954748024,5.891811023622047,0.06988294501288943,4.316233807739273
684974,"Yoho, Craig","R",635,9999,"18.6",-2.407877683562965,4.88696062992126,-0.11199946874956139,4.114091139977823
685005,"Roa, Christian","R",178,117,"36.4",-1.9466721631151958,6.2534269662921345,-0.041681607883194145,4.846658917162371
685112,"McCambley, Zach","R",238,113,"30.5",-2.1392099129228437,5.653781512605042,-0.18583981860123727,4.501661553498405
685126,"Eisert, Brandon","L",784,9999,"34.5",2.327303075702024,5.04045918367347,0.6376445250827604,3.879433764983266
685299,"Gordon, Tanner","R",1691,115,"43.6",-1.7759588129319241,6.2769781194559435,-0.024884383350673757,4.6092643719871695
685464,"Winquest, Cade","R",245,138,"42.3",-1.5960948891323932,5.147918367346938,0.08724141984066354,3.6148545698279313
685801,"Bigge, Hunter","R",315,139,"54.5",-1.16858214740139,5.673460317460317,0.06381577285459639,3.9456722544775484
686218,"Sheehan, Emmet","R",1954,119,"32.1",-2.1814691211076407,5.4214227226202665,-0.1828320080204781,4.167459906959899
686228,"Burgos, Juan","R",53,109,"26.9",-2.216746580735748,4.961320754716981,-0.19878838159620624,3.9349115881343963
686560,"Collyer, Gavin","R",480,140,"17.2",-2.9332605482354355,5.027520833333333,-0.669946990493167,4.327609250037136
686563,"Cannon, Jonathan","R",80,145,"26.4",-2.527793180682876,5.75275,-0.4521697526737968,4.720715259581105
686580,"Slaten, Justin","R",508,111,"47.2",-1.8377249728682599,5.902224409448819,-0.207256002708886,4.141725631956433
686610,"Waldichuk, Ken","L",149,120,"38.7",1.7106178431141243,5.8120805369127515,-0.07227642273504886,4.384685818708204
686613,"Brown, Hunter","R",1859,117,"52.7",-1.2728856704626497,6.065346960731576,0.04873484321108755,4.325610023166194
686628,"Burkhalter, Blake","R",23,144,"43.3",-1.7005836849271503,5.684347826086957,-0.1968187902038286,4.267065043013253
686678,"Solesky, Chase","R",58,139,"48.1",-1.3809871308882913,5.628620689655173,0.04703336099330014,4.03555641403897
686730,"Spiers, Carson","R",85,113,"29.7",-2.046700341351295,5.211411764705883,-0.050806382510223305,4.072528362168397
686747,"La Sorsa, Joe","L",8,111,"22.3",2.6673842799036622,5.3225,0.42161703431372544,4.404489193404634
686751,"Johnson, Seth","R",605,9999,"44.6",-1.5341978535938614,5.613471074380166,0.08252303707959517,4.01683566005215
686753,"Jameson, Drey","R",306,109,"39.5",-1.644910517696214,5.572875816993464,0.08620461623151934,4.146555801090489
686780,"Pagés, Pedro","R",16,138,"40.1",-1.8501736446317634,6.54375,-0.16334000668449197,5.1229055202762925
686790,"McDonald, Trevor","R",1137,137,"27.2",-2.633812575517089,5.062770448548813,-0.5250957754637795,3.976984213154359
686796,"Walston, Blake","L",42,109,"35.9",2.0839266181944707,6.163333333333333,0.14891000551735845,4.763026587301588
686799,"Kochanowicz, Jack","R",1105,108,"36.4",-2.1381003109083507,6.241022624434389,-0.07431080673651608,4.7195999570095415
686894,"Wiemer, Joey","R",20,120,"36.8",-2.0315289379857004,6.4815,-0.2793244251336898,5.1714170677361855
686930,"Barnett, Mason","R",909,133,"55.2",-1.0503660137894437,6.045929592959296,0.209954281310484,4.232486140967038
686934,"McFarlane, Alex","R",312,143,"24.8",-2.235619929569127,5.408653846153846,-0.04868750714155126,4.398292506798756
686973,"Varland, Louis","R",1236,141,"39.2",-1.9998646046613842,5.389377022653722,-0.250973299745023,3.959990345415895
686993,"Sterner, Justin","R",726,133,"38.2",-1.83768616333862,5.435757575757576,-0.13612117381888894,4.095267278030671
687060,"Adams, Blake","R",37,115,"38.4",-1.8387943247563547,5.699189189189189,-0.07705893433540492,4.303894365756131
687064,"Young, Brandon","R",2530,110,"42.0",-1.638507906278442,5.993055335968379,0.14190692080065948,4.388527191421304
687075,"Sproat, Brandon","R",1727,158,"33.1",-2.1458903210012146,5.5780775911986105,-0.207819745016499,4.313389859750817
687134,"Blalock, Bradley","R",200,146,"59.2",-0.9944007462991552,6.19195,0.22356935739750444,4.151033896167558
687209,"Maxwell, Zach","R",291,113,"36.6",-2.0306474917984354,6.141752577319588,0.04489551488199153,4.6022012183692595
687223,"Palmquist, Carson","L",313,120,"16.1",2.377838371188979,4.884057507987221,0.3224608332906209,4.289951698814873
687239,"Peoples, Ben","R",282,140,"48.8",-1.1107241551245404,5.990248226950355,0.402707437959065,4.262730919330982
687273,"Mathews, Quinn","L",867,138,"37.7",1.6730380967491738,5.335086505190311,-0.05597240921323967,3.9989139007621506
687287,"Monteverde, Patrick","L",65,146,"38.1",1.7003604692924792,5.879846153846154,-0.06861007815713697,4.492418020019197
687309,"Hjerpe, Cooper","L",254,138,"-0.7",2.942406874954701,3.8193700787401577,0.882788856022008,3.84581277913456
687312,"Hughes, Gabriel","R",1142,115,"43.7",-1.593191426154882,5.506444833625219,-0.004469606438340337,3.9845901520614615
687330,"Kelly, Kevin","R",981,139,"1.1",-2.772659504903205,3.665626911314985,-0.5832960382744516,3.622805907337451
687377,"Ribalta, Orlando","R",750,120,"41.9",-1.947480842817165,6.526866666666667,-0.12157376541889484,4.887245375282234
687396,"Headrick, Brent","L",1282,147,"40.3",1.8457021320787201,6.319422776911076,-0.03755617038050506,4.719622913381776
687473,"Gusto, Ryan","R",1436,146,"46.4",-1.301500119259416,5.7477019498607245,0.3892619570479496,3.969398667632411
687531,"Kempner, William","R",199,146,"14.7",-3.027898843721159,4.447989949748743,-0.7202815888712726,3.841750729583748
687562,"Bennett, Jake","L",1618,111,"31.0",2.2565017627350543,5.597558714462299,0.13241007455122739,4.31980680105057
687570,"Prielipp, Connor","L",2067,142,"39.2",1.8389211564463528,6.009879051765844,-0.0038064969251983692,4.504383510724077
687606,"Schultz, Paxton","R",610,120,"33.6",-1.9421971361014014,5.84272131147541,-0.09440859501475701,4.615112810554923
687721,"Weston, Cameron","R",17,110,"4.1",-2.6319561968719185,4.6370588235294115,-0.4144812729369823,4.4797283841879
687765,"Spence, Mitch","R",200,118,"44.6",-1.835413769296939,6.01005,-0.15693168315508021,4.353503948752228
687792,"Herz, DJ","L",128,120,"35.4",1.9278155657725697,5.74,0.06578318989527629,4.415831095421123
687849,"Kent, Zak","R",294,9999,"52.2",-1.1722365861295494,6.247551020408164,0.2253267725271927,4.441726826791323
687859,"Johnston, Troy","L",35,115,"45.0",1.6822946841921862,6.2782857142857145,0.15983062897886427,4.7500390476190475
687911,"King, Bryan","L",1067,117,"34.5",1.9446065271113873,5.571462043111528,0.14125777965441952,4.3290925246455405
687924,"Aguiar, Julian","R",54,113,"26.3",-2.210047446319339,5.3657407407407405,-0.12215986994124249,4.336016958803723
687931,"Whisenhunt, Carson","L",617,137,"48.8",1.3078485545868923,6.090858995137763,-0.1968891586279421,4.374547656997085
687941,"Gamboa, Alec","L",466,111,"60.6",0.9518729627997574,6.327961373390558,-0.19090672044861642,4.296256774383573
687985,"White, Josh","R",43,146,"58.8",-0.8452546264590862,6.318604651162791,0.3390447974961655,4.368366658375824
688107,"Gasser, Robert","L",1817,158,"23.8",2.4912059295372733,5.033560814529444,0.4457925372080087,4.131774299814487
688158,"Morgan, David","R",587,135,"35.6",-1.9679144739457428,5.325178875638842,-0.13241947878423477,4.014080345999326
688297,"Roycroft, Chris","R",695,9999,"25.9",-2.387154978196104,5.384705035971223,-0.1055538704010054,4.276906348632324
688497,"Rashi, Taylor","R",88,9999,"73.2",-0.08343332006656663,6.342954545454545,0.5948099406498136,4.0968728700777834
688642,"Agnos, Zach","R",1502,115,"39.1",-1.9579803950217665,5.763588548601864,-0.24724272562311453,4.376564565961962
688692,"Simpson, Jared","L",93,120,"34.8",1.968794262247637,5.767096774193549,0.046715201349356965,4.433040602418876
688883,"Pallette, Peyton","R",442,114,"39.4",-1.813718018081823,5.965497737556561,-0.1068842389156403,4.564082013171373
689017,"Knack, Landon","R",187,119,"56.6",-1.123582580526646,5.960427807486631,0.1434445966427407,4.033999668277617
689147,"Kerkering, Orion","R",1077,143,"33.5",-2.1074377572555147,5.798272980501393,-0.19117498688341716,4.536451611477713
689149,"Dallas, Chad","R",260,141,"54.4",-1.077956033083459,5.914384615384615,0.16982460715754832,4.168014794666118
689225,"Brieske, Beau","R",387,116,"51.1",-1.1290937238014254,6.14625322997416,0.3375880750044909,4.3312395645925745
689254,"Fluharty, Mason","L",1034,141,"34.9",2.0644565037726377,5.834226305609285,0.331800041029248,4.62671199174588
689266,"Dodd, Dylan","L",779,144,"42.9",1.7660542863996087,6.050706033376123,-0.05108102508128937,4.363828603218624
689296,"Nunez, Anthony","R",993,110,"37.6",-1.991727381836114,5.646183282980866,-0.12212577435991333,4.206009515898275
689441,"Crow, Coleman","R",295,158,"29.3",-2.046767357539365,5.190305084745763,-0.23766103628508414,4.176247586331914
689520,"Laweryson, Cody","R",296,142,"25.0",-2.416545155194459,5.198141891891892,-0.28635361233559764,4.20329765410464
689546,"Davila, Nick","R",446,136,"27.7",-2.2519011062389067,5.836053811659193,-0.14570849919666196,4.7279453300480405
689690,"Jacob, Alek","R",87,135,"-2.6",-2.474981617859352,3.816551724137931,-0.34727114348351673,3.9126816419775854
689818,"Sandlin, David","R",638,145,"42.8",-1.6996615366197585,5.86166144200627,0.027960684011421603,4.261691211115395
689981,"Ryan, River","R",82,116,"43.5",-1.5990662637292696,5.649634146341463,0.06003311051693404,4.077767777487935
690155,"Pushard, Matt","R",120,138,"40.9",-2.0607150194314596,6.179,-0.16184990270350563,4.533073380867498
690279,"Adams, Mason","R",468,115,"27.6",-1.9970199332047918,5.0631623931623935,-0.09365830800463154,4.0692333636135105
690440,"Hanner, Bradley","R",128,147,"20.2",-2.6315876208787965,4.983359375,-0.4271143117758467,4.173241805230615
690829,"Joyce, Ben","R",259,108,"27.7",-2.1294607704727273,5.0982239382239385,-0.05319173841526783,4.007701011706894
690925,"Beeter, Clayton","R",792,120,"52.0",-1.3003050172720603,6.010984848484848,0.09808724027260124,4.220789946704118
690928,"Dobbins, Hunter","R",931,138,"44.9",-1.76043523410598,6.006788399570355,-0.10242510659766299,4.350869321412776
690953,"Abel, Mick","R",357,142,"27.2",-2.2333412184080523,5.477450980392157,-0.145140510892414,4.402962460492218
690978,"Fulton, Dax","L",479,146,"43.3",1.715824652951746,6.2935281837160755,-0.127529766410265,4.555227795020077
690986,"Harrison, Kyle","L",2106,158,"31.6",2.141528225207834,5.001277302943969,0.21710610186835677,3.814524619794391
690990,"Horton, Cade","R",92,112,"52.8",-1.4174912120321828,5.9205434782608695,-0.03268050937766413,4.097519360807564
690997,"McLean, Nolan","R",2914,121,"30.8",-2.4047108410549596,5.278023335621139,-0.5092747508187776,4.147429286088305
691008,"Rajcic, Max","R",163,138,"42.6",-1.8409144572892302,5.760858895705521,-0.16465167372024103,4.220022846472666
691384,"Perales, Luis","R",250,120,"45.1",-1.4977234471276706,5.87732,0.15419184385026738,4.219736270231729
691548,"Muñoz, Rolddy","R",49,144,"31.1",-2.377929377671351,5.767142857142857,-0.3388698824984539,4.535341620284478
691587,"Pérez, Eury","R",2671,146,"30.8",-2.3129243345568127,5.929019093972295,-0.04749111373830359,4.576980556462059
691725,"Painter, Andrew","R",2125,143,"44.6",-1.469813481387691,6.425284705882353,0.21241033511586452,4.769533134528678
691769,"Abner, Philip","L",313,9999,"38.8",1.7890355494540395,5.601757188498403,0.0965715754614364,4.238356480041915
691799,"Taylor, Grant","R",1333,145,"58.2",-0.731607656102082,5.913488372093023,0.4608288764035929,3.988591654865588
691945,"Baumler, Carter","R",117,140,"41.5",-1.5622615386603462,5.570940170940171,0.21196491308256013,3.9997999291558113
691946,"Klassen, George","R",483,108,"43.5",-1.8621927063601973,5.857722567287785,-0.14570623276978778,4.231147093330086
691951,"Aldegheri, Sam","L",610,108,"41.4",1.5691584785167187,6.11283606557377,-0.048443912802080595,4.68607969477806
692030,"Corniell, Jose","R",104,140,"31.6",-2.1145397931411116,5.33875,-0.1458038153023447,4.129796235259838
692064,"Rodríguez, José","R",68,141,"28.2",-2.260826146420022,6.023088235294118,-0.09806898133584986,4.860529111617909
692230,"Rodriguez, Carlos","R",182,158,"35.2",-1.9147953316987483,5.731538461538461,-0.11509869836046306,4.462784928796694
692437,"Santos, Winston","R",33,140,"40.0",-1.9011293990571694,5.590909090909091,-0.17354789607302976,4.141407913358181
693308,"Frasso, Nick","R",390,115,"47.3",-1.7396512257005614,6.198435897435897,-0.07913227775492482,4.400997736642442
693312,"Nicolas, Kyle","R",198,113,"45.2",-1.3536151267154046,5.757777777777778,0.30489481985631717,4.088359253857649
693313,"Seymour, Carson","R",530,137,"39.2",-1.8934741544162135,5.928358490566038,0.009112792351932181,4.376619292200585
693433,"Woo, Bryan","R",2667,136,"24.3",-2.4323876653574015,5.039696287964005,-0.3775493112157772,4.110232651800878
693645,"Schlittler, Cam","R",3004,147,"42.2",-1.9102586832016388,6.110019973368842,-0.18157320554174944,4.544334351286817
693686,"Miles, Spencer","R",1502,141,"37.4",-1.9018633340189552,5.84436085219707,-0.03419112181974836,4.4131342504112165
693713,"Teodo, Emiliano","R",43,140,"39.8",-1.88867937414288,5.602093023255814,-0.09609445342619079,4.10853263275712
693821,"Elder, Bryce","R",2245,144,"48.3",-1.5745242173006484,6.189487750556793,-0.04462115896287651,4.471518848381629
693855,"Seymour, Ian","L",2120,139,"41.1",1.9013715478628428,5.636353773584906,0.1957779814936266,4.144813620682407
694037,"Palencia, Daniel","R",477,112,"35.7",-1.8277432974241838,5.462431865828092,-0.04027137262375887,4.176203253960246
694297,"Pfaadt, Brandon","R",1976,109,"27.5",-2.502241484706265,5.475096153846154,-0.42883262117784177,4.396659546555096
694335,"Svanson, Matt","R",788,138,"28.0",-2.3849240285086477,5.555672588832487,-0.32061421941873197,4.456300241591792
694341,"Beck, Brendan","R",246,147,"47.6",-1.7028788168395195,6.079308943089431,-0.15005542005420056,4.379716748909468
694346,"Gibson, Trey","R",711,110,"38.8",-1.7120286427340623,5.882165963431786,0.07852508028911603,4.443205139380902
694350,"Brzykcy, Zach","R",48,146,"51.6",-1.2119936914918414,5.8225,0.20492833110516934,4.036836488042186
694357,"Tiedemann, Ricky","L",123,141,"23.5",2.5950389592146337,5.585528455284553,0.4454222323667087,4.651153506369289
694360,"Way, Beck","R",389,118,"29.4",-2.353310790269177,5.539305912596401,-0.20772774722882842,4.331239913806139
694361,"Klein, Will","R",762,119,"42.8",-1.784156444950665,5.525839895013124,-0.172169492048788,4.034532410721387
694363,"Shuster, Jared","L",166,138,"38.7",1.7520237541031123,5.48289156626506,0.06670555161823766,4.132933602860641
694397,"Raya, Marco","R",100,142,"43.3",-1.5181475547685197,5.6434,0.049457613190730845,4.164206229946524
694462,"Waldrep, Hurston","R",215,144,"52.9",-1.2194484908360985,6.112046511627907,0.27698805911370894,4.128214120134312
694477,"Patrick, Chad","R",1730,158,"31.6",-2.238185739641375,5.464595375722544,-0.30541024440254294,4.278891931521952
694494,"Johnson, Ty","R",161,139,"28.2",-2.46160659607764,5.4998757763975155,-0.31336584349154684,4.345579869022708
694646,"McDermott, Chayce","R",155,9999,"42.6",-1.7637802283608028,5.69,-0.08910640331205796,4.148326442987752
694680,"Martin, Trevor","R",265,9999,"27.4",-2.4235434462794765,5.4567924528301885,-0.39554652944539737,4.405197241112568
694738,"Roupp, Landen","R",2694,137,"23.4",-2.48169324337231,5.2864513734224206,-0.3676350879090922,4.370396360963229
694753,"Curtis, Khristian","R",349,134,"46.2",-1.5004423372581113,5.849512893982808,0.14744171633748576,4.129311500646104
694795,"Ekness, Josh","R",549,146,"24.0",-2.575604545648134,5.166976320582878,-0.2765438880934059,4.141488259645636
694819,"Misiorowski, Jacob","R",2647,158,"29.8",-2.296380234942163,5.1984019644881,-0.23758611767130178,4.018311670427693
694820,"Roxby, Braxton","R",104,137,"22.5",-2.53135694675098,5.099230769230769,-0.4020446438365556,4.217438664644179
694851,"Hoffmann, Andrew","R",206,109,"51.1",-1.3028236139816427,5.991747572815534,0.240624408130419,4.07547073360677
694918,"Tidwell, Blade","R",959,137,"38.8",-2.1503713900256054,6.003138686131387,-0.27264760677993827,4.491554427517523
694973,"Skenes, Paul","R",2889,134,"25.8",-2.8490713642252516,5.591481481481481,-0.6788893279197201,4.541475214024059
695001,"Santa, Alimber","R",238,117,"30.5",-2.0647681493165675,5.577142857142857,0.05123455863628874,4.331424374990638
695034,"Morris, Kade","R",322,133,"22.5",-2.6376464737895966,5.224906832298137,-0.519072649771371,4.344988293420135
695049,"Kerry, Brett","R",212,108,"52.0",-1.3121764639916726,5.927075471698113,-0.05842938317694145,4.318051296539199
695076,"Lowder, Rhett","R",2296,113,"28.4",-2.4515869658879956,5.570357142857143,-0.3785620746691138,4.446886532650755
695239,"Ahlstrom, Robby","L",648,140,"49.3",1.255933340688166,6.130648148148148,-0.17516292431394553,4.461504809258159
695243,"Miller, Mason","R",1136,135,"40.4",-1.8550449699731284,6.2180633802816905,-0.006414969809947026,4.64299141929339
695378,"Sinclair, Jack","R",167,120,"18.6",-2.5603721003521134,5.2438323353293415,-0.3427896202247911,4.496189704014431
695380,"Hoppe, Alex","R",729,9999,"50.3",-1.304694282453459,5.710192043895748,0.10354059085162935,4.016037489394062
695418,"Lord, Brad","R",1463,120,"17.4",-2.8281016156985275,5.355167464114833,-0.46450928640268635,4.612718409294993
695445,"Lee, Chase","R",146,141,"-3.4",-3.0856000367060985,3.9013698630136986,-0.9910063060093278,4.026094151832589
695505,"Burns, Chase","R",2552,113,"53.1",-0.886532292959484,6.511967084639498,0.5168033852376801,4.639246005719187
695534,"Petty, Chase","R",477,113,"32.5",-1.8468994862689825,5.313060796645702,0.10018958788775659,4.073621854131399
695549,"Jobe, Jackson","R",771,116,"38.0",-1.6000803390926517,5.711828793774319,0.09231835660334173,4.39100555948591
695611,"Jump, Gage","L",1756,133,"43.5",1.6474955990977225,5.556953302961276,0.09650254574080616,4.085611131937761
695684,"Rodríguez, Elmer","R",497,147,"30.4",-2.000495722789151,5.6871227364185115,-0.08518497598783432,4.5638998877399874
696062,"Dotel, Wilber","R",706,134,"43.4",-1.719083387317163,5.828101983002833,-0.082719426181495,4.282970569677781
696070,"Rojas, Kendry","L",521,142,"43.4",1.7715837782929316,5.88725527831094,0.07433130583240101,4.279679997160267
696131,"Black, Mason","R",556,118,"26.6",-2.2275809830769284,5.121043165467626,-0.13434112004514037,4.073506373671116
696136,"Wicks, Jordan","L",180,112,"53.7",1.434278876005659,5.8758888888888885,0.048535589720736794,3.98520218013468
696146,"Smith, Hagen","L",469,145,"20.8",2.5509430869216376,5.318059701492538,0.5405930511689072,4.55648478444295
696147,"Bachman, Sam","R",830,108,"34.1",-2.1518197233968572,5.432421686746988,-0.1434418012155574,4.0705475770461526
696149,"Chandler, Bubba","R",2685,134,"42.9",-1.6355052496631473,5.646912476722533,0.11518651891906247,4.016681847094009
696270,"Johnson, Ryan","R",1722,108,"20.0",-2.637151974246292,5.756178861788618,-0.3138858248399138,4.910140028176829
696519,"Natera Jr., Samy","L",580,108,"49.4",1.4809594928774068,6.099172413793103,0.0035764816522220167,4.376564092906755
696522,"Juenger, Hayden","R",291,9999,"37.2",-1.8158469777898816,5.400481099656357,-0.013469081353253582,4.030294540002818
697811,"Ross, Dylan","R",11,121,"50.5",-1.4706687355095822,6.14,0.017067760492626847,4.33777941986712
697812,"Rock, Joe","L",211,9999,"18.9",2.4598062253100768,5.448815165876777,0.0955736747176251,4.639448715479298
699008,"Kelly, Antwone","R",293,134,"38.8",-1.821082033492436,5.767133105802047,-0.017244481453766742,4.317619014680027
699044,"Ullola, Miguel","R",236,117,"45.2",-1.6127934465097877,5.699449152542373,-0.1407083189824466,4.218811168388773
699134,"Rodriguez, Bradgley","R",1163,135,"43.8",-1.434490406349913,5.936483233018056,0.20384218544761765,4.365105097839964
699151,"Paez, Jedixson","R",229,9999,"40.5",-1.6980761485906868,5.689082969432315,0.033426079443289805,4.208753721520367
699823,"Davis, Tyler","R",488,145,"45.4",-1.5902362316264536,5.831495901639344,0.010751482094328038,4.209264021726425
700187,"Taylor, Troy","R",51,136,"31.1",-2.189756252622225,5.725098039215687,-0.2736511132082066,4.566831777987487
700241,"McGreevy, Michael","R",2773,138,"33.2",-2.16671309074403,5.733260007212405,-0.17464355167894124,4.428771139257919
700249,"Povich, Cade","L",611,110,"46.3",1.522242392903451,5.947250409165303,-0.09430188157691287,4.2556812771500505
700270,"Díaz, Yilber","R",146,9999,"42.9",-1.5359324886886743,5.773424657534247,0.1304665433545772,4.227797770615095
700327,"Herrera, Welinton","L",45,115,"39.8",1.673007454843333,5.615555555555556,0.014909958407605462,4.2388244682115275
700363,"Smith-Shawver, AJ","R",573,144,"38.1",-1.792816832861504,5.680261780104712,0.06969240651043854,4.216679851953474
700413,"Uberstine, Tyler","R",45,111,"18.9",-2.5753827996048173,5.1177777777777775,-0.5141162745098039,4.41434697167756
700669,"Graceffo, Gordon","R",1222,138,"50.0",-1.5317960273559161,6.001194762684125,-0.047822750976599535,4.232798446995225
700712,"Ureña, Walbert","R",2480,108,"42.1",-1.902997726311617,6.3175846774193545,-0.054446340564084865,4.645954398791042
700842,"Rivera, Eduardo","L",210,111,"47.0",1.5012098248874919,6.316809523809524,-0.26088254774637126,4.427394663865546
701121,"VanWey, Logan","R",194,117,"21.4",-2.8353665448886884,5.025360824742268,-0.7606745906610066,4.214194780123859
701474,"Davitt, Duncan","R",121,9999,"18.0",-2.5148070943103877,4.939173553719009,-0.4336977571043444,4.264129087668125
701519,"Adams, Travis","R",908,142,"42.0",-1.7032503261809129,5.941145374449339,-0.09789506633450337,4.49629842310773
701542,"Warren, Will","R",2573,147,"30.1",-1.9765057217102577,5.4966420520792845,0.015032112025815872,4.341596114178986
701552,"Granillo, Andre","R",190,120,"43.3",-1.5733267922155418,6.556,0.094490083966601,4.982270160427808
701656,"Henderson, Logan","R",1505,158,"30.1",-2.074292106304663,5.1680996677740865,-0.3130468762473277,4.148043572346486
701719,"Samaniego, Tyler","L",314,111,"36.7",1.7936025079465858,5.630127388535032,-0.017929499188210317,4.279953825062162
701780,"McDougal, Tanner","R",25,145,"35.8",-1.817869606492054,6.0956,0.06137583600713015,4.740765796791444
702021,"Dion, Will","L",792,9999,"66.5",0.38768588889007016,5.985126262626262,-0.48168074427429375,3.9766006770017466
702047,"Cook, Alex","R",98,139,"45.0",-1.5410211002036003,5.586122448979592,0.04795366874022336,3.997996798719488
702056,"Yesavage, Trey","R",1619,141,"65.8",-0.6266354647061733,7.115027794935145,0.39419567898583996,4.83972621256712
702070,"Cameron, Noah","L",2892,118,"52.9",1.3344110636773476,6.269505532503458,-0.07499097729183463,4.405358208580805
702153,"Fitzpatrick, Brian","L",109,158,"32.5",2.3497189262383205,5.891100917431193,0.2807149642676086,4.570752529886016
702193,"Morris, Andrew","R",1295,142,"59.4",-1.0562595554629381,6.4405791505791505,0.028245134102781157,4.607366245810364
702273,"Schultz, Noah","L",1262,145,"21.1",2.692941479874886,5.8127812995245645,0.25887335829159497,4.8738458023650315
702275,"Ritchie, JR","R",1278,144,"25.8",-2.165019116889125,5.414718309859155,-0.08927924048549567,4.4126385985650485
702281,"Snelling, Robby","L",86,146,"39.4",1.9313910297038193,5.558139534883721,0.19624184595614147,4.132585024665257
702303,"Martin, Riley","L",118,112,"50.2",1.3424456073061684,6.0539830508474575,-0.06460065636424062,4.357732433004018
702352,"Bivens, Spencer","R",182,9999,"29.5",-2.299601014194244,5.865879120879121,-0.3202714652994065,4.747195561301444
702474,"Paredes, Mike","R",551,142,"37.2",-1.773809405946659,5.200580762250453,-0.0779138819064996,3.9133193119947203
702566,"Murphy, Owen","R",212,144,"42.8",-1.841423093193086,5.52561320754717,-0.1063492205630108,3.918238866326977
702752,"Pintaro, Jonathan","R",523,121,"22.4",-2.410707465018158,5.060535372848949,-0.48225444082030516,4.264502892949288
702885,"Perdomo, Cesar","L",375,137,"38.2",1.7625438098949084,5.7241333333333335,-0.007371109685086156,4.331499609031491
703615,"Cabrera, Jose","R",463,109,"30.8",-2.538265205785044,5.750388768898488,-0.4048949076587242,4.478219152777938
703725,"Gastelum, Luis","R",599,138,"23.9",-2.165866010876292,5.281435726210351,-0.11632763220935664,4.374327581322406
800048,"Messick, Parker","L",2940,114,"41.7",1.625273627801477,5.424561224489796,0.02893606751791625,4.00393043035396
800311,"Fuentes, Didier","R",1206,144,"23.8",-2.2940499597344246,4.9544278606965175,-0.385551320122501,4.112146427399544
800600,"Kent, Jackson","L",677,120,"40.8",1.7829925622432996,5.557754800590842,0.01995979694415701,4.035325739803105
801139,"Tolle, Payton","L",2275,111,"27.7",2.6294930373881193,5.476927472527472,0.5182918172024055,4.369614558186911
801403,"Dollander, Chase","R",743,115,"23.3",-2.4933216942231895,5.177698519515478,-0.3175230288395794,4.239420296384797
801434,"Gervase, Paul","R",124,119,"28.1",-2.459764673201261,5.483225806451613,-0.31706695273417285,4.34008878227244
801725,"De León, Luis","L",126,110,"34.8",1.827050218423202,6.175793650793651,-0.017929338199926433,4.890298985654868
802408,"Mautz, Brycen","L",302,138,"23.5",2.5966164931042632,5.256258278145696,0.5337323612045661,4.358544981171277
804267,"Thornton, Zac","L",1257,121,"50.3",1.3881532969347434,6.179824980111376,-0.09842004518014624,4.388260598119338
804619,"Klein, John","R",148,9999,"40.1",-1.8959423457234168,6.030540540540541,-0.19602240449005154,4.5986304734547385
804636,"Tong, Jonah","R",539,121,"54.9",-0.9358563583815362,5.697031539888683,0.3224866880636552,3.9017526556076976
804668,"Flores Jr., Rafael","R",8,134,"43.1",-2.0601660348831325,7.33125,-0.3293786764705882,5.707904578877006
804926,"Peterson, Austin","R",105,114,"29.0",-2.093905073006756,5.400285714285714,0.05322362617774382,4.207888057889822
805074,"Marte, Yunior","R",381,137,"49.0",-1.4762364513339696,6.077900262467192,0.15338758637790598,4.20086785689222
805123,"Blubaugh, AJ","R",1640,117,"44.0",-1.7786356487921822,6.082420731707317,-0.04381413579844355,4.405371301465154
805299,"Garcia, Brandyn","L",705,109,"17.2",2.530787254311944,5.60931914893617,0.10479905993603116,4.8575696208644645
805326,"Schweitzer, Tyler","L",566,145,"44.9",1.4645494357148634,5.82416961130742,-0.11634183751881735,4.247333234758728
805345,"Harris, Trent","R",368,137,"70.4",-0.34796446059427016,6.095108695652174,0.4003693317445555,3.988320829942649
805427,"Sommers, Drew","L",642,116,"11.9",3.047522066717492,4.690420560747664,0.8371637743570949,4.22543330168091
805673,"Matthews, Zebby","R",2117,142,"37.3",-2.036235884913794,5.83478979688238,-0.3293710512976608,4.535942607715994
806188,"Gibson, Cade","L",876,146,"31.4",2.229055183814704,5.625650684931506,0.24301058825564265,4.411097994754149
806960,"Morales, Luis","R",346,133,"41.8",-1.6934803236270208,5.640202312138729,0.06444480335486796,4.069895136420306
807739,"Anderson, Kade","L",541,136,"52.9",1.206692600149867,5.993493530499076,-0.14400827723796628,4.203256396684031
807743,"Sullivan, Sean","L",412,115,"31.4",2.2019393077985057,5.509514563106796,0.2958327804025406,4.344636009293391
808825,"Sears, Andrew","L",364,116,"24.4",2.7531763440370485,5.219697802197802,0.5859343301306537,4.234194077246283
808963,"Sasaki, Roki","R",2100,119,"49.2",-1.3970673052517586,6.2445571428571425,0.051756792165350986,4.56786383078686
808967,"Yamamoto, Yoshinobu","R",2731,119,"40.4",-1.6432824682931015,5.397275723178323,-0.12308601261282784,4.1059716378139415
808970,"Go, Woo-Suk","R",86,142,"38.5",-1.888940678551897,5.188604651162791,-0.11424062409318908,3.774349814492393
811315,"Hopkins, Brody","R",103,139,"31.0",-2.2033548796501536,5.03873786407767,-0.10147338836682068,3.777710573178963
813349,"Early, Connelly","L",1562,9999,"30.4",2.0322687745803436,5.447061459667093,0.08611162742130958,4.307034969564592
814305,"Tur, Yunior","R",293,133,"54.8",-1.0478836815788655,6.001877133105802,0.39234791237003647,3.95868041405827
814490,"Pecko, Ethan","R",572,117,"38.0",-2.238685934193786,5.605157342657343,-0.3068571360457724,4.096088639012502
815081,"Manfredi, Mark","L",298,115,"27.5",2.2136391825574626,5.455134228187919,0.14304331431169173,4.375280818050222
815083,"Farris, Mitch","L",953,108,"50.0",1.3332489635613023,6.163462749213012,-0.21787294976179922,4.316365938784175
820862,"Fermin, José","R",981,108,"44.0",-1.6472543352703115,6.253445463812437,0.12287767038981286,4.54176514061282
837227,"Imai, Tatsuya","R",1451,117,"25.8",-2.2450182157630576,5.312253618194348,-0.34236531250806196,4.392578349555473