"id","name","pitches","rv_tot","pct_tot","rv_11","pct_11","rv_12","pct_12","rv_13","pct_13","rv_14","pct_14","rv_16","pct_16","rv_17","pct_17","rv_18","pct_18","rv_19","pct_19"
518595,"d'Arnaud, Travis",4055,-3.438284811970568,0.3990208078335373,1,0.21978021978021978,0,0.46534653465346537,-1,0.13761467889908258,1,0.5392156862745098,-1,0.5916398713826366,-1,0.14685314685314685,-2,0.40175953079178883,-1,0.12213740458015267
665966,"Narváez, Carlos",7870,4.960025356347037,0.4295259306395164,-1,0.12442396313364056,3,0.48519362186788156,0,0.1836734693877551,1,0.5386029411764706,3,0.6151419558359621,0,0.22549019607843138,-1,0.4591503267973856,1,0.21548821548821548
669257,"Smith, Will",7621,-9.775047519566195,0.39792849983294354,-1,0.1073170731707317,-4,0.3333333333333333,-1,0.15584415584415584,-2,0.526508226691042,-3,0.537521815008726,-1,0.22857142857142856,1,0.48756218905472637,0,0.2459016393442623
661388,"Contreras, William",9591,0.9463477226278791,0.43696829079659705,1,0.1927710843373494,-1,0.4205020920502092,-2,0.15384615384615385,3,0.5822603719599427,-3,0.5777166437414031,-1,0.24333333333333335,3,0.5163240628778718,1,0.2202970297029703
607732,"Stallings, Jacob",2711,-2.1332735939561016,0.4213006597549482,0,0.10909090909090909,-1,0.4112903225806452,0,0.14285714285714285,0,0.5260869565217391,0,0.57847533632287,0,0.3516483516483517,-1,0.4195121951219512,0,0.17142857142857143
672515,"Moreno, Gabriel",5400,6.358823523336991,0.4449737970462125,0,0.152,0,0.4077669902912621,0,0.1368421052631579,2,0.585,-1,0.5678670360110804,0,0.3160621761658031,4,0.5296523517382413,1,0.2565217391304348
608348,"Kelly, Carson",6748,-1.8913750954459356,0.4190268700072622,1,0.18604651162790697,2,0.45012787723785164,1,0.23076923076923078,0,0.5398550724637681,-2,0.5828092243186582,-1,0.15723270440251572,-1,0.46846846846846846,-1,0.1646586345381526
680777,"Jeffers, Ryan",5854,-1.0315817536034992,0.4182282793867121,0,0.16417910447761194,-1,0.4492307692307692,-1,0.12658227848101267,1,0.559322033898305,0,0.5577889447236181,0,0.272108843537415,-1,0.45416666666666666,0,0.1991869918699187
666023,"Fermin, Freddy",6775,-0.5532715209216853,0.43587842846553004,0,0.18232044198895028,-2,0.38929440389294406,-1,0.12962962962962962,3,0.5873320537428023,-2,0.6140350877192983,1,0.32085561497326204,0,0.47890295358649787,0,0.21686746987951808
592663,"Realmuto, J.T.",9714,-8.431759135782094,0.4090454772613693,1,0.18907563025210083,-2,0.37168141592920356,-1,0.1796116504854369,7,0.5860759493670886,-7,0.554726368159204,0,0.22483221476510068,-4,0.41278295605858856,-3,0.16857142857142857
455117,"Maldonado, Martín",3662,-0.331522847211368,0.41239316239316237,0,0.15217391304347827,2,0.510752688172043,0,0.2631578947368421,-1,0.5019305019305019,1,0.5827338129496403,-1,0.20430107526881722,-1,0.4326530612244898,0,0.20945945945945946
666310,"Naylor, Bo",8411,-2.727021970250189,0.4201430274135876,1,0.1856060606060606,0,0.4245472837022133,0,0.19900497512437812,4,0.5993265993265994,-3,0.5621387283236994,-1,0.20361990950226244,-3,0.43278688524590164,-1,0.20216606498194944
663886,"Stephenson, Tyler",4979,-7.9200715961271975,0.40343980343980346,0,0.13194444444444445,0,0.40551181102362205,0,0.17142857142857143,-2,0.5075757575757576,0,0.6272493573264781,-1,0.19298245614035087,-4,0.44019138755980863,-2,0.13953488372093023
689414,"Hicks, Liam",3870,0.4512247998925889,0.4122085048010974,0,0.18110236220472442,1,0.4835164835164835,0,0.24489795918367346,-2,0.4689655172413793,0,0.6082474226804123,0,0.2222222222222222,2,0.49709302325581395,0,0.1813186813186813
682663,"Ramírez, Agustín",5217,0.5487627895760103,0.44136566056407717,-1,0.09395973154362416,-1,0.421875,0,0.12121212121212122,-3,0.4975,0,0.6147058823529412,0,0.3416666666666667,4,0.5590200445434298,1,0.2572614107883817
543877,"Vázquez, Christian",4228,-2.845752010154046,0.41081081081081083,0,0.1941747572815534,-1,0.3786764705882353,-1,0.15178571428571427,-1,0.5379310344827586,1,0.5666666666666667,0,0.22666666666666666,-1,0.4628975265017668,0,0.21176470588235294
691019,"Teel, Kyle",4608,-0.39417278282755996,0.40011068068622024,-1,0.13095238095238096,1,0.4497991967871486,0,0.20618556701030927,-2,0.4479768786127168,1,0.6269113149847095,0,0.21839080459770116,0,0.4506172839506173,1,0.21052631578947367
696100,"Goodman, Hunter",7395,1.4750545949877603,0.43481300244669696,0,0.14666666666666667,1,0.504950495049505,1,0.25,-1,0.5307443365695793,2,0.6112115732368897,1,0.24630541871921183,-2,0.4640151515151515,0,0.21498371335504887
681351,"O'Hoppe, Logan",7694,-8.232034941211081,0.4,-1,0.1650485436893204,-1,0.4367816091954023,-1,0.18309859154929578,0,0.5210608424336973,-3,0.5608856088560885,0,0.25738396624472576,-3,0.4067524115755627,-1,0.17218543046357615
657136,"Wong, Connor",3851,0.20120123649456273,0.42193548387096774,0,0.09473684210526316,-1,0.391304347826087,-1,0.16129032258064516,0,0.5412186379928315,2,0.6306620209059234,1,0.2803030303030303,0,0.47941176470588237,0,0.2147239263803681
669127,"Langeliers, Shea",8617,-2.9480214460813703,0.4040741866828823,-1,0.125,0,0.39915966386554624,0,0.17083333333333334,-5,0.43392857142857144,5,0.650200267022697,-2,0.1686046511627907,-4,0.4489051094890511,2,0.20723684210526316
663698,"Bart, Joey",5833,-1.8260598898620577,0.4117896522476675,-1,0.10555555555555556,0,0.3901734104046243,0,0.21100917431192662,-1,0.4834710743801653,2,0.6301369863013698,-1,0.24675324675324675,0,0.4883177570093458,0,0.1689497716894977
553869,"Díaz, Elias",5606,1.3334029559524405,0.41271989174560214,3,0.2681818181818182,1,0.4905149051490515,1,0.2571428571428571,5,0.5879518072289157,-4,0.5099502487562189,0,0.26495726495726496,-3,0.384180790960452,-2,0.115
663728,"Raleigh, Cal",8797,6.954794456837963,0.43660740308947826,1,0.17770034843205576,2,0.4742489270386266,2,0.2857142857142857,2,0.575503355704698,2,0.600547195622435,0,0.22549019607843138,-3,0.467005076142132,0,0.18716577540106952
643376,"Jansen, Danny",5991,-8.44157847064938,0.39135959339263027,0,0.14218009478672985,0,0.4358974358974359,-1,0.10569105691056911,-1,0.5255474452554745,0,0.5707865168539326,-1,0.2578125,-6,0.3726851851851852,-1,0.21266968325791855
663743,"Fortes, Nick",4968,2.242101284642174,0.43904906423874557,0,0.1348314606741573,0,0.4224137931034483,-1,0.12307692307692308,-1,0.5636743215031316,-1,0.5555555555555556,0,0.2974683544303797,4,0.5615212527964206,0,0.2
624512,"McGuire, Reese",2726,3.486560527521244,0.4450651769087523,1,0.21176470588235294,3,0.6257309941520468,1,0.27692307692307694,1,0.6036866359447005,-1,0.5838926174496645,0,0.189873417721519,-1,0.4481132075471698,-1,0.07291666666666667
623168,"Heineman, Tyler",3450,4.701043497991056,0.47328818660647104,0,0.18072289156626506,0,0.4375,0,0.28169014084507044,1,0.549407114624506,1,0.6486486486486487,1,0.39090909090909093,1,0.5223880597014925,0,0.272
660688,"Ruiz, Keibert",4942,-8.731268821032451,0.38232373386295926,-1,0.1044776119402985,0,0.41,0,0.20863309352517986,1,0.565597667638484,-3,0.5264623955431755,0,0.1917808219178082,-2,0.4146341463414634,-2,0.12568306010928962
595978,"Hedges, Austin",4047,10.623586300949468,0.48589341692789967,2,0.23129251700680273,3,0.5426008968609866,2,0.32323232323232326,0,0.5945945945945946,3,0.6426592797783933,1,0.3411764705882353,0,0.5096525096525096,1,0.25308641975308643
668670,"Rogers, Jake",2823,0.8784027139791676,0.4143897996357013,0,0.15942028985507245,0,0.44144144144144143,0,0.16666666666666666,0,0.5272727272727272,-1,0.49444444444444446,0,0.26373626373626374,1,0.5229007633587787,0,0.17886178861788618
641680,"Heim, Jonah",6648,-2.067716508540477,0.41876854599406527,0,0.11801242236024845,-2,0.37404580152671757,0,0.15966386554621848,-2,0.48846153846153845,3,0.603290676416819,-1,0.1927710843373494,-1,0.5204991087344029,2,0.2361111111111111
682626,"Alvarez, Francisco",5303,-4.799420850509683,0.4090019569471624,0,0.17341040462427745,0,0.4653846153846154,-1,0.13253012048192772,-3,0.472636815920398,-2,0.5773480662983426,0,0.25,1,0.47058823529411764,-1,0.19786096256684493
673237,"Diaz, Yainer",8338,-3.417711694520195,0.4131020041878552,1,0.1532258064516129,2,0.4570230607966457,0,0.1952191235059761,2,0.5689320388349515,-4,0.5513196480938416,0,0.2245762711864407,-3,0.46846846846846846,-2,0.15671641791044777
686948,"Baldwin, Drake",6426,-1.0266714445516794,0.41632983023443815,-1,0.14102564102564102,-1,0.3588709677419355,-1,0.12048192771084337,2,0.5513833992094862,-4,0.5378973105134475,2,0.35096153846153844,2,0.47884940778341795,0,0.1978021978021978
669221,"Murphy, Sean",5650,1.6293925006319903,0.4333627537511033,-1,0.12686567164179105,-1,0.3875968992248062,0,0.20168067226890757,-1,0.53125,2,0.6233480176211453,0,0.2702702702702703,0,0.47629310344827586,1,0.24481327800829875
693307,"Dingler, Dillon",8533,6.619154927969935,0.4460624071322437,-1,0.10344827586206896,1,0.4450704225352113,0,0.17218543046357615,0,0.5266955266955267,2,0.6284722222222222,1,0.2842465753424658,3,0.5385656292286874,1,0.24719101123595505
656180,"Adams, Riley",5664,-8.684512386523998,0.387221269296741,0,0.13855421686746988,0,0.4109195402298851,-1,0.1623931623931624,2,0.5338983050847458,-5,0.47572815533980584,-1,0.2011173184357542,1,0.4976190476190476,-3,0.11467889908256881
686780,"Pagés, Pedro",7687,4.934307912563272,0.4466754443712969,0,0.17370892018779344,0,0.44214876033057854,0,0.17880794701986755,-2,0.5216494845360825,3,0.6578014184397163,0,0.31683168316831684,3,0.528052805280528,1,0.2132132132132132
687221,"Rushing, Dalton",2660,-3.0712389926227646,0.3972055888223553,-1,0.0625,0,0.44680851063829785,0,0.18840579710144928,0,0.5178571428571429,-1,0.5423728813559322,0,0.16,0,0.4732142857142857,0,0.20238095238095238
669224,"Wells, Austin",8666,11.805939769440768,0.44587706146926537,-1,0.11057692307692307,-4,0.3575,-1,0.164021164021164,1,0.5356550580431177,3,0.6211180124223602,2,0.27802690582959644,7,0.5878877400295421,3,0.27365728900255754
642136,"Thaiss, Matt",3413,-3.5741569282457344,0.3837920489296636,0,0.1328125,-1,0.3854748603351955,0,0.208955223880597,-1,0.49074074074074076,2,0.6278195488721805,-1,0.16,-2,0.4279661016949153,-1,0.11347517730496454
700337,"Quero, Edgar",4973,-12.897162799192456,0.37166324435318276,-1,0.06,-1,0.430327868852459,0,0.1958762886597938,-5,0.3994082840236686,-2,0.5707434052757794,-1,0.1388888888888889,-2,0.4225721784776903,0,0.19718309859154928
620443,"Torrens, Luis",5589,3.8293084826414634,0.4226190476190476,-1,0.0873015873015873,-1,0.37282229965156793,0,0.18571428571428572,-1,0.5038759689922481,4,0.6444444444444445,0,0.23780487804878048,1,0.5037220843672456,2,0.2290748898678414
624431,"Trevino, Jose",6268,1.5356976554256336,0.4187192118226601,-1,0.1111111111111111,1,0.44545454545454544,0,0.1826086956521739,-4,0.42725173210161665,6,0.7074688796680498,-1,0.1780821917808219,-1,0.4433198380566802,1,0.2339622641509434
645444,"Herrera, Jose",4237,-0.4301170633346722,0.4095873786407767,-1,0.09565217391304348,0,0.44559585492227977,0,0.20430107526881722,-1,0.4722222222222222,3,0.6409495548961425,0,0.20833333333333334,-2,0.4508670520231214,1,0.22395833333333334
680779,"Davis, Henry",5421,-1.681336700567812,0.4092153284671533,0,0.11392405063291139,0,0.43190661478599224,-1,0.14285714285714285,-2,0.4744525547445255,2,0.6028708133971292,0,0.1987179487179487,0,0.49209932279909707,1,0.22868217054263565
668939,"Rutschman, Adley",4952,2.4480396863765104,0.4348750664540138,1,0.17557251908396945,0,0.42916666666666664,0,0.22448979591836735,1,0.5668604651162791,1,0.6136363636363636,1,0.323943661971831,-1,0.43869209809264303,0,0.25120772946859904
666163,"Rortvedt, Ben",2782,0.5547229948690726,0.40504050405040504,0,0.109375,0,0.39634146341463417,0,0.19753086419753085,-3,0.4382716049382716,2,0.6218487394957983,0,0.22950819672131148,1,0.4766355140186916,1,0.2125984251968504
641598,"Garver, Mitch",2975,-2.157023310071654,0.3898886032562125,0,0.15151515151515152,-1,0.3269230769230769,0,0.1388888888888889,0,0.544973544973545,0,0.525,0,0.31746031746031744,0,0.46120689655172414,0,0.19827586206896552
543510,"McCann, James",2550,-1.8091914628973487,0.4148430066603235,1,0.1875,-1,0.3652173913043478,0,0.13157894736842105,0,0.5445544554455446,0,0.565,0,0.2247191011235955,0,0.5043859649122807,-1,0.16521739130434782
672386,"Kirk, Alejandro",8499,16.659036515070543,0.47104128157732594,1,0.1926605504587156,0,0.4360313315926893,0,0.19117647058823528,4,0.5901162790697675,2,0.598116169544741,2,0.32340425531914896,5,0.5622047244094488,2,0.2356687898089172
650968,"Pozo, Yohel",2688,1.854322537238668,0.43738140417457305,0,0.17721518987341772,1,0.4899328859060403,0,0.3333333333333333,1,0.6101694915254238,-1,0.5480225988700564,0,0.2978723404255319,0,0.4708333333333333,-1,0.13333333333333333
521692,"Perez, Salvador",6612,-6.545499198509573,0.39727065959059893,0,0.16517857142857142,-2,0.4085510688836104,0,0.1907514450867052,3,0.5678776290630975,-4,0.5,-1,0.2222222222222222,-1,0.4520255863539446,0,0.1926605504587156
605170,"Caratini, Victor",3758,-1.7026730271797093,0.40421329822251484,0,0.17777777777777778,0,0.4639175257731959,0,0.20689655172413793,-1,0.4804270462633452,1,0.6114864864864865,-1,0.18095238095238095,-1,0.41843971631205673,0,0.20863309352517986
543309,"Higashioka, Kyle",4746,2.989476608833386,0.4309278350515464,1,0.1732283464566929,-1,0.3222748815165877,-1,0.1348314606741573,1,0.5140449438202247,-1,0.5794392523364486,1,0.4358974358974359,2,0.5331491712707183,1,0.236
672275,"Bailey, Patrick",8913,25.053728946520103,0.4764472190692395,2,0.22900763358778625,5,0.5292929292929293,3,0.2682926829268293,6,0.6118012422360248,3,0.5961800818553888,2,0.36585365853658536,2,0.5051194539249146,2,0.23717948717948717