"name","id","total_runs","inf_of_runs","range_runs","arm_runs","dp_runs","fielding_runs_prevented_on_rec1b","catching_runs","framing_runs","throwing_runs","blocking_runs","outs_total","outs_2","outs_3","outs_4","outs_5","outs_6","outs_7","outs_8","outs_9"
"Tatis Jr., Fernando",665487,9.20277635955347,9.20277635955347,7.13915641547092,2.063619944082552,,,,,,,3897,0,0,0,0,0,0,0,3897
"Abreu, Wilyer",677800,8.309947773189691,8.309947773189691,6.918995317007146,1.390952456182549,,,,,,,2542,0,0,0,0,0,0,0,2542
"Frelick, Sal",686217,6.6622312029648505,6.6622312029648505,5.392128074073809,1.2701031288910376,,,,,,,3351,0,0,0,0,0,0,0,3351
"Carroll, Corbin",682998,5.172847840621747,5.172847840621747,7.7359709141258275,-2.5631230735040793,,,,,,,3568,0,0,0,0,0,0,0,3568
"Lukes, Nathan",664770,4.994049038057801,4.994049038057801,3.2843791646304634,1.7096698734273361,,,,,,,1339,0,0,0,0,0,0,0,1339
"Judge, Aaron",592450,4.674113032179189,4.674113032179189,2.411542380850387,2.262570651328803,,,,,,,2467,0,0,0,0,0,0,0,2467
"Pérez, Wenceel",672761,4.565539010421628,4.565539010421628,3.3347283312481757,1.230810679173457,,,,,,,1876,0,0,0,0,0,0,0,1876
"Bellinger, Cody",641355,3.8754963437287673,3.8754963437287673,2.1895012738287583,1.685995069900009,,,,,,,1248,0,0,0,0,0,0,0,1248
"Pages, Andy",681624,3.243805093550101,3.243805093550101,2.4491708863642327,0.7946342071858679,,,,,,,729,0,0,0,0,0,0,0,729
"Anthony, Roman",701350,3.1445065382283683,3.1445065382283683,3.6212762444494584,-0.4767697062210901,,,,,,,871,0,0,0,0,0,0,0,871
"Yastrzemski, Mike",573262,2.943036954493062,2.943036954493062,-1.6197525036527862,4.562789458145849,,,,,,,3041,0,0,0,0,0,0,0,3041
"Wiemer, Joey",686894,2.9357648832183205,2.9357648832183205,2.3967523910383823,0.5390124921799383,,,,,,,423,0,0,0,0,0,0,0,423
"Nootbaar, Lars",663457,2.5890622560581034,2.5890622560581034,1.772665644635822,0.8163966114222811,,,,,,,594,0,0,0,0,0,0,0,594
"White, Eli",642201,2.4134658427452833,2.4134658427452833,3.0403707623709058,-0.6269049196256226,,,,,,,1055,0,0,0,0,0,0,0,1055
"Fairchild, Stuart",656413,2.284233292740812,2.284233292740812,0.14289705745366585,2.141336235287146,,,,,,,236,0,0,0,0,0,0,0,236
"García, Adolis",666969,1.9776277600362917,1.9776277600362917,0.8629773774697423,1.1146503825665492,,,,,,,3372,0,0,0,0,0,0,0,3372
"Fletcher, Dominic",666150,1.928404003884973,1.928404003884973,0.20271248011657161,1.7256915237684016,,,,,,,194,0,0,0,0,0,0,0,194
"Fernández, Yanquiel",692585,1.7973015591386117,1.7973015591386117,0.19595832025777127,1.6013432388808404,,,,,,,405,0,0,0,0,0,0,0,405
"Sánchez, Jesús",660821,1.645732394542267,1.645732394542267,1.2718282717395395,0.3739041228027278,,,,,,,2171,0,0,0,0,0,0,0,2171
"Misner, Kameron",670224,1.6399869357177164,1.6399869357177164,1.0826346086704877,0.5573523270472288,,,,,,,330,0,0,0,0,0,0,0,330
"Butler, Lawrence",671732,1.5183679381811688,1.5183679381811688,3.4584748053066097,-1.9401068671254424,,,,,,,2343,0,0,0,0,0,0,0,2343
"Osuna, Alejandro",696030,1.4817425655119403,1.4817425655119403,0.6547115656035934,0.8270309999083466,,,,,,,297,0,0,0,0,0,0,0,297
"Taylor, Michael A.",572191,1.4155296752725537,1.4155296752725537,2.222335832940523,-0.806806157667971,,,,,,,677,0,0,0,0,0,0,0,677
"Call, Alex",669743,1.3527391510437587,1.3527391510437587,3.125519948605187,-1.7727807975614283,,,,,,,1125,0,0,0,0,0,0,0,1125
"Hernández, Heriberto",681715,1.335120410702327,1.335120410702327,1.9988715014696674,-0.6637510907673404,,,,,,,240,0,0,0,0,0,0,0,240
"Caballero, José",676609,1.2197104681617743,1.2197104681617743,1.7757205513812548,-0.55601008321948,,,,,,,632,0,0,0,0,0,0,0,632
"McCarthy, Jake",664983,1.1410366942667665,1.1410366942667665,1.2948836941047432,-0.15384699983797637,,,,,,,255,0,0,0,0,0,0,0,255
"Schneemann, Daniel",682177,1.10785297931073,1.10785297931073,1.2784842812623536,-0.17063130195162352,,,,,,,177,0,0,0,0,0,0,0,177
"Dunn, Blake",694362,0.98959186705943,0.98959186705943,1.2685122304030934,-0.27892036334366355,,,,,,,282,0,0,0,0,0,0,0,282
"Duran, Ezequiel",677649,0.9818399971777833,0.9818399971777833,0.07887367896357778,0.9029663182142054,,,,,,,105,0,0,0,0,0,0,0,105
"Gilbert, Drew",687551,0.9694076756522805,0.9694076756522805,0.7017784404988219,0.2676292351534585,,,,,,,639,0,0,0,0,0,0,0,639
"McCutchen, Andrew",457705,0.9106765900934941,0.9106765900934941,0.993315978248184,-0.08263938815469006,,,,,,,159,0,0,0,0,0,0,0,159
"Refsnyder, Rob",608701,0.8975938916471525,0.8975938916471525,0.43364521638805686,0.46394867525909617,,,,,,,530,0,0,0,0,0,0,0,530
"Beavers, Dylan",687637,0.8547375484936388,0.8547375484936388,0.07185017461584386,0.7828873738777951,,,,,,,364,0,0,0,0,0,0,0,364
"Chourio, Jackson",694192,0.8433623100613199,0.8433623100613199,1.2712537022948132,-0.4278913922334932,,,,,,,399,0,0,0,0,0,0,0,399
"Church, Nathan",701675,0.8389322003741665,0.8389322003741665,0.9175421106507156,-0.07860991027654898,,,,,,,49,0,0,0,0,0,0,0,49
"Cortes, Carlos",666126,0.789797854399975,0.789797854399975,0.024092254563660483,0.7657055998363147,,,,,,,420,0,0,0,0,0,0,0,420
"Rengifo, Luis",650859,0.7877814410366168,0.7877814410366168,0.02631451510877596,0.7614669259278409,,,,,,,43,0,0,0,0,0,0,0,43
"Encarnacion, Jerar",666464,0.7863768346023058,0.7863768346023058,1.5474542425002245,-0.7610774078979183,,,,,,,285,0,0,0,0,0,0,0,285
"Barger, Addison",680718,0.6623907733849618,0.6623907733849618,-3.310133480372759,3.9725242537577197,,,,,,,1239,0,0,0,0,0,0,0,1239
"Noda, Ryan",676116,0.6618375681928357,0.6618375681928357,0.5752189837604781,0.08661858443235759,,,,,,,105,0,0,0,0,0,0,0,105
"Mangum, Jake",663968,0.6457684520513203,0.6457684520513203,1.1828764844568245,-0.5371080324055042,,,,,,,665,0,0,0,0,0,0,0,665
"Eaton, Nate",681987,0.613465272263091,0.613465272263091,-0.3363482607516421,0.9498135330147333,,,,,,,273,0,0,0,0,0,0,0,273
"Melton, Jacob",689200,0.6031572131429288,0.6031572131429288,0.6024216798764374,0.0007355332664914786,,,,,,,27,0,0,0,0,0,0,0,27
"Johnson, Daniel",669288,0.5983460102785615,0.5983460102785615,0.7180804374516125,-0.1197344271730511,,,,,,,105,0,0,0,0,0,0,0,105
"Clemens, Kody",665019,0.5966146755027562,0.5966146755027562,-0.06939662062703608,0.6660112961297925,,,,,,,189,0,0,0,0,0,0,0,189
"Crews, Dylan",686611,0.582100931156893,0.582100931156893,2.3576032399157727,-1.7755023087588806,,,,,,,1803,0,0,0,0,0,0,0,1803
"Bruján, Vidal",660644,0.525583695322275,0.525583695322275,0.9391151869272205,-0.41353149160494546,,,,,,,96,0,0,0,0,0,0,0,96
"Jackson, Jeremiah",669236,0.4885305639949715,0.4885305639949715,-1.3984454923450456,1.8869760563400166,,,,,,,750,0,0,0,0,0,0,0,750
"Marsee, Jakob",805300,0.48055595809173957,0.48055595809173957,0.804037527856281,-0.3234815697645415,,,,,,,78,0,0,0,0,0,0,0,78
"Frazier, Adam",624428,0.4691532983178371,0.4691532983178371,0.3358459924889247,0.13330730582891248,,,,,,,154,0,0,0,0,0,0,0,154
"Conine, Griffin",665052,0.4509887430872985,0.4509887430872985,-0.121891289958724,0.5728800330460226,,,,,,,192,0,0,0,0,0,0,0,192
"Barrosa, Jorge",678489,0.44843342916787127,0.44843342916787127,0.3561251366992665,0.09230829246860478,,,,,,,78,0,0,0,0,0,0,0,78
"Baddoo, Akil",668731,0.4167895985590684,0.4167895985590684,0.4932861254670737,-0.07649652690800532,,,,,,,36,0,0,0,0,0,0,0,36
"Brennan, Will",686823,0.40910360088990955,0.40910360088990955,-0.19077707785264122,0.5998806787425509,,,,,,,96,0,0,0,0,0,0,0,96
"Smith, Cam",701358,0.396806211026072,0.396806211026072,0.767469822322435,-0.3706636112963634,,,,,,,3238,0,0,0,0,0,0,0,3238
"Caissie, Owen",683357,0.3924552310323092,0.3924552310323092,0.6138199028174482,-0.22136467178513902,,,,,,,115,0,0,0,0,0,0,0,115
"Martini, Nick",605361,0.3877981845015015,0.3877981845015015,-0.5192499027356587,0.9070480872371596,,,,,,,294,0,0,0,0,0,0,0,294
"Pillar, Kevin",607680,0.3737598518203814,0.3737598518203814,0.2742415476943422,0.09951830412603914,,,,,,,40,0,0,0,0,0,0,0,40
"Duran, Jarren",680776,0.35822901868926604,0.35822901868926604,0.35822901868926604,,,,,,,,9,0,0,0,0,0,0,0,9
"Smith, Josh",669701,0.3071549502188219,0.3071549502188219,-0.6934922478709779,1.0006471980897995,,,,,,,144,0,0,0,0,0,0,0,144
"Rosario, Eddie",592696,0.30680098167188297,0.30680098167188297,0.30680098167188297,,,,,,,,24,0,0,0,0,0,0,0,24
"Melendez, MJ",669004,0.30450334803732626,0.30450334803732626,0.12858676503182626,0.1759165830055,,,,,,,84,0,0,0,0,0,0,0,84
"Azócar, José",640492,0.27700582542772534,0.27700582542772534,0.15657018727209032,0.12043563815563503,,,,,,,42,0,0,0,0,0,0,0,42
"Sogard, Nick",686765,0.26748244264365517,0.26748244264365517,0.2808287121031048,-0.013346269459449632,,,,,,,51,0,0,0,0,0,0,0,51
"Keirsey Jr., DaShawn",680577,0.2473035842379468,0.2473035842379468,0.16415391807720683,0.08314966616073999,,,,,,,280,0,0,0,0,0,0,0,280
"Maton, Nick",665155,0.24031839717326467,0.24031839717326467,0.005400000000000005,0.23491839717326468,,,,,,,3,0,0,0,0,0,0,0,3
"Biggio, Cavan",624415,0.23364265250896896,0.23364265250896896,0.25992085311532975,-0.0262782006063608,,,,,,,126,0,0,0,0,0,0,0,126
"Cole, Zach",805904,0.22284093253602205,0.22284093253602205,0.14836213807563944,0.0744787944603826,,,,,,,141,0,0,0,0,0,0,0,141
"McNeil, Jeff",643446,0.22065688090185662,0.22065688090185662,0.2757673263041432,-0.05511044540228659,,,,,,,72,0,0,0,0,0,0,0,72
"Canha, Mark",592192,0.20022330555657233,0.20022330555657233,0.33489267998747485,-0.13466937443090252,,,,,,,180,0,0,0,0,0,0,0,180
"Marsh, Brandon",669016,0.19865419642444745,0.19865419642444745,0.1984316299145967,0.00022256650985075355,,,,,,,9,0,0,0,0,0,0,0,9
"Freeman, Cody",683227,0.1934900146389133,0.1934900146389133,0.1915772945705742,0.0019127200683391043,,,,,,,66,0,0,0,0,0,0,0,66
"Rosario, Amed",642708,0.18065633784064164,0.18065633784064164,0.173959440032519,0.006696897808122642,,,,,,,42,0,0,0,0,0,0,0,42
"Bader, Harrison",664056,0.1297971912355615,0.1297971912355615,0.08606424072790066,0.043732950507660816,,,,,,,123,0,0,0,0,0,0,0,123
"Veen, Zac",691728,0.11340888794619433,0.11340888794619433,-0.09024717729547686,0.2036560652416712,,,,,,,135,0,0,0,0,0,0,0,135
"Rivas, Leo",660844,0.10709990930506817,0.10709990930506817,0.0071281191832100734,0.09997179012185811,,,,,,,27,0,0,0,0,0,0,0,27
"Haggerty, Sam",664059,0.10241349077394916,0.10241349077394916,0.11146823635253197,-0.009054745578582803,,,,,,,117,0,0,0,0,0,0,0,117
"McCormick, Chas",676801,0.09610467743186801,0.09610467743186801,0.04346915065125987,0.05263552678060816,,,,,,,125,0,0,0,0,0,0,0,125
"Tolbert, Tyler",686475,0.09292912348095318,0.09292912348095318,0.12268246538276739,-0.029753341901814202,,,,,,,30,0,0,0,0,0,0,0,30
"Bauers, Jake",641343,0.06479833741851229,0.06479833741851229,0.3803082690054263,-0.31550993158691404,,,,,,,90,0,0,0,0,0,0,0,90
"Tawa, Tim",694374,0.04847266286245013,0.04847266286245013,0.04847266286245013,,,,,,,,10,0,0,0,0,0,0,0,10
"Morel, Christopher",666624,0.04233275901340108,0.04233275901340108,0.03583334916065353,0.006499409852747553,,,,,,,36,0,0,0,0,0,0,0,36
"Wagaman, Eric",676572,0.03428511313551794,0.03428511313551794,0.03428511313551794,,,,,,,,36,0,0,0,0,0,0,0,36
"Greene, Riley",682985,0.03185450592351469,0.03185450592351469,0.030869196741844074,0.0009853091816705716,,,,,,,24,0,0,0,0,0,0,0,24
"Cameron, Daz",663662,0.02851182793070005,0.02851182793070005,-0.0078733417678697,0.036385169698569766,,,,,,,136,0,0,0,0,0,0,0,136
"Alcántara, Kevin",682634,0.028468419825634708,0.028468419825634708,0.028468419825634708,,,,,,,,12,0,0,0,0,0,0,0,12
"Simpson, Chandler",802415,0.01935450907414092,0.01935450907414092,0.005400000000000005,0.013954509074140916,,,,,,,6,0,0,0,0,0,0,0,6
"Jones, Greg",675659,0.01565374643207158,0.01565374643207158,0.01565374643207158,,,,,,,,6,0,0,0,0,0,0,0,6
"Garcia, Jhostynxon",691373,0.010875117670039024,0.010875117670039024,0.01080000000000001,0.0000751176700390162,,,,,,,45,0,0,0,0,0,0,0,45
"Ruiz, Esteury",665923,0.009590300641232074,0.009590300641232074,0.23366194697366383,-0.22407164633243173,,,,,,,54,0,0,0,0,0,0,0,54
"Yoshida, Masataka",807799,0.005479069466057366,0.005479069466057366,0.005400000000000005,0.00007906946605736152,,,,,,,24,0,0,0,0,0,0,0,24
"Clase, Jonatan",682729,0.005400000000000005,0.005400000000000005,0.005400000000000005,,,,,,,,18,0,0,0,0,0,0,0,18
"Betts, Mookie",605141,0.005400000000000005,0.005400000000000005,0.005400000000000005,,,,,,,,3,0,0,0,0,0,0,0,3
"Garcia, Maikel",672580,0.005400000000000005,0.005400000000000005,0.005400000000000005,,,,,,,,24,0,0,0,0,0,0,0,24
"Hurtubise, Jacob",674441,0.005400000000000005,0.005400000000000005,0.005400000000000005,,,,,,,,3,0,0,0,0,0,0,0,3
"Cowser, Colton",681297,0.005400000000000005,0.005400000000000005,0.005400000000000005,,,,,,,,21,0,0,0,0,0,0,0,21
"Avans, Drew",682183,0.005400000000000005,0.005400000000000005,0.005400000000000005,,,,,,,,6,0,0,0,0,0,0,0,6
"Adams, Jordyn",677941,0.005144686524285284,0.005144686524285284,,0.005144686524285284,,,,,,,12,0,0,0,0,0,0,0,12
"Cook, Billy",695257,0.004859125959715986,0.004859125959715986,,0.004859125959715986,,,,,,,9,0,0,0,0,0,0,0,9
"Alexander, CJ",680769,0.002882843681098035,0.002882843681098035,0.35355749535813297,-0.35067465167703493,,,,,,,12,0,0,0,0,0,0,0,12
"De La Cruz, Bryan",650559,0.00145435848553232,0.00145435848553232,,0.00145435848553232,,,,,,,3,0,0,0,0,0,0,0,3
"Schuemann, Max",680474,0.0014483671396282227,0.0014483671396282227,,0.0014483671396282227,,,,,,,6,0,0,0,0,0,0,0,6
"Fermín, José",665877,-0.00341745750607389,-0.00341745750607389,0.13501690634219393,-0.13843436384826782,,,,,,,24,0,0,0,0,0,0,0,24
"Hampson, Garrett",641658,-0.008058619105558426,-0.008058619105558426,0.017176142576455087,-0.025234761682013513,,,,,,,66,0,0,0,0,0,0,0,66
"Loperfido, Joey",694388,-0.008315252091003816,-0.008315252091003816,0.09892067525765061,-0.10723592734865445,,,,,,,165,0,0,0,0,0,0,0,165
"Brown, Seth",664913,-0.02065780980914793,-0.02065780980914793,0.11702395812960364,-0.13768176793875153,,,,,,,42,0,0,0,0,0,0,0,42
"Andujar, Miguel",609280,-0.03135447835304639,-0.03135447835304639,0.05633753545085127,-0.08769201380389761,,,,,,,66,0,0,0,0,0,0,0,66
"Vierling, Matt",663837,-0.037188027511255245,-0.037188027511255245,0.01080000000000001,-0.04798802751125525,,,,,,,39,0,0,0,0,0,0,0,39
"Tucker, Kyle",663656,-0.039747457676618914,-0.039747457676618914,-2.123898236858017,2.084150779181397,,,,,,,3005,0,0,0,0,0,0,0,3005
"Pederson, Joc",592626,-0.05431160628252628,-0.05431160628252628,0.01032655870244591,-0.06463816498497219,,,,,,,9,0,0,0,0,0,0,0,9
"Reyes, Pablo",622569,-0.055043005663740326,-0.055043005663740326,0.09348738387052336,-0.14853038953426365,,,,,,,63,0,0,0,0,0,0,0,63
"Raley, Luke",670042,-0.056437591092141165,-0.056437591092141165,-0.23309763111564316,0.1766600400235018,,,,,,,620,0,0,0,0,0,0,0,620
"Taylor, Samad",669392,-0.0765199132255443,-0.0765199132255443,0.09224296670371646,-0.16876287992926076,,,,,,,51,0,0,0,0,0,0,0,51
"Espinal, Santiago",669289,-0.09129060290240762,-0.09129060290240762,0.032400000000000026,-0.12369060290240769,,,,,,,117,0,0,0,0,0,0,0,117
"Lockridge, Brandon",663604,-0.10200070093188002,-0.10200070093188002,0.6546744170868722,-0.7566751180187523,,,,,,,204,0,0,0,0,0,0,0,204
"Scott II, Victor",687363,-0.10506179905026053,-0.10506179905026053,0.08030726357164285,-0.1853690626219034,,,,,,,28,0,0,0,0,0,0,0,28
"Outman, James",681546,-0.13519573769906157,-0.13519573769906157,-0.16998329636712112,0.03478755866805955,,,,,,,186,0,0,0,0,0,0,0,186
"Thomas, Lane",657041,-0.14068598742999397,-0.14068598742999397,,-0.14068598742999397,,,,,,,18,0,0,0,0,0,0,0,18
"Rave, John",670231,-0.1438884493751267,-0.1438884493751267,0.34874113091720266,-0.4926295802923298,,,,,,,459,0,0,0,0,0,0,0,459
"Hummel, Cooper",669450,-0.15897471715027112,-0.15897471715027112,-0.09838580798153795,-0.06058890916873316,,,,,,,6,0,0,0,0,0,0,0,6
"Vilade, Ryan",668723,-0.16840492634816712,-0.16840492634816712,-0.16300450552562584,-0.005400420822541311,,,,,,,87,0,0,0,0,0,0,0,87
"Trammell, Taylor",666211,-0.1824117281752665,-0.1824117281752665,0.01843164913865567,-0.20084337731392218,,,,,,,31,0,0,0,0,0,0,0,31
"Marte, Starling",516782,-0.22325409140125005,-0.22325409140125005,,-0.22325409140125005,,,,,,,45,0,0,0,0,0,0,0,45
"Hilliard, Sam",656541,-0.23131472386634008,-0.23131472386634008,0.028972015673748953,-0.2602867395400891,,,,,,,69,0,0,0,0,0,0,0,69
"Slater, Austin",596103,-0.2496573368046997,-0.2496573368046997,0.3816941764739088,-0.6313515132786083,,,,,,,495,0,0,0,0,0,0,0,495
"Roden, Alan",702176,-0.27514022657997417,-0.27514022657997417,-0.2430188646542472,-0.03212136192572696,,,,,,,186,0,0,0,0,0,0,0,186
"Gonzalez, Oscar",660757,-0.2772933353958619,-0.2772933353958619,0.05012476000921664,-0.3274180954050785,,,,,,,72,0,0,0,0,0,0,0,72
"Straw, Myles",664702,-0.29938730674367964,-0.29938730674367964,0.024794511578201367,-0.3241818183218811,,,,,,,135,0,0,0,0,0,0,0,135
"Mesa Jr., Victor",683748,-0.30278299658612995,-0.30278299658612995,0.36851127586831267,-0.6712942724544425,,,,,,,126,0,0,0,0,0,0,0,126
"Malloy, Justyn-Henry",669234,-0.304772359056064,-0.304772359056064,-0.39853477727357123,0.09376241821750718,,,,,,,243,0,0,0,0,0,0,0,243
"Black, Tyler",672012,-0.30530206083508443,-0.30530206083508443,,-0.30530206083508443,,,,,,,7,0,0,0,0,0,0,0,7
"Heyward, Jason",518792,-0.3054239541280112,-0.3054239541280112,-0.23209992480613995,-0.07332402932187129,,,,,,,48,0,0,0,0,0,0,0,48
"Canario, Alexander",672744,-0.3141612659521767,-0.3141612659521767,-1.0082596427010517,0.6940983767488753,,,,,,,412,0,0,0,0,0,0,0,412
"Johnston, Troy",687859,-0.3146016196030248,-0.3146016196030248,0.11256485940157646,-0.42716647900460125,,,,,,,216,0,0,0,0,0,0,0,216
"Bae, Jihwan",678225,-0.32055743413973115,-0.32055743413973115,-0.1815618891151541,-0.13899554502457706,,,,,,,24,0,0,0,0,0,0,0,24
"Margot, Manuel",622534,-0.3224911010858099,-0.3224911010858099,0.07985747674962122,-0.40234857783543126,,,,,,,124,0,0,0,0,0,0,0,124
"Dubón, Mauricio",643289,-0.3408926591474192,-0.3408926591474192,-0.3576761418576343,0.01678348271021514,,,,,,,54,0,0,0,0,0,0,0,54
"Pereira, Everson",677592,-0.36072198732985206,-0.36072198732985206,0.005400000000000005,-0.3661219873298521,,,,,,,48,0,0,0,0,0,0,0,48
"Thomas, Rhylan",689041,-0.392522387135439,-0.392522387135439,0.08020498564071898,-0.47272737277615795,,,,,,,57,0,0,0,0,0,0,0,57
"Dezenzo, Zach",701305,-0.42199070228371877,-0.42199070228371877,-0.5864240226022412,0.1644333203185223,,,,,,,258,0,0,0,0,0,0,0,258
"Jankowski, Travis",608671,-0.4460046655443238,-0.4460046655443238,0.39078805187876325,-0.8367927174230868,,,,,,,213,0,0,0,0,0,0,0,213
"Bleday, JJ",668709,-0.4631407552046899,-0.4631407552046899,-0.49327347512813774,0.03013271992344784,,,,,,,528,0,0,0,0,0,0,0,528
"Valera, George",671655,-0.484683667617898,-0.484683667617898,-0.4377237792701863,-0.04695988834771171,,,,,,,96,0,0,0,0,0,0,0,96
"Tauchman, Mike",643565,-0.5018166663052601,-0.5018166663052601,-0.30200930140466226,-0.19980736490059736,,,,,,,1713,0,0,0,0,0,0,0,1713
"Harris, Dustin",687957,-0.5063628785427332,-0.5063628785427332,-0.2918418495465826,-0.21452102899615072,,,,,,,45,0,0,0,0,0,0,0,45
"McCray, Grant",687529,-0.5087939807197195,-0.5087939807197195,0.08910000000000007,-0.5978939807197196,,,,,,,175,0,0,0,0,0,0,0,175
"Robertson, Will",683770,-0.5139636380767979,-0.5139636380767979,-0.4159437879217032,-0.09801985015509461,,,,,,,102,0,0,0,0,0,0,0,102
"Fitzgerald, Tyler",666149,-0.5149926604246995,-0.5149926604246995,-0.515537001517892,0.0005443410931924477,,,,,,,63,0,0,0,0,0,0,0,63
"Taylor, Tyrone",621438,-0.526194815416365,-0.526194815416365,-0.4781240212679038,-0.04807079414846126,,,,,,,12,0,0,0,0,0,0,0,12
"McCusker, Carson",676812,-0.5304250157968194,-0.5304250157968194,-0.6259934793078991,0.09556846351107959,,,,,,,147,0,0,0,0,0,0,0,147
"Wade, Tyler",642180,-0.5692266649560167,-0.5692266649560167,-0.6128522582995573,0.04362559334354056,,,,,,,30,0,0,0,0,0,0,0,30
"McKinney, Billy",641856,-0.6027136495508812,-0.6027136495508812,-0.15748545702144087,-0.44522819252944035,,,,,,,93,0,0,0,0,0,0,0,93
"Palacios, Richie",680700,-0.6043428126516932,-0.6043428126516932,-0.6208064918104393,0.016463679158746032,,,,,,,24,0,0,0,0,0,0,0,24
"Suwinski, Jack",669261,-0.640006878358796,-0.640006878358796,-0.5074800427365967,-0.13252683562219908,,,,,,,340,0,0,0,0,0,0,0,340
"Johnson, Bryce",669369,-0.6508562008165282,-0.6508562008165282,-0.34328878913725286,-0.30756741167927515,,,,,,,93,0,0,0,0,0,0,0,93
"Taylor, Chris",621035,-0.6939845125536654,-0.6939845125536654,-0.4962112016206776,-0.19777331093298753,,,,,,,237,0,0,0,0,0,0,0,237
"Waters, Drew",671221,-0.81583266136339,-0.81583266136339,-0.29811699878037035,-0.5177156625830196,,,,,,,391,0,0,0,0,0,0,0,391
"Castro, Willi",650489,-0.8429049432156351,-0.8429049432156351,-0.23379551719555836,-0.6091094260200763,,,,,,,768,0,0,0,0,0,0,0,768
"McKinstry, Zach",656716,-0.8593782738084574,-0.8593782738084574,-0.4535137098583735,-0.40586456395008436,,,,,,,600,0,0,0,0,0,0,0,600
"Jones, Jahmai",663330,-0.8734727517404083,-0.8734727517404083,-0.813921103035281,-0.059551648705127504,,,,,,,126,0,0,0,0,0,0,0,126
"Pham, Tommy",502054,-0.8814909862596214,-0.8814909862596214,-0.6329431540240833,-0.24854783223553817,,,,,,,75,0,0,0,0,0,0,0,75
"Marte, Noelvi",682622,-0.8866873391994401,-0.8866873391994401,-1.901021475354564,1.014334136155123,,,,,,,1312,0,0,0,0,0,0,0,1312
"Hinds, Rece",677956,-0.9248233053399206,-0.9248233053399206,-1.459906252758281,0.5350829474183604,,,,,,,323,0,0,0,0,0,0,0,323
"Stowers, Kyle",669065,-0.9271218784895319,-0.9271218784895319,-1.393586192363222,0.46646431387369064,,,,,,,775,0,0,0,0,0,0,0,775
"Suzuki, Seiya",673548,-0.9425723038228924,-0.9425723038228924,-0.5899218538040725,-0.3526504500188204,,,,,,,846,0,0,0,0,0,0,0,846
"Yorke, Nick",694377,-0.9863048564898359,-0.9863048564898359,-0.8656459089041574,-0.12065894758567876,,,,,,,69,0,0,0,0,0,0,0,69
"Mastrobuoni, Miles",670156,-1.037048427681443,-1.037048427681443,-0.3290999747631358,-0.707948452918307,,,,,,,217,0,0,0,0,0,0,0,217
"Baldwin, Brooks",681460,-1.1030159743734977,-1.1030159743734977,-0.5946246209406009,-0.5083913534328964,,,,,,,352,0,0,0,0,0,0,0,352
"Simon, Ronny",682927,-1.1056257715166027,-1.1056257715166027,-0.7472914240997062,-0.35833434741689674,,,,,,,95,0,0,0,0,0,0,0,95
"Thomas, Colby",687515,-1.1420152584531527,-1.1420152584531527,-0.5726271646037568,-0.569388093849396,,,,,,,404,0,0,0,0,0,0,0,404
"Martínez, Angel",682657,-1.155888398561562,-1.155888398561562,-1.1658028125487365,0.009914413987174374,,,,,,,36,0,0,0,0,0,0,0,36
"Kepler, Max",596146,-1.1613956896902546,-1.1613956896902546,-0.32871122494005556,-0.8326844647501984,,,,,,,687,0,0,0,0,0,0,0,687
"Fraley, Jake",641584,-1.1667940720567223,-1.1667940720567223,0.13645675814619868,-1.3032508302029202,,,,,,,1324,0,0,0,0,0,0,0,1324
"Campero, Gustavo",672569,-1.1780989822325303,-1.1780989822325303,-1.8068204637801084,0.6287214815475776,,,,,,,413,0,0,0,0,0,0,0,413
"Hassell III, Robert",690987,-1.4207334142840482,-1.4207334142840482,-1.416895564807151,-0.003837849476897137,,,,,,,204,0,0,0,0,0,0,0,204
"Lugo, Matthew",683090,-1.4569823100454489,-1.4569823100454489,-1.2173468645933312,-0.2396354454521173,,,,,,,119,0,0,0,0,0,0,0,119
"Myers, Dane",667472,-1.4680841803616125,-1.4680841803616125,-1.9621301176176391,0.49404593725602736,,,,,,,525,0,0,0,0,0,0,0,525
"Bouchard, Sean",656248,-1.4812565546969152,-1.4812565546969152,-1.2684926004367774,-0.21276395426013786,,,,,,,264,0,0,0,0,0,0,0,264
"Wade Jr., LaMonte",664774,-1.6692103198346122,-1.6692103198346122,-0.925833044021638,-0.7433772758129744,,,,,,,366,0,0,0,0,0,0,0,366
"Collins, Isaac",686555,-1.6950844116027817,-1.6950844116027817,-1.5325827505736398,-0.16250166102914176,,,,,,,172,0,0,0,0,0,0,0,172
"O'Hearn, Ryan",656811,-1.7258119615303011,-1.7258119615303011,-1.274416036099549,-0.45139592543075185,,,,,,,447,0,0,0,0,0,0,0,447
"Benson, Will",666181,-1.7448085083966955,-1.7448085083966955,-0.21600197093517387,-1.5288065374615194,,,,,,,794,0,0,0,0,0,0,0,794
"Kelenic, Jarred",672284,-1.7799583545741484,-1.7799583545741484,-0.10401173834950714,-1.6759466162246408,,,,,,,480,0,0,0,0,0,0,0,480
"Carlson, Dylan",666185,-1.8275066950834191,-1.8275066950834191,-1.6061825993307646,-0.22132409575265452,,,,,,,253,0,0,0,0,0,0,0,253
"Joe, Connor",656582,-1.939128409520502,-1.939128409520502,-1.8619311620921708,-0.07719724742833135,,,,,,,246,0,0,0,0,0,0,0,246
"Trout, Mike",545361,-1.9615455613319848,-1.9615455613319848,-1.9053043881026737,-0.056241173229310805,,,,,,,555,0,0,0,0,0,0,0,555
"Kayfus, CJ",692216,-2.030199979473737,-2.030199979473737,-1.9812423120398601,-0.04895766743387607,,,,,,,615,0,0,0,0,0,0,0,615
"Noel, Jhonkensy",678877,-2.1400051952802794,-2.1400051952802794,-2.1991204229604375,0.05911522768015802,,,,,,,900,0,0,0,0,0,0,0,900
"Carpenter, Kerry",681481,-2.2281485571125863,-2.2281485571125863,-2.3047094189744906,0.0765608618619028,,,,,,,1241,0,0,0,0,0,0,0,1241
"Wallner, Matt",670242,-2.2464992456588813,-2.2464992456588813,-3.3630496659589366,1.1165504203000558,,,,,,,1963,0,0,0,0,0,0,0,1963
"Jones, Nolan",666134,-2.320126740613089,-2.320126740613089,-4.8204053634608,2.500278622847713,,,,,,,1865,0,0,0,0,0,0,0,1865
"Grichuk, Randal",545341,-2.3732488499434945,-2.3732488499434945,-2.281512591137552,-0.09173625880594335,,,,,,,697,0,0,0,0,0,0,0,697
"Taveras, Leody",665750,-2.4240861207602724,-2.4240861207602724,-0.9057042031465572,-1.5183819176137145,,,,,,,642,0,0,0,0,0,0,0,642
"Santander, Anthony",623993,-2.4815275733298026,-2.4815275733298026,-1.5120195048916976,-0.9695080684381039,,,,,,,369,0,0,0,0,0,0,0,369
"Stanton, Giancarlo",519317,-2.5245498262778954,-2.5245498262778954,-1.586131070009588,-0.9384187562683075,,,,,,,291,0,0,0,0,0,0,0,291
"Robles, Victor",645302,-2.651392033232498,-2.651392033232498,-0.3633061304688591,-2.2880859027636395,,,,,,,721,0,0,0,0,0,0,0,721
"Laureano, Ramón",657656,-2.7724339624731886,-2.7724339624731886,-4.440725137843323,1.668291175370134,,,,,,,1095,0,0,0,0,0,0,0,1095
"Rooker, Brent",667670,-2.799002083858135,-2.799002083858135,-2.231237233895699,-0.5677648499624369,,,,,,,486,0,0,0,0,0,0,0,486
"Moore, Dylan",664238,-3.0286618697657297,-3.0286618697657297,-2.9137691864059114,-0.11489268335981881,,,,,,,476,0,0,0,0,0,0,0,476
"Larnach, Trevor",663616,-3.3940907519428087,-3.3940907519428087,-0.8218053025664914,-2.5722854493763183,,,,,,,930,0,0,0,0,0,0,0,930
"Matos, Luis",682641,-3.407460225288136,-3.407460225288136,-3.6441979071868724,0.23673768189873398,,,,,,,768,0,0,0,0,0,0,0,768
"Renfroe, Hunter",592669,-3.4541748462998836,-3.4541748462998836,-1.217806665830743,-2.236368180469139,,,,,,,724,0,0,0,0,0,0,0,724
"Kjerstad, Heston",677008,-3.625973319184181,-3.625973319184181,-3.5779847306421466,-0.04798858854203339,,,,,,,486,0,0,0,0,0,0,0,486
"Burleson, Alec",676475,-3.634772992223528,-3.634772992223528,-2.7978195380693536,-0.836953454154176,,,,,,,783,0,0,0,0,0,0,0,783
"Rodríguez, Johnathan",671286,-3.6710631962008446,-3.6710631962008446,-3.5207422770241923,-0.15032091917665288,,,,,,,523,0,0,0,0,0,0,0,523
"Palacios, Joshua",641943,-3.984385302465781,-3.984385302465781,-2.904779163540901,-1.0796061389248819,,,,,,,694,0,0,0,0,0,0,0,694
"Canzone, Dominic",686527,-3.991257436303736,-3.991257436303736,-1.8302677439404107,-2.160989692363326,,,,,,,1618,0,0,0,0,0,0,0,1618
"Soler, Jorge",624585,-4.264172502602988,-4.264172502602988,-3.1895467042006675,-1.0746257984023226,,,,,,,947,0,0,0,0,0,0,0,947
"Reynolds, Bryan",668804,-4.339565405874926,-4.339565405874926,-2.237398563224362,-2.10216684265056,,,,,,,3012,0,0,0,0,0,0,0,3012
"O'Neill, Tyler",641933,-4.829053678166627,-4.829053678166627,-3.445385350193251,-1.383668327973376,,,,,,,885,0,0,0,0,0,0,0,885
"Lowe, Josh",666139,-5.283361495239364,-5.283361495239364,-3.5681564789690516,-1.7152050162703125,,,,,,,2563,0,0,0,0,0,0,0,2563
"Adell, Jo",666176,-5.338594661494633,-5.338594661494633,-3.758646231966563,-1.5799484295280715,,,,,,,1605,0,0,0,0,0,0,0,1605
"Springer, George",543807,-5.521329471061633,-5.521329471061633,-4.277149078165192,-1.2441803928964421,,,,,,,851,0,0,0,0,0,0,0,851
"Walker, Jordan",691023,-6.274829922579883,-6.274829922579883,-3.7514302208493424,-2.5233997017305416,,,,,,,2656,0,0,0,0,0,0,0,2656
"Freeman, Tyler",671289,-6.3956380006754685,-6.3956380006754685,-6.801140810776635,0.405502810101165,,,,,,,1525,0,0,0,0,0,0,0,1525
"Caglianone, Jac",695506,-6.850167855428981,-6.850167855428981,-6.222756455480656,-0.6274113999483221,,,,,,,1207,0,0,0,0,0,0,0,1207
"Lile, Daylen",695734,-7.263188887549562,-7.263188887549562,-5.381442401894267,-1.8817464856552981,,,,,,,1336,0,0,0,0,0,0,0,1336
"Moniak, Mickey",666160,-7.906370833628948,-7.906370833628948,-5.667025597041791,-2.2393452365871553,,,,,,,1530,0,0,0,0,0,0,0,1530
"Acuña Jr., Ronald",660670,-8.438297685878732,-8.438297685878732,-9.61470927446765,1.1764115885889217,,,,,,,2339,0,0,0,0,0,0,0,2339
"Hernández, Teoscar",606192,-8.96932174815594,-8.96932174815594,-8.091232938655674,-0.8780888095002648,,,,,,,3318,0,0,0,0,0,0,0,3318
"Castellanos, Nick",592206,-12.175076019328039,-12.175076019328039,-10.61792692467114,-1.5571490946568958,,,,,,,3625,0,0,0,0,0,0,0,3625
"Soto, Juan",665742,-12.708729154580986,-12.708729154580986,-10.685758464118651,-2.022970690462329,,,,,,,4122,0,0,0,0,0,0,0,4122