"last_name, first_name","player_id","display_team_name","year","primary_pos_formatted","fielding_runs_prevented","outs_above_average","outs_above_average_infront","outs_above_average_lateral_toward3bline","outs_above_average_lateral_toward1bline","outs_above_average_behind","outs_above_average_rhh","outs_above_average_lhh","actual_success_rate_formatted","adj_estimated_success_rate_formatted","diff_success_rate_formatted"
"Acuña, Luisangel","682668","White Sox","","SS","0",0,0,0,0,0,0,0,"100%","98%","2%"
"Adell, Jo","666176","---","","RF","-1",-2,0,0,-1,0,0,-2,"83%","93%","-10%"
"Alcántara, Kevin","682634","Cubs","","RF","0",0,0,0,0,0,0,0,"100%","93%","7%"
"Alexander, Blaze","677942","Orioles","","3B","0",0,0,0,0,0,0,0,"64%","65%","-1%"
"Alvarez, Yordan","670541","Astros","","LF","-3",-3,0,0,-2,-1,-1,-3,"82%","90%","-8%"
"Anthony, Roman","701350","Red Sox","","LF","-2",-2,0,-2,0,0,-2,0,"82%","86%","-4%"
"Antonacci, Sam","803011","White Sox","","LF","-6",-7,-2,-3,-2,0,-4,-3,"87%","90%","-3%"
"Arozarena, Randy","668227","Mariners","","LF","-4",-5,-1,-1,-2,0,-1,-4,"87%","89%","-2%"
"Arroyo, Michael","703197","Mariners","","2B","-1",-1,0,0,-1,0,0,-1,"75%","97%","-22%"
"Azócar, José","640492","Braves","","RF","0",0,0,0,0,0,0,0,"100%","91%","9%"
"Bandura, Scott","814154","Giants","","LF","0",0,0,0,0,0,0,0,"91%","90%","1%"
"Barrosa, Jorge","678489","---","","CF","0",0,0,0,0,0,-1,1,"91%","89%","2%"
"Baty, Brett","683146","Mets","","3B","1",1,0,1,0,0,0,0,"91%","85%","6%"
"Bauers, Jake","641343","Brewers","","1B","1",1,0,1,0,0,1,0,"100%","96%","4%"
"Beavers, Dylan","687637","Orioles","","LF","-4",-5,-2,-1,-2,0,-2,-3,"82%","87%","-5%"
"Beck, Jordan","687597","Rockies","","RF","-1",-1,0,0,0,-1,0,-1,"87%","90%","-3%"
"Bellinger, Cody","641355","Yankees","","LF","5",6,2,2,2,0,0,6,"94%","92%","2%"
"Benge, Carson","701807","Mets","","RF","2",2,0,2,0,0,1,1,"88%","81%","7%"
"Benintendi, Andrew","643217","White Sox","","LF","-1",-1,0,-1,0,0,0,-1,"71%","78%","-7%"
"Benson, Will","666181","Reds","","RF","0",0,0,0,0,0,0,0,"100%","87%","13%"
"Bericoto, Victor","682674","Giants","","LF","-1",-2,-1,-1,0,0,-1,-1,"83%","87%","-4%"
"Black, Tyler","672012","Brewers","","1B","0",0,0,0,0,0,0,0,"100%","99%","1%"
"Bleday, JJ","668709","Reds","","LF","-2",-2,0,-2,-2,2,-2,1,"87%","88%","-1%"
"Bolte, Henry","703607","Athletics","","CF","-1",-1,0,-2,0,0,0,-1,"78%","85%","-7%"
"Bowen, Jase","687749","Padres","","RF","1",1,0,1,0,0,0,2,"89%","85%","4%"
"Brennan, Will","686823","Giants","","RF","-1",-1,-1,0,0,0,-1,0,"0%","75%","-75%"
"Báez, Javier","595879","Tigers","","SS","0",1,0,0,0,1,1,0,"85%","80%","5%"
"Báez, Joshua","695491","Cardinals","","LF","-2",-2,-2,0,-1,0,-2,0,"82%","87%","-5%"
"Caballero, José","676609","Yankees","","SS","1",1,1,0,0,0,0,0,"82%","79%","3%"
"Cabrera, Oswaldo","665828","Reds","","SS","0",0,0,0,0,0,0,0,"100%","99%","1%"
"Call, Alex","669743","Dodgers","","LF","1",1,0,1,0,0,0,1,"94%","92%","2%"
"Callahan, Brett","814430","Tigers","","LF","0",-1,0,0,-1,0,0,-1,"85%","87%","-2%"
"Callihan, Tyler","682997","Pirates","","3B","0",0,0,0,0,0,0,0,"70%","70%","0%"
"Cameron, Daz","663662","Blue Jays","","LF","-1",-1,0,0,0,0,0,-1,"92%","97%","-5%"
"Campero, Gustavo","672569","Angels","","LF","0",0,0,0,0,0,0,0,"86%","85%","1%"
"Carlson, Dylan","666185","Cubs","","LF","0",0,0,0,0,0,0,0,"100%","99%","1%"
"Carpenter, Kerry","681481","Tigers","","RF","-1",-1,0,0,-1,-1,-1,-1,"60%","85%","-25%"
"Castellanos, Nick","592206","Padres","","RF","0",0,0,0,0,0,0,0,"67%","70%","-3%"
"Castro, Willi","650489","Rockies","","2B","-1",-1,0,0,-1,0,-1,0,"71%","85%","-14%"
"Cauley, Cam","695508","Rangers","","2B","0",0,0,0,0,0,0,0,"100%","99%","1%"
"Chourio, Jackson","694192","Brewers","","LF","6",6,-1,3,3,0,4,2,"92%","89%","3%"
"Church, Nathan","701675","Cardinals","","CF","-1",-1,-1,-1,1,0,1,-3,"86%","88%","-2%"
"Clase, Jonatan","682729","Blue Jays","","LF","0",0,0,0,0,0,0,0,"100%","98%","2%"
"Clemens, Kody","665019","Twins","","2B","0",0,0,0,0,0,0,0,"93%","92%","1%"
"Cole, Zach","805904","Astros","","LF","0",0,0,0,-1,0,-1,0,"95%","95%","0%"
"Collins, Isaac","686555","Royals","","LF","-2",-2,-1,-1,0,0,0,-2,"86%","87%","-1%"
"Conforto, Michael","624424","Cubs","","RF","-1",-1,0,0,-1,0,0,-1,"85%","89%","-4%"
"Conine, Griffin","665052","Marlins","","RF","0",0,0,0,0,0,0,0,"88%","87%","1%"
"Cook, Billy","695257","Pirates","","CF","0",0,0,0,0,0,0,0,"100%","98%","2%"
"Cortes, Carlos","666126","Athletics","","RF","-3",-3,0,-1,-1,-1,-2,-1,"85%","89%","-4%"
"Cowser, Colton","681297","Orioles","","CF","1",1,0,0,0,0,0,0,"100%","96%","4%"
"Cox, Jonah","813841","Giants","","CF","0",0,0,0,0,0,0,0,"100%","99%","1%"
"Crews, Dylan","686611","Nationals","","RF","0",0,0,0,0,0,0,0,"94%","95%","-1%"
"Cruz, Trei","669360","Tigers","","RF","0",0,0,0,0,0,0,0,"100%","99%","1%"
"De La Cruz, Bryan","650559","Phillies","","RF","0",0,0,0,0,-1,0,0,"79%","82%","-3%"
"De Paula, Josue","800543","Dodgers","","LF","0",0,0,0,0,0,0,0,"100%","99%","1%"
"DeLuca, Jonny","676356","Rays","","RF","-1",-1,0,0,0,-1,0,-1,"67%","92%","-25%"
"Dean, Justin","681909","Cubs","","CF","0",0,0,0,0,0,0,0,"100%","54%","46%"
"Dezenzo, Zach","701305","Astros","","LF","-1",-1,-1,0,-1,0,-1,-1,"89%","92%","-3%"
"Domínguez, Jasson","691176","Yankees","","RF","0",0,0,0,0,0,0,0,"100%","91%","9%"
"Dubón, Mauricio","643289","Braves","","SS","-2",-2,1,-1,-1,0,-1,0,"90%","91%","-1%"
"Dunn, Blake","694362","Reds","","CF","-1",-2,0,-1,-1,0,-2,0,"67%","84%","-17%"
"Duran, Ezequiel","677649","Rangers","","SS","0",0,0,-1,0,0,0,-1,"87%","88%","-1%"
"Duran, Jarren","680776","Red Sox","","LF","5",5,1,2,1,1,5,1,"88%","86%","2%"
"Eaton, Nate","681987","Red Sox","","CF","0",0,0,0,0,0,0,0,"71%","75%","-4%"
"Edman, Tommy","669242","Dodgers","","2B","0",0,0,0,0,0,0,0,"86%","83%","3%"
"Encarnacion, Jerar","666464","Giants","","RF","0",0,0,0,0,0,0,0,"100%","99%","1%"
"Ewing, A.J.","805999","Mets","","CF","3",3,0,2,0,0,2,1,"95%","89%","6%"
"Fairchild, Stuart","656413","Guardians","","CF","0",0,0,0,0,0,0,0,"100%","99%","1%"
"Fermín, José","665877","Cardinals","","3B","-1",-1,-1,0,-1,1,-1,0,"82%","84%","-2%"
"Franklin, Christian","681047","Orioles","","LF","0",0,0,0,0,0,0,0,"96%","94%","2%"
"Frazier, Adam","624428","Angels","","2B","-1",-1,0,-1,0,0,0,-1,"90%","98%","-8%"
"Freeman, Cody","683227","Rangers","","3B","-1",-1,-1,0,0,0,0,-1,"67%","81%","-14%"
"Frelick, Sal","686217","Brewers","","RF","0",0,0,0,0,0,0,0,"100%","95%","5%"
"Friedl, TJ","670770","Reds","","CF","0",0,1,0,0,-1,-1,0,"91%","92%","-1%"
"Fry, David","681807","Guardians","","RF","1",1,0,0,0,0,0,1,"100%","97%","3%"
"Garcia, Jhostynxon","691373","Pirates","","CF","0",0,0,0,0,0,0,0,"100%","98%","2%"
"Gelof, Zack","680869","Athletics","","3B","1",1,0,1,0,0,1,1,"96%","91%","5%"
"Gilbert, Drew","687551","Giants","","CF","-1",-1,0,-1,-1,0,0,-1,"79%","83%","-4%"
"Gonzalez, Gabriel","694224","Twins","","LF","0",0,0,0,0,0,0,0,"83%","83%","0%"
"Greene, Riley","682985","Tigers","","LF","-4",-5,-1,0,-4,0,-2,-2,"86%","88%","-2%"
"Grichuk, Randal","545341","---","","LF","2",2,0,0,1,0,1,0,"89%","86%","3%"
"Gurriel Jr., Lourdes","666971","D-backs","","LF","-3",-3,0,0,-1,-1,-1,-2,"85%","90%","-5%"
"Haase, Eric","606992","Giants","","LF","0",0,0,0,0,0,0,0,"0%","31%","-31%"
"Haggerty, Sam","664059","Rangers","","LF","1",1,0,1,1,0,1,1,"96%","91%","5%"
"Happ, Ian","664023","Cubs","","LF","1",1,0,1,-1,1,1,0,"85%","85%","0%"
"Harris II, Michael","671739","Braves","","CF","0",0,0,0,0,0,0,0,"100%","99%","1%"
"Harris, Dustin","687957","---","","LF","0",0,0,-1,1,0,0,0,"90%","89%","1%"
"Hays, Austin","669720","---","","LF","-1",-1,0,-1,0,0,-1,0,"74%","79%","-5%"
"Helman, Michael","680737","Rangers","","CF","0",0,0,0,0,0,0,0,"100%","99%","1%"
"Hernández, Enrique","571771","Dodgers","","3B","0",0,0,-1,0,0,-1,1,"85%","87%","-2%"
"Hernández, Heriberto","681715","Marlins","","LF","2",3,2,1,-1,0,0,2,"89%","88%","1%"
"Hernández, Teoscar","606192","Dodgers","","LF","-5",-6,-1,-5,-1,1,-2,-3,"87%","90%","-3%"
"Hicklen, Brewer","676551","Braves","","RF","0",0,0,0,0,0,0,0,"75%","85%","-10%"
"Hill, Derek","656537","White Sox","","CF","0",0,0,0,0,0,0,0,"50%","50%","0%"
"Hill, Turner","806367","Giants","","LF","1",1,0,-1,1,1,1,0,"96%","94%","2%"
"Hinds, Rece","677956","Orioles","","RF","0",0,0,0,0,0,0,0,"100%","99%","1%"
"Hoskins, Rhys","656555","Guardians","","1B","-1",-1,0,0,0,-1,-1,0,"0%","95%","-95%"
"Ibáñez, Andy","628451","Mets","","2B","0",0,0,0,0,0,0,0,"100%","95%","5%"
"Ingle, Cooper","694876","Guardians","","LF","-2",-2,0,-1,-1,0,0,-2,"67%","88%","-21%"
"Jackson, Jeremiah","669236","Orioles","","2B","0",0,0,0,0,0,0,0,"100%","97%","3%"
"Joe, Connor","656582","Mariners","","RF","-1",-1,0,-1,0,-1,-1,-1,"60%","83%","-23%"
"Johnson, Bryce","669369","Padres","","CF","0",0,0,0,0,0,0,0,"100%","99%","1%"
"Johnson, Daniel","669288","Astros","","CF","0",0,0,0,0,0,0,0,"100%","99%","1%"
"Johnson, Ivan","671155","Reds","","LF","-1",-1,-1,0,0,0,0,-1,"71%","82%","-11%"
"Johnston, Troy","687859","Rockies","","RF","0",0,-1,0,0,0,0,-1,"79%","80%","-1%"
"Jones, Greg","675659","Brewers","","LF","0",0,0,0,0,0,0,0,"100%","99%","1%"
"Jones, Jahmai","663330","---","","LF","-2",-3,-1,-1,-1,0,-1,-2,"57%","94%","-37%"
"Jones, Spencer","682987","Yankees","","CF","-1",-1,0,0,-1,0,-1,0,"88%","93%","-5%"
"Jorge, Carlos","699115","Reds","","CF","0",0,0,0,0,0,0,0,"100%","99%","1%"
"Kayfus, CJ","692216","Guardians","","LF","-2",-3,-1,-1,0,0,-1,-2,"60%","86%","-26%"
"Kelenic, Jarred","672284","Rangers","","RF","1",2,1,0,0,0,0,1,"100%","87%","13%"
"Kemp, Otto","805249","Phillies","","LF","-3",-3,0,-1,-1,-2,-1,-3,"68%","85%","-17%"
"Kepler, Max","596146","D-backs","","LF","1",1,0,1,0,0,1,0,"90%","89%","1%"
"Kim, Hyeseong","808975","Dodgers","","SS","0",0,0,0,0,0,0,0,"100%","96%","4%"
"Kreidler, Ryan","668952","Twins","","SS","0",0,0,0,0,0,0,0,"100%","99%","1%"
"Kwan, Steven","680757","Guardians","","CF","1",2,1,1,-1,1,2,0,"89%","88%","1%"
"Langford, Wyatt","694671","Rangers","","LF","5",5,1,2,1,1,2,4,"88%","85%","3%"
"Lara, Luis","800325","Brewers","","RF","0",0,0,0,0,0,0,0,"100%","99%","1%"
"Larnach, Trevor","663616","Twins","","LF","-4",-4,0,0,-3,0,0,-4,"84%","86%","-2%"
"Laureano, Ramón","657656","Padres","","LF","1",1,-1,1,1,0,1,0,"85%","84%","1%"
"Lawlar, Jordan","691783","D-backs","","CF","1",1,0,0,0,0,0,1,"92%","87%","5%"
"Leonard, Eddys","678760","Giants","","LF","-1",-1,-1,0,0,0,0,-1,"67%","86%","-19%"
"Lile, Daylen","695734","Nationals","","LF","1",2,2,1,-2,1,0,2,"86%","86%","0%"
"Lockridge, Brandon","663604","Brewers","","LF","0",0,-1,-1,1,0,0,0,"85%","85%","0%"
"Loftin, Nick","679845","Royals","","3B","-1",-1,0,-1,0,0,0,-1,"75%","87%","-12%"
"Loperfido, Joey","694388","Astros","","LF","2",2,0,0,0,2,1,1,"94%","90%","4%"
"Lopez, Nicky","670032","Rangers","","2B","-2",-2,0,-1,0,-1,0,-2,"25%","75%","-50%"
"Lowe, Josh","666139","Angels","","LF","0",0,1,-2,1,0,0,0,"85%","86%","-1%"
"Lugo, Matthew","683090","Royals","","LF","0",0,0,0,0,0,0,0,"100%","97%","3%"
"Lukes, Nathan","664770","Blue Jays","","RF","0",0,0,0,0,0,0,0,"92%","90%","2%"
"Malgeri, Ben","701162","Tigers","","RF","0",-1,0,0,0,0,-1,0,"86%","89%","-3%"
"Mangum, Jake","663968","Pirates","","CF","-1",-1,0,-1,0,0,0,0,"84%","85%","-1%"
"Marsh, Brandon","669016","Phillies","","LF","0",1,1,2,-1,-1,0,1,"90%","90%","0%"
"Marte, Starling","516782","Royals","","RF","-1",-1,0,0,-1,0,0,-1,"69%","75%","-6%"
"Martin Jr., Rudy","657675","Blue Jays","","LF","0",0,0,0,0,0,0,0,"0%","6%","-6%"
"Martin, Austin","668885","Twins","","LF","2",2,1,0,0,1,1,1,"91%","89%","2%"
"Martínez, Angel","682657","Guardians","","LF","-2",-2,0,-2,-2,2,1,-2,"86%","87%","-1%"
"Massey, Michael","686681","Royals","","2B","0",0,0,0,0,0,0,0,"50%","56%","-6%"
"Mastrobuoni, Miles","670156","Mariners","","3B","0",0,0,-1,0,0,0,0,"80%","88%","-8%"
"Matos, Luis","682641","Brewers","","RF","0",0,0,0,0,0,0,0,"100%","96%","4%"
"Matthews, Brice","694728","Astros","","CF","1",1,0,0,1,1,1,0,"94%","91%","3%"
"McAdoo, Charles","807727","Blue Jays","","2B","0",0,0,0,0,0,0,0,"100%","99%","1%"
"McCarthy, Jake","664983","Rockies","","CF","0",0,-1,0,1,0,1,-1,"86%","86%","0%"
"McCray, Grant","687529","Giants","","CF","-2",-2,0,0,-1,0,1,-2,"82%","93%","-11%"
"McCutchen, Andrew","457705","Rangers","","RF","0",0,0,0,0,0,0,0,"80%","79%","1%"
"McKinstry, Zach","656716","Tigers","","2B","0",0,0,0,0,0,0,0,"100%","99%","1%"
"McNeil, Jeff","643446","Athletics","","2B","0",0,0,0,0,0,0,0,"100%","70%","30%"
"Meckler, Wade","685133","Angels","","LF","0",-1,1,-1,0,0,-1,0,"87%","87%","0%"
"Melendez, MJ","669004","Mets","","LF","0",0,0,0,0,0,0,0,"93%","94%","-1%"
"Meneses, Joey","608841","Athletics","","1B","-2",-2,-1,0,0,-1,-1,-1,"40%","76%","-36%"
"Mesa Jr., Victor","683748","Rays","","RF","-1",-1,0,-1,0,0,-1,0,"93%","97%","-4%"
"Misner, Kameron","670224","Royals","","CF","0",0,0,0,0,0,0,0,"100%","99%","1%"
"Moniak, Mickey","666160","Rockies","","LF","0",0,0,0,-1,0,0,-1,"90%","90%","0%"
"Montes, Lazaro","703155","Mariners","","RF","0",0,0,0,0,0,0,0,"100%","99%","1%"
"Moore, Christian","695681","Angels","","2B","-2",-2,-1,-1,0,0,0,-2,"63%","87%","-24%"
"Moore, Dylan","664238","Phillies","","CF","0",0,0,0,0,0,0,0,"100%","97%","3%"
"Morabito, Nick","703492","Mets","","LF","2",2,1,1,0,0,0,2,"97%","91%","6%"
"Morel, Christopher","666624","Mets","","1B","0",0,0,0,0,0,0,0,"80%","80%","0%"
"Muncy, Max","691777","Athletics","","3B","-1",-1,0,0,0,-1,0,-1,"57%","74%","-17%"
"Murray, Tanner","695020","White Sox","","3B","-1",-1,0,-1,0,0,-1,0,"73%","83%","-10%"
"Nootbaar, Lars","663457","---","","LF","1",1,1,0,0,1,0,1,"90%","89%","1%"
"Ornelas, Jonathan","680716","Athletics","","2B","0",0,0,0,0,0,0,0,"100%","99%","1%"
"Osuna, Alejandro","696030","Rangers","","LF","-5",-6,-2,-1,-3,1,-3,-3,"83%","89%","-6%"
"Outman, James","681546","---","","CF","0",1,0,0,0,0,0,0,"93%","91%","2%"
"Pache, Cristian","665506","Mets","","LF","0",0,0,-1,0,0,0,0,"90%","93%","-3%"
"Palacios, Richie","680700","Rays","","2B","0",0,0,0,0,0,0,0,"0%","30%","-30%"
"Paris, Kyren","677347","Angels","","LF","0",0,0,0,-1,0,0,-1,"83%","91%","-8%"
"Pereira, Everson","677592","---","","RF","1",1,0,1,0,0,0,1,"89%","77%","12%"
"Perez, Junior","678577","White Sox","","LF","0",0,0,-1,0,0,-1,0,"85%","88%","-3%"
"Perkins, Blake","663368","Brewers","","CF","-1",-1,0,-1,0,0,-1,0,"82%","90%","-8%"
"Peters, Tristan","671976","White Sox","","CF","1",1,0,-1,0,1,2,-1,"92%","87%","5%"
"Pham, Tommy","502054","Mets","","LF","0",0,0,0,0,0,0,0,"100%","99%","1%"
"Pinckney, Andrew","687605","Nationals","","LF","0",0,0,0,0,0,0,0,"92%","89%","3%"
"Piñango, Yohendrick","682818","Blue Jays","","LF","-3",-3,0,-2,-2,0,-1,-2,"91%","95%","-4%"
"Raley, Luke","670042","Mariners","","RF","-2",-2,0,-2,0,0,-2,0,"71%","96%","-25%"
"Ramos, Heliot","671218","---","","LF","-4",-5,0,-3,-1,0,0,-5,"87%","90%","-3%"
"Rave, John","670231","Royals","","RF","0",0,0,0,0,0,0,0,"100%","97%","3%"
"Refsnyder, Rob","608701","Mariners","","RF","-1",-1,0,-1,0,0,0,-1,"67%","89%","-22%"
"Rengifo, Luis","650859","Padres","","3B","-1",-1,0,0,-1,0,0,-1,"87%","89%","-2%"
"Reyes, Felix","694025","Phillies","","LF","0",0,0,0,0,0,0,0,"78%","80%","-2%"
"Reynolds, Bryan","668804","Pirates","","LF","-1",-1,0,-1,0,0,0,-2,"89%","89%","0%"
"Robert Jr., Luis","673357","---","","CF","-1",-1,0,-1,-1,0,-1,0,"65%","74%","-9%"
"Robles, Victor","645302","Mariners","","RF","-1",-1,0,0,0,-1,-1,0,"77%","84%","-7%"
"Roden, Alan","702176","Twins","","RF","-1",-1,0,0,-2,0,-1,0,"70%","83%","-13%"
"Rodriguez, Emmanuel","691181","Twins","","LF","1",1,0,1,0,0,1,0,"100%","94%","6%"
"Rodriguez, Jesus","683679","Giants","","RF","-1",-1,0,-1,0,0,-1,0,"50%","73%","-23%"
"Rooker, Brent","667670","Athletics","","RF","0",0,0,0,0,0,0,0,"100%","99%","1%"
"Rosario, Amed","642708","Yankees","","3B","0",0,0,0,0,0,0,0,"100%","99%","1%"
"Ruiz, Esteury","665923","Marlins","","RF","0",0,0,0,0,0,0,0,"91%","90%","1%"
"Saggese, Thomas","695336","Cardinals","","SS","0",0,0,0,0,0,0,0,"91%","90%","1%"
"Sanoja, Javier","691594","Marlins","","3B","-1",-1,0,0,-1,0,0,-1,"64%","70%","-6%"
"Schmitt, Casey","669477","Giants","","3B","-2",-2,-1,-1,-1,0,-1,-1,"83%","86%","-3%"
"Schneemann, Daniel","682177","Guardians","","3B","0",0,0,0,0,0,0,0,"100%","99%","1%"
"Schneider, Davis","676914","Blue Jays","","LF","-3",-3,0,0,-2,0,0,-2,"75%","80%","-5%"
"Schuemann, Max","680474","Yankees","","LF","-1",-1,0,0,0,-1,0,-1,"73%","78%","-5%"
"Schwarber, Kyle","656941","Phillies","","1B","-1",-1,0,0,-1,0,0,-1,"71%","86%","-15%"
"Scott II, Victor","687363","Cardinals","","CF","1",1,0,0,0,0,0,0,"100%","91%","9%"
"Shaw, Matt","807713","Cubs","","2B","0",0,0,0,0,0,0,0,"100%","99%","1%"
"Sheets, Gavin","657757","Padres","","1B","-1",-2,-1,0,-1,0,-1,-1,"87%","90%","-3%"
"Simon, Ronny","682927","Pirates","","RF","0",0,0,0,0,0,0,0,"100%","96%","4%"
"Simpson, Chandler","802415","Rays","","LF","7",8,4,2,3,-1,2,6,"91%","88%","3%"
"Siri, Jose","642350","Angels","","LF","-3",-4,0,-1,-1,-1,-1,-2,"83%","88%","-5%"
"Slater, Austin","596103","---","","RF","0",0,0,0,0,0,0,0,"100%","87%","13%"
"Smith, Dominic","642086","Braves","","1B","0",0,0,0,0,0,0,0,"100%","99%","1%"
"Smith, Josh","669701","---","","2B","0",0,0,0,0,0,0,0,"87%","86%","1%"
"Soderstrom, Tyler","691016","Athletics","","LF","-7",-8,1,-4,-2,-3,-7,-1,"82%","85%","-3%"
"Sosa, Edmundo","624641","Phillies","","3B","0",0,1,0,0,-1,-2,2,"88%","88%","0%"
"Soto, Juan","665742","Mets","","LF","-3",-3,-2,-1,-1,1,0,-3,"84%","86%","-2%"
"Springer, George","543807","Blue Jays","","LF","0",0,0,0,0,0,0,0,"75%","76%","-1%"
"Steer, Spencer","668715","Reds","","1B","1",1,0,0,0,0,0,1,"85%","83%","2%"
"Stowers, Kyle","669065","Marlins","","1B","0",0,0,0,0,0,-1,1,"91%","91%","0%"
"Straw, Myles","664702","Blue Jays","","CF","0",0,0,1,-1,-1,0,0,"84%","85%","-1%"
"Stubbs, Garrett","596117","Phillies","","1B","0",0,0,0,0,0,0,0,"67%","78%","-11%"
"Sánchez, Jesús","660821","Blue Jays","","LF","-2",-2,0,-1,0,-1,0,-2,"87%","90%","-3%"
"Taveras, Leody","665750","Orioles","","CF","0",0,0,0,0,0,0,0,"100%","99%","1%"
"Tawa, Tim","694374","D-backs","","1B","0",0,0,0,-2,2,0,0,"90%","90%","0%"
"Taylor, Samad","669392","Padres","","LF","-2",-2,0,0,-2,0,-1,0,"90%","93%","-3%"
"Taylor, Tyrone","621438","---","","LF","3",3,2,-1,1,1,1,2,"92%","87%","5%"
"Tena, José","677588","Nationals","","2B","0",0,0,0,0,0,0,0,"89%","88%","1%"
"Teodosio, Bryce","669326","Angels","","CF","1",1,0,0,1,0,1,0,"90%","84%","6%"
"Thomas, Colby","687515","Athletics","","RF","1",1,0,0,0,1,0,1,"100%","94%","6%"
"Thomas, Lane","657041","---","","CF","-1",-1,0,-1,-1,0,-1,0,"92%","94%","-2%"
"Thompson, Sterlin","694514","Rockies","","LF","-1",-1,0,-1,0,0,-1,0,"67%","71%","-4%"
"Toglia, Michael","669911","Reds","","1B","0",0,0,0,0,0,0,0,"67%","66%","1%"
"Tolbert, Tyler","686475","Royals","","SS","0",0,0,0,0,0,0,0,"86%","84%","2%"
"Torres, Bryan","663494","Cardinals","","2B","0",0,-1,0,1,0,1,-1,"88%","88%","0%"
"Trammell, Taylor","666211","Astros","","LF","2",3,1,1,1,0,1,2,"91%","88%","3%"
"Troy, Tommy","694371","D-backs","","LF","0",0,0,2,-1,-1,1,-1,"82%","82%","0%"
"Valdez, Esmerlyn","699013","Pirates","","RF","0",0,0,0,0,0,0,0,"92%","92%","0%"
"Valera, George","671655","Guardians","","LF","-1",-2,0,-2,0,0,-1,-1,"77%","86%","-9%"
"Varsho, Daulton","662139","Astros","","CF","0",0,0,0,0,0,0,0,"100%","99%","1%"
"Veen, Zac","691728","Rockies","","LF","-2",-3,0,-1,-1,0,-1,-1,"70%","79%","-9%"
"Velázquez, Nelson","676369","---","","LF","-5",-5,0,-2,-2,-1,-1,-5,"80%","93%","-13%"
"Vierling, Matt","663837","Tigers","","CF","-2",-2,-1,0,0,-1,-1,-1,"73%","88%","-15%"
"Vilade, Ryan","668723","Rays","","RF","-1",-2,1,-2,-1,0,-1,0,"84%","90%","-6%"
"Wade Jr., LaMonte","664774","Astros","","LF","-2",-2,-1,0,0,0,-1,-2,"81%","86%","-5%"
"Wagaman, Eric","676572","Mets","","1B","0",0,0,0,0,0,0,0,"100%","99%","1%"
"Waldschmidt, Ryan","814439","D-backs","","CF","0",0,-1,1,-1,1,0,1,"83%","82%","1%"
"Ward, Ryan","669899","Dodgers","","LF","1",1,1,0,0,0,1,0,"94%","89%","5%"
"Ward, Taylor","621493","Orioles","","LF","0",-1,1,1,-1,-2,0,0,"88%","89%","-1%"
"Whitcomb, Shay","694376","Astros","","3B","0",0,0,0,0,0,0,0,"100%","99%","1%"
"White, Eli","642201","---","","RF","2",3,1,1,-1,0,2,1,"97%","87%","10%"
"Williams, Luke","663897","Braves","","LF","0",0,0,0,0,0,0,0,"100%","99%","1%"
"Wilson, Weston","642215","Orioles","","3B","-1",-1,0,0,0,-1,0,-1,"0%","68%","-68%"
"Wood, James","695578","Nationals","","RF","-2",-3,-1,-2,0,0,-1,-1,"87%","94%","-7%"
"Workman, Gage","669398","Padres","","3B","0",0,0,0,0,0,0,0,"100%","98%","2%"
"Yastrzemski, Mike","573262","Braves","","LF","-1",-1,-1,1,0,-1,0,-1,"86%","87%","-1%"
"Yelich, Christian","592885","Brewers","","LF","0",0,0,0,0,0,0,0,"100%","99%","1%"
"Yorke, Nick","694377","Pirates","","3B","0",0,0,0,0,0,0,0,"75%","78%","-3%"
"Yoshida, Masataka","807799","Red Sox","","LF","-2",-3,-1,-1,0,-1,-1,-2,"67%","85%","-18%"
"Young, Jared","676724","Mets","","1B","-1",-1,0,0,0,-1,0,-1,"70%","78%","-8%"