"entity_name","entity_id","team_id","age","maxeff_arm_2b_3b_sba","exchange_2b_3b_sba","pop_2b_sba_count","pop_2b_sba","pop_2b_cs","pop_2b_sb","pop_3b_sba_count","pop_3b_sba","pop_3b_cs","pop_3b_sb"
"Huff, Sam","669087",110,"28","83.1","0.58","2","1.86","1.84","1.89","0",,,
"Realmuto, J.T.","592663",143,"35","86","0.62","51","1.85","1.84","1.86","4","1.4","1.4","1.4"
"Haase, Eric","606992",137,"33","83.6","0.63","12","1.87","1.85","1.88","1","1.45","1.45",
"Durán, Rodolfo","660710",135,"28","89","0.64","16","1.87","1.85","1.89","0",,,
"Valenzuela, Brandon","678218",141,"25","85.7","0.64","49","1.88","1.85","1.89","1","1.39",,"1.39"
"Dingler, Dillon","693307",116,"27","87.9","0.62","42","1.86","1.86","1.86","2","1.43",,"1.43"
"Cavanaugh, Drew","701852",137,"24","84.2","0.62","26","1.88","1.86","1.89","2","1.66",,"1.66"
"Bailey, Patrick","672275",114,"27","84.5","0.59","48","1.85","1.86","1.84","2","1.36","1.38","1.33"
"Crooks, Jimmy","699625",138,"24","84.8","0.62","7","1.9","1.86","1.91","0",,,
"Davis, Henry","680779",134,"26","88.1","0.66","20","1.9","1.86","1.95","1","1.4",,"1.4"
"Stubbs, Garrett","596117",143,"33","85","0.61","12","1.84","1.86","1.83","0",,,
"Langeliers, Shea","669127",133,"28","87.4","0.63","35","1.87","1.86","1.87","4","1.42","1.41","1.43"
"Torrens, Luis","620443",121,"30","83.4","0.6","24","1.86","1.87","1.85","4","1.42","1.44","1.41"
"Susac, Daniel","691740",137,"25","85.6","0.61","21","1.89","1.87","1.9","2","1.5",,"1.5"
"Rushing, Dalton","687221",119,"25","82.7","0.6","26","1.92","1.88","1.93","1","1.52","1.52",
"Fermin, Freddy","666023",135,"31","85.1","0.63","52","1.88","1.88","1.88","5","1.47","1.45","1.51"
"Fortes, Nick","663743",139,"29","81.2","0.64","65","1.93","1.88","1.94","7","1.43","1.41","1.46"
"Moreno, Gabriel","672515",109,"26","82.6","0.6","34","1.9","1.88","1.9","3","1.4","1.48","1.36"
"Rutschman, Adley","668939",111,"28","85.3","0.67","41","1.94","1.89","1.97","2","1.48",,"1.48"
"Maile, Luke","571912",118,"35","82.1","0.64","10","1.93","1.89","1.93","0",,,
"Valencia, Eduardo","680664",116,"26","81.6","0.65","13","1.95","1.89","1.97","1","1.58",,"1.58"
"Mack, Joe","691788",146,"23","83.3","0.6","53","1.89","1.89","1.89","4","1.35","1.34","1.37"
"Pereda, Jhonny","640902",136,"30","84.4","0.66","11","1.98","1.89","2.03","1","1.44",,"1.44"
"Pagés, Pedro","686780",138,"27","84.4","0.63","46","1.9","1.89","1.91","2","1.55",,"1.55"
"Jackson, Alex","656577",142,"30","84.3","0.62","10","1.89","1.89","1.89","1","1.38",,"1.38"
"Sánchez, Ali","645305",147,"29","80.6","0.6","6","1.94","1.89","1.95","0",,,
"Rortvedt, Ben","666163",119,"28","85.6","0.67","7","1.93","1.9","1.94","1","1.43",,"1.43"
"Hedges, Austin","595978",114,"33","83.1","0.64","16","1.94","1.9","1.94","1","1.44",,"1.44"
"Jensen, Carter","695600",118,"22","84.1","0.66","29","1.9","1.9","1.9","2","1.54","1.42","1.67"
"Ford, Harry","695670",120,"23","83","0.65","18","1.94","1.9","1.95","1","1.52",,"1.52"
"Marchán, Rafael","665561",143,"27","83.8","0.6","13","1.88","1.9","1.88","0",,,
"Navarreto, Brian","640459",146,"31","84.7","0.66","19","1.9","1.9","1.9","0",,,
"Díaz, Elias","553869",140,"35","84.2","0.62","21","1.89","1.9","1.88","3","1.47","1.47",
"Escarra, J.C.","641555",147,"31","81.9","0.61","12","1.91","1.91","1.91","1","1.61",,"1.61"
"Contreras, William","661388",158,"28","81.7","0.62","41","1.92","1.91","1.93","3","1.51","1.54","1.46"
"Bernal, Leo","699024",138,"22","90.1","0.67","14","1.88","1.91","1.87","0",,,
"Ramírez, Agustín","682663",146,"24","82.7","0.72","11","1.96","1.91","1.99","0",,,
"Amaya, Miguel","665804",112,"27","82.9","0.64","28","1.94","1.91","1.96","0",,,
"Basallo, Samuel","694212",110,"21","87.8","0.71","37","1.92","1.91","1.92","0",,,
"Piper, Kenny","700652",139,"27",,"0.67","1","1.91","1.91",,"0",,,
"Alvarez, Francisco","682626",121,"24","85.7","0.64","34","1.92","1.91","1.93","2","1.45","1.53","1.37"
"Romo, Drew","691011",145,"24","84.9","0.61","39","1.93","1.91","1.94","3","1.41","1.4","1.42"
"Wynns, Austin","642851",140,"35","77.3","0.59","14","1.95","1.92","1.96","2","1.53",,"1.53"
"Salazar, César","663967",117,"30","74.9","0.57","2","1.96","1.92","2","1","1.54",,"1.54"
"Bart, Joey","663698",145,"29","83.9","0.67","27","1.95","1.93","1.96","3","1.51","1.51","1.51"
"O'Hoppe, Logan","681351",140,"26","85.1","0.75","37","1.97","1.93","1.98","0",,,
"Quero, Edgar","700337",145,"23","80.9","0.6","19","1.97","1.93","1.98","1","1.64",,"1.64"
"Price, Collin","805672",117,"26","84.7","0.69","5","1.93","1.93","1.93","0",,,
"Hicks, Liam","689414",139,"27","82","0.68","48","1.97","1.94","1.97","5","1.52","1.48","1.54"
"Teel, Kyle","691019",145,"24","84.8","0.67","22","1.96","1.94","1.97","1","1.56","1.56",
"Diaz, Yainer","673237",117,"27","85.7","0.68","54","1.95","1.94","1.95","2","1.51","1.51",
"Jeffers, Ryan","680777",142,"29","82.3","0.65","30","1.96","1.94","1.96","1","1.51","1.51",
"Baldwin, Drake","686948",144,"25","79.7","0.61","33","1.93","1.94","1.93","2","1.58","1.52","1.63"
"Heineman, Tyler","623168",108,"35","77","0.57","34","1.95","1.94","1.95","1","1.46",,"1.46"
"Flores Jr., Rafael","804668",134,"25","84.3","0.66","23","1.94","1.94","1.93","0",,,
"Goodman, Hunter","696100",115,"26","83.9","0.71","47","1.95","1.94","1.95","4","1.65","2.02","1.53"
"Millas, Drew","686452",120,"28","84.8","0.7","15","1.94","1.94","1.94","2","1.48","1.46","1.51"
"Herrera, Iván","671056",138,"26","79.8","0.66","30","2","1.94","2","2","1.72",,"1.72"
"Smith, Will","669257",119,"31","82.1","0.66","28","1.97","1.95","1.97","5","1.51","1.5","1.51"
"Rodríguez, Endy","682848",134,"26","85.7","0.65","17","1.89","1.95","1.87","1","1.5",,"1.5"
"Rogers, Jake","668670",145,"31","79.6","0.61","20","1.95","1.95","1.95","1","1.5",,"1.5"
"Ballesteros, Moisés","694208",108,"22","84.2","0.66","10","1.95","1.95","1.95","1","1.68","1.68",
"Wells, Austin","669224",147,"26","79.5","0.62","33","1.97","1.95","1.97","0",,,
"Sánchez, Gary","596142",158,"33","85.2","0.74","12","1.95","1.96","1.94","1","1.46",,"1.46"
"Perez, Salvador","521692",118,"36","80.8","0.66","17","1.97","1.96","1.98","1","1.55","1.55",
"Murphy, Sean","669221",144,"31","83.2","0.67","14","1.94","1.96","1.93","0",,,
"Wong, Connor","657136",111,"30","83.2","0.68","33","1.97","1.96","1.97","1","1.48","1.48",
"León, Sandy","506702",144,"37","76.6","0.62","13","2.01","1.97","2.03","1","1.4","1.4",
"Kelly, Carson","608348",112,"31","83.2","0.64","60","1.96","1.97","1.95","5","1.45","1.49","1.42"
"Campusano, Luis","669134",135,"27","82.9","0.67","27","1.95","1.97","1.94","4","1.64","1.56","1.71"
"Alfonzo, Eliezer","672613",119,"26","81.1","0.71","5","2.02","1.98","2.02","0",,,
"Feduccia, Hunter","676439",119,"29","82.9","0.72","45","2.01","1.98","2.02","1","1.59",,"1.59"
"Narváez, Carlos","665966",110,"27","78.5","0.61","32","1.96","1.98","1.96","5","1.65","1.43","1.7"
"McCann, James","543510",109,"36","80.6","0.64","29","1.98","1.98","1.98","2","1.57",,"1.57"
"Kirk, Alejandro","672386",141,"27","79.8","0.63","53","2","1.99","2","3","1.48",,"1.48"
"d'Arnaud, Travis","518595",108,"37","81.6","0.63","14","1.95","1.99","1.93","0",,,
"Trevino, Jose","624431",113,"33","78.2","0.6","32","1.99","1.99","2","1","1.48",,"1.48"
"Stephenson, Tyler","663886",113,"29","82","0.7","64","2","1.99","2","3","1.58",,"1.58"
"Jansen, Danny","643376",140,"31","77.8","0.67","30","2","1.99","2.01","3","1.53","1.58","1.51"
"Higgins, P.J.","664731",113,"33","78.7","0.66","11","2.04","2","2.05","0",,,
"Heim, Jonah","641680",133,"31","83.4","0.7","43","1.99","2","1.98","7","1.59","1.55","1.59"
"Raleigh, Cal","663728",136,"29","81.8","0.68","61","2","2.01","2","0",,,
"Vázquez, Christian","543877",117,"35","78.3","0.6","46","1.99","2.02","1.97","4","1.42","1.38","1.46"
"Rivero, Sebastián","665861",108,"27","83.5","0.65","8","1.95","2.02","1.94","0",,,
"Sullivan, Brett","664954",115,"32","83.4","0.72","35","2","2.03","2","1","1.69",,"1.69"
"Caratini, Victor","605170",142,"32","79.2","0.67","41","2.04","2.03","2.04","1","1.64","1.64",
"Higashioka, Kyle","543309",140,"36","76.9","0.65","30","2.01","2.04","2","0",,,
"Ruiz, Keibert","660688",120,"27","78.5","0.67","47","2.05","2.04","2.05","3","1.52",,"1.52"
"Pozo, Yohel","650968",110,"29","80.8","0.73","7","2.01","2.05","1.98","0",,,
"Garver, Mitch","641598",136,"35","78.1","0.72","13","2.07","2.05","2.08","2","1.6",,"1.6"
"Serven, Brian","661531",133,"31","77.8","0.66","8","1.98","2.07","1.96","0",,,
"Gasper, Mickey","681508",111,"30","79.7","0.6","11","1.97","2.09","1.95","2","1.49","1.49","1.49"
"Naylor, Bo","666310",158,"26","82.9","0.64","11","1.95","2.1","1.92","3","1.47",,"1.47"
"Camargo, Jair","665856",144,"26",,"0.7","1","2.07",,"2.07","0",,,
"Tromp, Chadwick","644433",110,"31","78.9","0.6","3","1.94",,"1.94","1","1.48","1.48",
"Del Castillo, Adrian","680728",109,"26","78.8","0.65","4","1.98",,"1.98","0",,,
"Senger, Hayden","663584",121,"29","83.7","0.6","1","1.87",,"1.87","1","1.46","1.46",
"Banfield, Will","677943",113,"26",,"0.7","1","1.9",,"1.9","0",,,
"Rodriguez, Jesus","683679",137,"24","84","0.66","7","1.94",,"1.94","0",,,
"Salas, Ethan","806956",135,"20","83.4","0.62","2","1.86",,"1.86","0",,,
"Garcia, Aramis","605244",109,"33","82.9","0.66","4","1.94",,"1.94","1","1.47",,"1.47"
"McGuire, Reese","624512",145,"31","80.6","0.53","10","1.96",,"1.96","0",,,
"Fry, David","681807",114,"30","83.3","0.67","2","1.9",,"1.9","1","1.54",,"1.54"
"Fulford, Braxton","690924",115,"27","86.5","0.7","6","1.9",,"1.9","1","1.53",,"1.53"
"Robinson, Chuckie","642020",119,"31","84.1","0.83","2","2.07",,"2.07","0",,,
"Knizner, Andrew","668800",137,"31","78.9","0.62","11","2",,"2","0",,,