id,name,team,kind,pos,bats,throws,heightIn,weightLb,age,statcastYears,batSpeed,batSpeed_se,swingLenFt,swingLenFt_se,attack,attack_se,swingTilt,swingTilt_se,speed,speed_se,armMph,armMph_se,popTime,popTime_se,pullBias,pullBias_se,contactDepthSd,contactDepthSd_se,armAngle,armAngle_se,ext,ext_se,fbVelo,fbVelo_se,ffCmdX,ffCmdZ,ffCmdX_se,ffCmdZ_se,spRole
643217,Andrew Benintendi,CWS,position,DH,L,L,69,185,32.24,2025 2026,67.6699,0.1946,7.04102,0.0196,14.3338,0.2625,31.2643,0.1716,26.6329,0.127,82.6,0.0722,,,2.65268,0.5771,8.78805,0.1798,,,,,,,,,,,
641743,Anthony Kay,CWS,pitcher,P,L,L,72,225,31.53,2026,,,,,,,,,,,,,,,,,,,34.5802,0.0945,5.85945,0.0035,95.9089,0.0444,8.78518,9.06852,0.2574,0.289,SP
695731,Braden Montgomery,CWS,position,RF,S,R,74,220,23.46,2026,67.6426,0.3013,6.47983,0.0307,6.33319,0.419,32.0879,0.156,28.4,0.1566,89.9,0.0603,,,-6.48539,0.8096,9.35207,0.2923,,,,,,,,,,,
686668,Brenton Doyle,CWS,position,CF,R,R,75,223,28.38,2025 2026,70.0824,0.198,7.24341,0.0226,10.5452,0.2735,30.3676,0.1392,29.3676,0.1275,93.8523,0.0416,,,-1.96208,0.5276,8.30194,0.1984,,,,,,,,,,,
663542,Bryan Hudson,CWS,pitcher,P,L,L,80,248,29.4,2025 2026,,,,,,,,,,,,,,,,,,,11.9772,0.1602,7.30495,0.0055,91.6925,0.0517,8.9592,6.81747,0.2094,0.1772,RP
805367,Chase Meidroth,CWS,position,2B,R,R,69,190,25.19,2025 2026,65.498,0.1638,6.61297,0.0166,9.44936,0.2386,29.9649,0.144,27.2813,0.0982,77.86,0.0294,,,-3.44656,0.4957,9.07298,0.1701,,,,,,,,,,,
695657,Colson Montgomery,CWS,position,SS,L,R,75,230,24.59,2025 2026,74.7105,0.1951,7.82176,0.0211,10.4837,0.2619,32.7581,0.1143,26.7511,0.1449,80.1394,0.0364,,,4.33026,0.4758,8.56998,0.1801,,,,,,,,,,,
689818,David Sandlin,CWS,pitcher,P,R,R,76,215,25.61,2026,,,,,,,,,,,,,,,,,,,42.7492,0.142,6.53652,0.0062,96.5204,0.095,7.61234,10.7038,0.3838,0.5979,SP
663436,Davis Martin,CWS,pitcher,P,L,R,74,215,29.74,2025 2026,,,,,,,,,,,,,,,,,,,36.5479,0.0479,6.36826,0.0027,93.9016,0.0369,9.79975,9.23854,0.192,0.2151,SP
607200,Erick Fedde,CWS,pitcher,P,R,R,76,205,33.6,2025 2026,,,,,,,,,,,,,,,,,,,34.9129,0.0748,6.62116,0.0025,93.9962,0.1858,,,,,RP
691799,Grant Taylor,CWS,pitcher,P,R,R,75,230,24.37,2025 2026,,,,,,,,,,,,,,,,,,,58.0147,0.0935,7.13408,0.0048,98.2124,0.0358,6.62447,11.3902,0.1467,0.2714,RP
696146,Hagen Smith,CWS,pitcher,P,L,L,75,235,23.12,2026,,,,,,,,,,,,,,,,,,,21.0276,0.1567,6.87957,0.0072,93.9405,0.0602,9.87193,8.50459,0.3523,0.3198,RP
668670,Jake Rogers,CWS,position,C,R,R,71,201,31.46,2025 2026,68.6375,0.3389,7.47036,0.034,14.9882,0.3847,30.6186,0.202,26.5393,0.2251,,,1.95,0.0123,0.6624,0.8191,7.64534,0.2841,,,,,,,,,,,
663855,Jordan Hicks,CWS,pitcher,P,R,R,74,217,30.07,2025 2026,,,,,,,,,,,,,,,,,,,36.0682,0.1129,6.37261,0.005,99.0368,0.0857,7.87069,8.98394,0.3611,0.477,RP
691019,Kyle Teel,CWS,position,C,L,R,71,210,24.62,2025 2026,68.8367,0.2843,6.73214,0.0348,9.68174,0.5327,38.6847,0.196,27.2977,0.1893,,,1.96,0.0107,-3.9718,0.654,8.89817,0.2736,,,,,,,,,,,
682668,Luisangel Acuña,CWS,position,SS,R,R,67,181,24.56,2025 2026,69.4917,0.353,7.36083,0.0329,5.27585,0.3792,25.6436,0.2236,29.7386,0.1514,84.9077,0.0476,,,-4.67189,0.6963,8.48249,0.2725,,,,,,,,,,,
678246,Miguel Vargas,CWS,position,3B,R,R,74,225,26.87,2025 2026,71.0389,0.1751,7.68093,0.0154,11.7038,0.2148,34.585,0.1279,28.2726,0.1142,83.9532,0.0403,,,3.33627,0.3755,8.55927,0.1472,,,,,,,,,,,
808959,Munetaka Murakami,CWS,position,1B,L,R,74,213,26.66,2026,72.5764,0.2596,7.78004,0.023,18.0713,0.3412,36.1232,0.1317,26.8,0.1858,76.6,0.0562,,,-3.17166,0.643,7.64616,0.2213,,,,,,,,,,,
702273,Noah Schultz,CWS,pitcher,P,L,L,82,240,23.16,2026,,,,,,,,,,,,,,,,,,,21.0904,0.1141,6.29564,0.0047,95.2566,0.0731,10.4449,8.23323,0.4385,0.3302,SP
545341,Randal Grichuk,CWS,position,DH,R,R,72,210,35.14,2025 2026,72.5438,0.2436,7.61323,0.0291,7.51554,0.27,27.3109,0.1734,27.2346,0.1505,86.5636,0.0779,,,2.03553,0.6803,9.98017,0.2566,,,,,,,,,,,
803011,Sam Antonacci,CWS,position,LF,L,R,71,193,23.65,2026,67.9815,0.2312,6.57342,0.0234,6.62312,0.3593,38.8101,0.1379,28.2,0.1298,87.2,0.056,,,-6.66663,0.5615,7.7426,0.1932,,,,,,,,,,,
680732,Sean Burke,CWS,pitcher,P,R,R,78,240,26.79,2025 2026,,,,,,,,,,,,,,,,,,,40.6735,0.0579,6.87101,0.0027,94.6722,0.0351,8.26366,9.21511,0.1281,0.14,SP
656794,Sean Newcomb,CWS,pitcher,P,L,L,77,255,33.3,2025 2026,,,,,,,,,,,,,,,,,,,27.4368,0.094,5.67933,0.0036,94.4688,0.0443,8.81232,8.63671,0.21,0.2174,RP
502054,Tommy Pham,CWS,position,DH,R,R,73,225,38.57,2025 2026,71.4955,0.2756,6.97639,0.0304,7.44161,0.359,27.9536,0.1648,27.1461,0.1576,86.6,0.0594,,,-1.07566,0.7531,9.02727,0.2656,,,,,,,,,,,
671976,Tristan Peters,CWS,position,CF,L,R,72,180,26.59,2025 2026,67.8131,0.2541,6.85474,0.0273,12.4108,0.3572,30.1632,0.1875,28.6,0.1473,84.5,0.0513,,,-0.7215,0.7569,8.47336,0.2218,,,,,,,,,,,
699823,Tyler Davis,CWS,pitcher,P,R,R,74,210,28.0,2026,,,,,,,,,,,,,,,,,,,45.3662,0.1512,6.79262,0.0053,96.2558,0.0545,8.20736,9.71766,0.3194,0.4011,RP
694197,Angel Genao,CLE,position,2B,S,R,71,150,22.37,2026,70.9292,0.4229,7.13805,0.0529,3.56382,0.6341,30.8828,0.3667,28.3,0.2304,89.2,0.0912,,,-4.98575,1.2051,8.65345,0.4612,,,,,,,,,,,
682657,Angel Martínez,CLE,position,LF,S,R,71,200,24.68,2025 2026,69.4427,0.1706,7.27675,0.0232,10.0182,0.2911,33.9288,0.1438,27.6346,0.1187,92.0925,0.045,,,2.13352,0.5515,9.87458,0.2005,,,,,,,,,,,
595978,Austin Hedges,CLE,position,C,R,R,72,220,34.12,2025 2026,67.2334,0.377,7.25097,0.0318,8.42724,0.3788,26.4223,0.2225,24.593,0.1943,,,1.94,0.0128,3.90166,1.15001,8.60296,0.2742,,,,,,,,,,,
677587,Brayan Rocchio,CLE,position,SS,S,R,69,170,25.71,2025 2026,68.325,0.1671,7.22426,0.02,6.98418,0.2704,28.7973,0.1642,27.304,0.113,83.5897,0.0329,,,1.55293,0.475,8.93388,0.1762,,,,,,,,,,,
671922,Cade Smith,CLE,pitcher,P,R,R,77,230,27.4,2025 2026,,,,,,,,,,,,,,,,,,,38.179,0.0553,7.3729,0.0038,97.0803,0.0363,7.96617,9.0092,0.144,0.1499,RP
800050,Chase DeLauter,CLE,position,RF,L,L,75,235,24.98,2025 2026,69.5765,0.2567,7.11095,0.0226,3.55606,0.3015,29.1563,0.1781,26.6,0.1378,86.9,0.0755,,,-1.45705,0.561,8.6204,0.2174,,,,,,,,,,,
682982,Daniel Espino,CLE,pitcher,P,R,R,72,225,25.74,2026,,,,,,,,,,,,,,,,,,,42.2835,0.2161,6.64737,0.0105,98.8171,0.0803,8.31175,9.14313,0.4491,0.5109,RP
682177,Daniel Schneemann,CLE,position,CF,L,R,72,185,29.69,2025 2026,69.1618,0.226,6.98236,0.023,12.4401,0.3278,33.8822,0.1552,27.7353,0.1423,92.6454,0.0431,,,-3.28414,0.5719,8.56561,0.2107,,,,,,,,,,,
681807,David Fry,CLE,position,RF,R,R,73,215,30.86,2025 2026,68.9174,0.3189,8.04317,0.0311,15.1177,0.3915,30.9942,0.1805,26.4491,0.2086,92.2,0.0962,1.9,0.0522,0.8124,1.01558,8.83892,0.2926,,,,,,,,,,,
681870,Erik Sabrowski,CLE,pitcher,P,R,L,76,230,28.92,2025 2026,,,,,,,,,,,,,,,,,,,46.0914,0.0946,6.62841,0.0049,94.0329,0.0338,8.21851,10.9505,0.1933,0.2779,RP
656492,Foster Griffin,CLE,pitcher,P,R,L,75,225,31.18,2026,,,,,,,,,,,,,,,,,,,44.6785,0.0611,6.22521,0.0035,91.5186,0.0502,8.76504,9.73127,0.3374,0.3168,SP
668909,Gavin Williams,CLE,pitcher,P,L,R,78,250,27.18,2025 2026,,,,,,,,,,,,,,,,,,,33.6888,0.0594,6.92332,0.0033,97.2195,0.0343,7.86259,8.63251,0.1346,0.1422,SP
683769,Hunter Gaddis,CLE,pitcher,P,R,R,78,260,28.48,2025 2026,,,,,,,,,,,,,,,,,,,35.7924,0.0931,6.95544,0.0051,94.9683,0.0381,7.60035,8.65195,0.2397,0.2654,RP
666176,Jo Adell,CLE,position,RF,R,R,74,215,27.48,2025 2026,75.3734,0.181,7.6891,0.0177,7.56033,0.2559,34.9692,0.1226,28.1914,0.1089,85.8021,0.0386,,,1.36567,0.4201,8.93634,0.1548,,,,,,,,,,,
676282,Joey Cantillo,CLE,pitcher,P,L,L,76,225,26.79,2025 2026,,,,,,,,,,,,,,,,,,,50.9687,0.0575,7.20466,0.0038,92.0831,0.0354,7.44693,11.52,0.1344,0.2102,SP
608070,José Ramírez,CLE,position,3B,S,R,68,190,34.04,2025 2026,68.9469,0.1642,7.18373,0.0164,8.28211,0.2064,30.5365,0.1476,28.0949,0.1063,82.5973,0.0444,,,5.21695,0.4219,8.38612,0.1449,,,,,,,,,,,
670036,Matt Festa,CLE,pitcher,P,R,R,73,195,33.56,2025 2026,,,,,,,,,,,,,,,,,,,33.4129,0.11,6.41341,0.0042,92.5458,0.0377,8.93039,8.99852,0.245,0.2254,RP
663993,Nathaniel Lowe,CLE,position,1B,L,R,76,220,31.24,2025 2026,71.9906,0.1705,7.35584,0.0186,6.59483,0.2384,29.5704,0.1179,25.8462,0.1186,77.5019,0.0392,,,-4.42607,0.5096,9.18752,0.1747,,,,,,,,,,,
800048,Parker Messick,CLE,pitcher,P,L,L,72,225,25.93,2025 2026,,,,,,,,,,,,,,,,,,,41.9581,0.0594,6.46097,0.0032,94.2786,0.0369,7.66205,9.12201,0.1395,0.1639,SP
672275,Patrick Bailey,CLE,position,C,S,R,72,223,27.34,2025 2026,70.72,0.1864,7.23536,0.0258,5.38448,0.3706,33.0993,0.1606,25.457,0.1452,,,1.85314,0.0081,0.9764,0.5803,10.586,0.2386,,,,,,,,,,,
690984,Petey Halpin,CLE,position,CF,L,R,71,200,24.35,2025 2026,68.4742,0.3132,6.93755,0.0473,8.68223,0.5684,34.2654,0.305,28.5057,0.2558,95.9,0.0809,,,2.42932,0.8662,8.99004,0.3702,,,,,,,,,,,
542888,Shawn Armstrong,CLE,pitcher,P,R,R,74,225,36.06,2025 2026,,,,,,,,,,,,,,,,,,,40.5713,0.0869,6.62987,0.0043,93.5038,0.0421,8.70828,8.38422,0.3173,0.2425,RP
680757,Steven Kwan,CLE,position,LF,L,L,68,170,29.07,2025 2026,61.3049,0.1619,6.12311,0.018,0.8052,0.2855,36.0799,0.1476,27.3667,0.0919,87.3738,0.0392,,,-0.1865,0.3864,8.23811,0.1439,,,,,,,,,,,
676440,Tanner Bibee,CLE,pitcher,P,R,R,74,205,27.58,2025 2026,,,,,,,,,,,,,,,,,,,54.5408,0.084,6.6431,0.0024,94.1289,0.0279,8.2913,9.65958,0.1668,0.1847,SP
682120,Tim Herrin,CLE,pitcher,P,L,L,78,230,29.98,2025 2026,,,,,,,,,,,,,,,,,,,32.8927,0.1127,6.39224,0.0046,94.6603,0.0622,9.83469,8.48331,0.3313,0.3436,RP
683953,Travis Bazzana,CLE,position,2B,L,R,71,199,24.09,2026,67.3711,0.3041,6.94398,0.025,8.56365,0.3652,33.74,0.1639,28.3,0.1538,77.5,0.0475,,,0.195,0.6649,8.56733,0.2272,,,,,,,,,,,
645305,Ali Sánchez,NYY,position,C,R,R,72,200,29.7,2025 2026,69.4084,0.3032,7.13179,0.0553,10.2646,0.7183,32.4284,0.343,25.2,0.3535,,,1.932,0.0256,-2.64521,1.50707,9.35471,0.5482,,,,,,,,,,,
683011,Anthony Volpe,NYY,position,SS,R,R,70,197,25.43,2025 2026,69.8235,0.2126,7.12072,0.0227,10.171,0.2625,31.9514,0.1379,28.3,0.1256,80.1574,0.0346,,,-3.99877,0.5703,9.26632,0.2004,,,,,,,,,,,
669224,Austin Wells,NYY,position,C,L,R,73,220,27.22,2025 2026,71.1373,0.2032,7.52168,0.0209,10.6062,0.3013,32.3103,0.1442,26.1569,0.1475,,,1.97,0.009,2.40226,0.5374,9.10922,0.1935,,,,,,,,,,,
700250,Ben Rice,NYY,position,DH,L,R,74,228,27.61,2025 2026,70.9561,0.1751,7.56441,0.0184,10.7067,0.2428,34.0187,0.1107,27.0184,0.1113,67.9825,0.0565,2.07,0.0233,1.15141,0.3969,9.03647,0.1676,,,,,,,,,,,
687396,Brent Headrick,NYY,pitcher,P,L,L,78,235,28.79,2025 2026,,,,,,,,,,,,,,,,,,,40.6694,0.0612,6.89186,0.0044,94.0891,0.0385,7.37397,9.07206,0.1886,0.2456,RP
693645,Cam Schlittler,NYY,pitcher,P,R,R,78,215,25.65,2025 2026,,,,,,,,,,,,,,,,,,,42.0816,0.0592,6.69334,0.0036,98.0486,0.0243,8.26062,9.37256,0.1243,0.1721,SP
607074,Carlos Rodón,NYY,pitcher,P,L,L,74,255,33.81,2025 2026,,,,,,,,,,,,,,,,,,,44.9508,0.0591,6.08808,0.0025,94.2248,0.0295,8.17865,10.5048,0.1261,0.1752,SP
641355,Cody Bellinger,NYY,position,LF,L,L,75,204,31.22,2025 2026,68.6036,0.1323,7.79043,0.0172,12.3218,0.2031,33.4792,0.143,27.6409,0.1098,91.7663,0.0409,,,0.3539,0.3575,8.07213,0.1389,,,,,,,,,,,
670280,David Bednar,NYY,pitcher,P,L,R,73,250,31.98,2025 2026,,,,,,,,,,,,,,,,,,,39.4107,0.0753,6.50635,0.0049,96.4217,0.0298,7.78704,10.2975,0.1923,0.2202,RP
806146,George Lombard Jr.,NYY,position,SS,R,R,74,190,21.33,2026,70.5952,0.3957,7.32797,0.0387,9.46205,0.6369,34.3848,0.2554,29.3,0.2433,85.9,0.0722,,,-4.50602,1.12793,8.33139,0.3868,,,,,,,,,,,
543037,Gerrit Cole,NYY,pitcher,P,R,R,76,220,36.06,2026,,,,,,,,,,,,,,,,,,,37.6475,0.0733,6.21709,0.0039,96.7931,0.0331,7.8764,9.40011,0.1828,0.1991,SP
519317,Giancarlo Stanton,NYY,position,DH,R,R,77,245,36.9,2025 2026,78.391,0.2956,8.59766,0.0373,9.38372,0.3915,27.6537,0.2028,23.6339,0.2313,,,,,1.37603,0.7472,9.06998,0.3126,,,,,,,,,,,
671218,Heliot Ramos,NYY,position,LF,R,R,71,235,27.07,2025 2026,71.5489,0.1702,6.72537,0.0209,5.22892,0.2363,32.4765,0.1163,27.3263,0.1085,85.4273,0.039,,,-3.21875,0.4492,8.68235,0.1621,,,,,,,,,,,
665862,Jazz Chisholm Jr.,NYY,position,2B,L,R,71,184,28.66,2025 2026,71.6412,0.1627,7.77983,0.0157,14.1355,0.2341,31.9683,0.131,28.0503,0.1308,78.6197,0.0319,,,1.15894,0.48,8.35207,0.1666,,,,,,,,,,,
670167,John Schreiber,NYY,pitcher,P,R,R,74,224,32.58,2025 2026,,,,,,,,,,,,,,,,,,,10.0366,0.0994,6.46526,0.0039,93.7882,0.0471,8.90848,8.285,0.2887,0.2645,RP
676609,José Caballero,NYY,position,SS,R,R,69,190,30.09,2025 2026,66.5961,0.2389,6.72859,0.022,8.71938,0.3026,31.1698,0.1362,28.0799,0.1343,83.3328,0.0385,,,0.0321,0.553,8.96974,0.1963,,,,,,,,,,,
671277,Luis García Jr.,NYY,position,1B,L,R,73,216,26.38,2025 2026,72.2097,0.1639,7.40309,0.0167,9.42233,0.1981,27.8787,0.1366,26.3656,0.105,79.4503,0.0366,,,0.3987,0.4048,9.59711,0.1762,,,,,,,,,,,
608331,Max Fried,NYY,pitcher,P,L,L,76,190,32.7,2025 2026,,,,,,,,,,,,,,,,,,,45.794,0.0783,6.47664,0.0026,95.279,0.0577,7.93065,10.1955,0.2413,0.3188,SP
621112,Paul Blackburn,NYY,pitcher,P,R,R,73,196,32.82,2025 2026,,,,,,,,,,,,,,,,,,,45.4121,0.0906,6.21952,0.0035,94.1216,0.1723,9.46965,10.7493,1.68148,1.86338,RP
502671,Paul Goldschmidt,NYY,position,1B,R,R,74,225,39.06,2025 2026,70.5148,0.1593,7.48921,0.0207,9.59231,0.2968,32.1007,0.1476,25.7536,0.1228,67.7722,0.0381,,,-3.69161,0.4893,9.80669,0.1988,,,,,,,,,,,
641857,Ryan McMahon,NYY,position,3B,L,R,74,211,31.8,2025 2026,72.4,0.1936,7.30637,0.0201,9.59815,0.3028,37.5133,0.1425,26.278,0.1354,85.0061,0.044,,,-3.14798,0.498,8.67562,0.1835,,,,,,,,,,,
677960,Ryan Weathers,NYY,pitcher,P,R,L,73,230,26.79,2025 2026,,,,,,,,,,,,,,,,,,,33.862,0.095,5.78004,0.0032,96.0156,0.0492,8.23256,10.0332,0.2117,0.2989,SP
642232,Ryan Yarbrough,NYY,pitcher,P,R,L,77,205,34.75,2025 2026,,,,,,,,,,,,,,,,,,,15.5122,0.1217,6.31167,0.0047,87.6165,0.0779,8.16325,7.2048,0.408,0.3608,RP
682987,Spencer Jones,NYY,position,CF,L,L,79,240,25.38,2026,75.3536,0.2861,7.77949,0.0362,11.4248,0.5673,43.6428,0.1774,28.9,0.2415,88.8,0.0706,,,-1.95842,0.7731,8.52059,0.2968,,,,,,,,,,,
663757,Trent Grisham,NYY,position,CF,L,L,70,221,29.91,2025 2026,69.3876,0.1663,7.39481,0.0187,13.7665,0.2564,29.4165,0.1181,26.7638,0.1205,86.0947,0.0447,,,-1.45009,0.4298,7.84126,0.1584,,,,,,,,,,,
701542,Will Warren,NYY,pitcher,P,R,R,74,200,27.29,2025 2026,,,,,,,,,,,,,,,,,,,29.1242,0.0535,6.68729,0.003,93.5686,0.0273,8.24765,9.0886,0.1462,0.1587,SP
810938,Ben Williamson,TB,position,2B,R,R,72,210,25.9,2025 2026,67.7711,0.2429,6.79658,0.0294,0.5201,0.3491,30.2089,0.1884,28.1,0.1312,82.0761,0.0445,,,-5.21078,0.6882,9.41851,0.2451,,,,,,,,,,,
641329,Bryan Baker,TB,pitcher,P,R,R,78,235,31.83,2025 2026,,,,,,,,,,,,,,,,,,,54.8854,0.064,6.39097,0.0039,96.447,0.0409,8.4549,9.21199,0.1858,0.2039,RP
592155,Cam Booser,TB,pitcher,P,L,L,75,230,34.41,2025 2026,,,,,,,,,,,,,,,,,,,34.2193,0.1254,6.49884,0.0039,95.66,0.0508,8.39774,10.1221,0.3274,0.3259,RP
656775,Cedric Mullins,TB,position,CF,L,L,67,175,32.0,2025 2026,69.5359,0.1516,7.44044,0.0171,11.0685,0.2234,29.6691,0.149,28.0676,0.1394,83.3713,0.0393,,,2.4617,0.4659,8.44299,0.1633,,,,,,,,,,,
802415,Chandler Simpson,TB,position,LF,L,R,71,170,25.87,2025 2026,63.2601,0.1754,6.45826,0.0209,2.06096,0.2245,29.5112,0.1474,29.4538,0.0871,84.6447,0.0408,,,-6.084,0.4713,7.62704,0.1511,,,,,,,,,,,
642121,Cole Sulser,TB,pitcher,P,R,R,72,200,36.56,2025 2026,,,,,,,,,,,,,,,,,,,42.3766,0.0896,6.59294,0.0042,92.3628,0.0418,6.10784,8.47722,0.1591,0.2421,RP
656876,Drew Rasmussen,TB,pitcher,P,R,R,73,240,31.18,2025 2026,,,,,,,,,,,,,,,,,,,53.1773,0.0694,6.52806,0.0022,95.8363,0.0242,6.84448,9.20085,0.1272,0.1624,SP
642547,Freddy Peralta,TB,pitcher,P,R,R,72,198,30.33,2025 2026,,,,,,,,,,,,,,,,,,,35.3184,0.0763,6.60445,0.0031,94.4951,0.027,8.47779,9.63728,0.115,0.1177,SP
664076,Garrett Cleavinger,TB,pitcher,P,R,L,73,225,32.44,2025 2026,,,,,,,,,,,,,,,,,,,30.88,0.0941,6.0342,0.0041,96.736,0.0657,10.8767,10.9616,0.5677,0.6402,RP
643377,Griffin Jax,TB,pitcher,P,R,R,74,195,31.86,2025 2026,,,,,,,,,,,,,,,,,,,43.0332,0.0664,6.33515,0.0027,96.1625,0.0434,7.18975,10.1323,0.2432,0.3613,SP
693855,Ian Seymour,TB,pitcher,P,L,L,72,215,27.8,2025 2026,,,,,,,,,,,,,,,,,,,42.1758,0.0984,6.28109,0.0027,91.4341,0.0379,8.02285,9.22096,0.2015,0.253,RP
666018,Jonathan Aranda,TB,position,1B,L,R,72,215,28.36,2025 2026,68.6872,0.1655,7.07271,0.0181,7.78924,0.2367,34.8431,0.1331,25.7482,0.1246,79.1397,0.0389,,,-3.18926,0.4554,8.51902,0.157,,,,,,,,,,,
676356,Jonny DeLuca,TB,position,RF,R,R,70,195,28.23,2025 2026,71.6227,0.2515,7.7362,0.0273,5.84403,0.2781,23.7061,0.2167,29.2193,0.1566,88.5164,0.0575,,,1.49914,0.7518,8.8758,0.2549,,,,,,,,,,,
622761,Jorge Mateo,TB,position,SS,R,R,72,200,31.28,2025 2026,71.6738,0.3052,7.68702,0.0326,4.25438,0.4278,28.7425,0.2955,30.0319,0.2031,87.0,0.0613,,,3.02074,0.8608,8.91934,0.3142,,,,,,,,,,,
691406,Junior Caminero,TB,position,3B,R,R,73,220,23.24,2025 2026,77.4799,0.1596,8.57929,0.015,7.36483,0.1881,25.097,0.115,26.7,0.0962,85.6268,0.0408,,,3.0124,0.4748,9.84893,0.1714,,,,,,,,,,,
687330,Kevin Kelly,TB,pitcher,P,R,R,74,195,28.84,2025 2026,,,,,,,,,,,,,,,,,,,1.67431,0.098,7.03443,0.0046,92.8847,0.0913,9.40027,6.96935,0.7196,0.4965,RP
689414,Liam Hicks,TB,position,C,L,R,69,185,27.33,2025 2026,66.2899,0.2078,6.70049,0.0234,5.7476,0.3143,32.0462,0.1618,25.8298,0.1144,,,1.97851,0.0083,0.8615,0.4977,8.52618,0.1799,,,,,,,,,,,
663743,Nick Fortes,TB,position,C,R,R,71,198,29.89,2025 2026,70.9799,0.2359,7.43012,0.0267,2.26843,0.2611,19.4445,0.2187,26.8776,0.1408,,,1.93,0.0073,3.03177,0.7118,9.11525,0.238,,,,,,,,,,,
607259,Nick Martinez,TB,pitcher,P,L,R,73,200,36.16,2025 2026,,,,,,,,,,,,,,,,,,,55.5894,0.0652,5.93541,0.0018,92.6827,0.0336,7.14436,9.08236,0.175,0.2737,SP
680700,Richie Palacios,TB,position,2B,L,R,68,185,29.38,2025 2026,67.3883,0.2693,7.17356,0.0314,5.63405,0.3488,26.0888,0.1978,26.6056,0.163,72.2,0.0473,,,0.3415,0.7606,9.6283,0.2751,,,,,,,,,,,
668723,Ryan Vilade,TB,position,RF,R,R,73,226,27.62,2025 2026,74.9644,0.2981,7.38467,0.0339,2.38901,0.4161,30.7586,0.2454,28.4626,0.2085,86.6,0.0695,,,0.7053,0.9911,8.16651,0.2809,,,,,,,,,,,
571927,Steven Matz,TB,pitcher,P,R,L,74,205,35.34,2025 2026,,,,,,,,,,,,,,,,,,,33.4795,0.0928,6.55017,0.0036,93.9221,0.0294,,,,,RP
670764,Taylor Walls,TB,position,SS,S,R,69,185,30.23,2025 2026,66.4676,0.2298,6.98748,0.025,10.6346,0.3355,33.3309,0.166,27.982,0.1358,82.0494,0.0322,,,-1.52307,0.7218,7.99298,0.1904,,,,,,,,,,,
669330,Tyler Wells,TB,pitcher,P,R,R,80,270,32.1,2025 2026,,,,,,,,,,,,,,,,,,,51.9729,0.0685,6.16166,0.0033,93.3141,0.0407,7.23049,9.32569,0.2654,0.3378,RP
683748,Victor Mesa Jr.,TB,position,RF,L,L,71,195,25.06,2025 2026,72.0972,0.3198,7.87329,0.0304,8.92781,0.4261,30.0374,0.2405,27.8222,0.2103,93.3,0.0716,,,1.76861,0.8477,9.60256,0.3283,,,,,,,,,,,
650490,Yandy Díaz,TB,position,DH,R,R,72,235,35.15,2025 2026,72.0878,0.1434,7.54554,0.0143,1.53213,0.1594,23.8626,0.1176,26.0317,0.0915,71.3,0.0953,,,-5.51869,0.4134,8.86569,0.1486,,,,,,,,,,,
700363,AJ Smith-Shawver,ATL,pitcher,P,R,R,75,205,23.86,2025 2026,,,,,,,,,,,,,,,,,,,40.1252,0.1463,6.81325,0.0058,96.1117,0.0748,8.24995,8.92001,0.2491,0.2864,SP
663586,Austin Riley,ATL,position,3B,R,R,73,225,29.5,2025 2026,74.0026,0.1738,7.46086,0.0199,8.95947,0.2902,31.5015,0.1325,27.977,0.1218,83.3747,0.0428,,,3.18664,0.4796,9.01391,0.1716,,,,,,,,,,,
608718,Brent Suter,ATL,pitcher,P,L,L,76,213,37.09,2025 2026,,,,,,,,,,,,,,,,,,,48.4662,0.0708,7.32232,0.0045,87.6421,0.0566,6.92105,9.41403,0.1973,0.2469,RP
676551,Brewer Hicklen,ATL,position,RF,R,R,74,215,30.64,2025 2026,71.472,0.714,7.65486,0.0809,11.3186,1.05932,28.2551,0.593,29.2,0.4154,,,,,1.39294,2.33212,7.2681,0.7007,,,,,,,,,,,
519242,Chris Sale,ATL,pitcher,P,L,L,78,180,37.51,2025 2026,,,,,,,,,,,,,,,,,,,10.2652,0.0411,6.5454,0.003,95.7956,0.0431,8.84354,7.8012,0.1444,0.1362,SP
800311,Didier Fuentes,ATL,pitcher,P,R,R,72,170,21.29,2025 2026,,,,,,,,,,,,,,,,,,,24.3828,0.1307,6.85357,0.0049,97.1875,0.048,9.10147,7.86335,0.2237,0.1904,RP
686948,Drake Baldwin,ATL,position,C,L,R,72,225,25.51,2025 2026,73.523,0.1734,7.22213,0.0222,9.52288,0.2764,33.4618,0.1346,26.0314,0.1058,,,1.93977,0.008,-6.30807,0.4398,9.72466,0.1768,,,,,,,,,,,
689266,Dylan Dodd,ATL,pitcher,P,L,L,74,210,28.32,2025 2026,,,,,,,,,,,,,,,,,,,41.4582,0.1016,6.27432,0.0048,94.2,,,,,,RP
669276,Dylan Lee,ATL,pitcher,P,L,L,75,214,32.17,2025 2026,,,,,,,,,,,,,,,,,,,47.1026,0.0559,6.27641,0.0036,93.5849,0.0506,7.93029,9.98327,0.2126,0.3125,RP
656550,Grant Holmes,ATL,pitcher,P,L,R,72,226,30.53,2025 2026,,,,,,,,,,,,,,,,,,,39.01,0.0407,5.99198,0.0026,94.3026,0.0289,8.89717,9.49166,0.176,0.1936,SP
673490,Ha-Seong Kim,ATL,position,SS,R,R,70,200,30.96,2025 2026,69.5008,0.3224,6.96493,0.0329,4.4917,0.3437,24.4948,0.2588,27.6591,0.2103,84.635,0.0568,,,2.03524,1.09679,8.36765,0.2858,,,,,,,,,,,
702275,JR Ritchie,ATL,pitcher,P,R,R,74,185,23.27,2026,,,,,,,,,,,,,,,,,,,25.7623,0.0785,6.48936,0.0045,94.6579,0.0842,9.19504,8.77404,0.4465,0.4553,SP
657041,Lane Thomas,ATL,position,LF,R,R,71,195,31.11,2025 2026,70.6367,0.2843,6.79359,0.0279,7.00639,0.334,27.2315,0.1876,29.1219,0.1663,92.002,0.0576,,,0.9129,0.6183,8.501,0.2408,,,,,,,,,,,
621566,Matt Olson,ATL,position,1B,L,R,76,225,32.51,2025 2026,72.7099,0.1563,7.48101,0.0173,8.32509,0.234,33.7103,0.1057,25.2658,0.1043,79.3809,0.0261,,,0.7381,0.4175,9.68505,0.1573,,,,,,,,,,,
643289,Mauricio Dubón,ATL,position,LF,R,R,71,173,32.2,2025 2026,67.2015,0.1668,7.55803,0.0174,3.64309,0.2366,30.1775,0.1621,27.1067,0.1074,88.5594,0.0345,,,0.7197,0.4584,9.67851,0.1762,,,,,,,,,,,
671739,Michael Harris II,ATL,position,CF,L,L,71,195,25.57,2025 2026,73.2411,0.1412,8.03872,0.0198,5.3231,0.2075,31.0128,0.1225,27.9618,0.095,87.621,0.0347,,,-0.9145,0.4457,9.96147,0.1717,,,,,,,,,,,
573262,Mike Yastrzemski,ATL,position,LF,L,L,70,180,36.11,2025 2026,69.6169,0.179,7.41483,0.0184,10.6102,0.2194,31.0355,0.1433,26.9625,0.1297,85.8674,0.0438,,,2.00023,0.4796,8.35693,0.1698,,,,,,,,,,,
645277,Ozzie Albies,ATL,position,2B,S,R,67,165,29.73,2025 2026,67.0248,0.1584,7.1325,0.0135,11.4821,0.216,34.9175,0.1085,27.1316,0.1018,71.4255,0.031,,,2.51403,0.4285,8.1451,0.1317,,,,,,,,,,,
628452,Raisel Iglesias,ATL,pitcher,P,R,R,74,190,36.74,2025 2026,,,,,,,,,,,,,,,,,,,30.1411,0.1339,6.17761,0.0049,94.5343,0.0465,7.83595,8.42103,0.2091,0.2495,RP
678061,Ray Kerr,ATL,pitcher,P,L,L,75,185,32.06,2026,,,,,,,,,,,,,,,,,,,26.512,0.2367,6.21506,0.011,94.7,0.1228,9.21585,8.41932,0.82,0.7285,RP
663158,Robert Suarez,ATL,pitcher,P,R,R,74,210,35.59,2025 2026,,,,,,,,,,,,,,,,,,,43.7807,0.0879,6.77959,0.0038,98.6704,0.0385,7.82174,9.34016,0.1905,0.2251,RP
660670,Ronald Acuña Jr.,ATL,position,RF,R,R,72,205,28.79,2025 2026,73.4175,0.23,7.50042,0.0203,9.57998,0.3209,37.7691,0.1471,27.3437,0.1376,94.7079,0.0471,,,-5.27884,0.4833,8.11474,0.1702,,,,,,,,,,,
642133,Rowdy Tellez,ATL,position,1B,L,L,75,273,31.55,2025 2026,73.0768,0.3284,7.90082,0.033,5.87855,0.3817,29.808,0.2767,23.5,0.2366,73.1,0.0596,,,3.15002,0.9605,9.82475,0.3406,,,,,,,,,,,
669221,Sean Murphy,ATL,position,C,R,R,75,228,31.99,2025 2026,70.2819,0.3132,7.80507,0.0331,10.8109,0.4215,30.4387,0.1687,25.2258,0.1811,,,1.92747,0.01,0.133,0.7714,9.52111,0.2894,,,,,,,,,,,
641816,Tyler Mahle,ATL,pitcher,P,R,R,75,212,32.01,2025 2026,,,,,,,,,,,,,,,,,,,40.9698,0.067,6.61558,0.0032,92.6489,0.0322,7.88584,9.09394,0.1044,0.1511,SP
682989,Victor Mederos,ATL,pitcher,P,R,R,74,222,25.31,2025 2026,,,,,,,,,,,,,,,,,,,23.4898,0.1544,6.60915,0.0076,97.3469,0.1033,9.668,8.13423,0.5879,0.4814,RP
681911,Alex Vesia,LAD,pitcher,P,L,L,73,209,30.47,2025 2026,,,,,,,,,,,,,,,,,,,67.9242,0.1059,6.35925,0.0041,92.3385,0.0336,8.25106,9.09738,0.2042,0.1856,RP
681624,Andy Pages,LAD,position,CF,R,R,73,212,25.81,2025 2026,70.7738,0.1712,7.68958,0.018,5.40892,0.2671,40.2225,0.1322,28.2285,0.1087,94.2673,0.0375,,,2.35878,0.4048,9.17448,0.1546,,,,,,,,,,,
605483,Blake Snell,LAD,pitcher,P,L,L,76,225,33.82,2025 2026,,,,,,,,,,,,,,,,,,,56.5741,0.0731,6.73632,0.0037,95.7374,0.0366,8.38145,9.59219,0.202,0.211,SP
592779,Brock Stewart,LAD,pitcher,P,L,R,75,220,35.0,2025 2026,,,,,,,,,,,,,,,,,,,22.7511,0.1194,6.41779,0.0065,96.0511,0.0471,8.2049,7.91993,0.2853,0.2844,RP
683618,Edgardo Henriquez,LAD,pitcher,P,R,R,76,200,24.27,2025 2026,,,,,,,,,,,,,,,,,,,38.4917,0.1091,6.5453,0.0046,100.683,0.0599,9.5542,10.8293,0.2847,0.3942,RP
621242,Edwin Díaz,LAD,pitcher,P,R,R,75,165,32.53,2025 2026,,,,,,,,,,,,,,,,,,,17.5555,0.1147,7.11712,0.0077,96.9028,0.0486,10.7678,9.01768,0.3598,0.3088,RP
571771,Enrique Hernández,LAD,position,3B,R,R,70,195,35.11,2025 2026,69.2081,0.2648,7.46022,0.0287,8.32979,0.3715,29.2061,0.2187,26.7836,0.1867,82.7,0.0664,,,0.4356,0.7612,9.63294,0.293,,,,,,,,,,,
623465,Evan Phillips,LAD,pitcher,P,R,R,74,215,32.06,2025 2026,,,,,,,,,,,,,,,,,,,26.5862,0.1057,6.31318,0.0076,96.7781,0.0701,7.61958,8.66578,0.4454,0.4085,RP
518692,Freddie Freeman,LAD,position,1B,L,R,76,220,37.05,2025 2026,68.5401,0.1331,6.69108,0.0166,7.06532,0.2555,42.441,0.1126,25.4003,0.1006,78.8082,0.0275,,,-3.25083,0.3467,7.98455,0.1308,,,,,,,,,,,
676439,Hunter Feduccia,LAD,position,C,L,R,73,215,29.32,2025 2026,68.8183,0.3512,6.96405,0.0347,8.60618,0.4646,33.8076,0.2307,26.7783,0.2028,,,2.01,0.0094,-1.99889,0.7363,8.99885,0.3052,,,,,,,,,,,
808975,Hyeseong Kim,LAD,position,SS,L,R,70,175,27.68,2025 2026,65.3392,0.296,7.10831,0.0393,6.28333,0.6243,40.4672,0.2262,28.7594,0.1943,84.0985,0.0562,,,-2.80458,0.7648,8.50848,0.3144,,,,,,,,,,,
800543,Josue De Paula,LAD,position,DH,L,L,75,185,21.36,2026,70.3197,1.02825,7.21967,0.1128,6.66078,1.42198,38.569,0.699,27.1,0.4936,,,,,1.4577,2.1011,7.98488,0.7985,,,,,,,,,,,
663460,Kris Bubic,LAD,pitcher,P,L,L,75,220,29.12,2025 2026,,,,,,,,,,,,,,,,,,,37.9795,0.0661,6.75077,0.004,92.0306,0.0393,7.95479,9.52362,0.1794,0.2156,SP
663656,Kyle Tucker,LAD,position,RF,L,R,75,212,29.7,2025 2026,69.2436,0.2007,7.28354,0.0196,8.1934,0.2806,35.589,0.1187,26.5657,0.1119,85.7953,0.0435,,,3.57638,0.3802,9.18541,0.1596,,,,,,,,,,,
571970,Max Muncy,LAD,position,3B,L,R,70,215,36.1,2025 2026,69.439,0.1898,6.88063,0.0205,14.2461,0.2832,34.4311,0.1233,27.1492,0.1311,82.4993,0.0456,,,0.7272,0.4479,8.71518,0.1792,,,,,,,,,,,
500743,Miguel Rojas,LAD,position,2B,R,R,70,188,37.6,2025 2026,66.796,0.2664,7.05691,0.0307,5.09613,0.3587,30.5408,0.1908,26.0256,0.1434,80.164,0.0429,,,2.21849,0.6755,9.20761,0.2487,,,,,,,,,,,
605141,Mookie Betts,LAD,position,SS,R,R,69,180,33.98,2025 2026,67.0883,0.2147,6.92774,0.0179,6.9695,0.2425,33.7638,0.137,26.7855,0.1086,81.2746,0.0326,,,4.03589,0.3825,8.40725,0.1566,,,,,,,,,,,
808963,Roki Sasaki,LAD,pitcher,P,R,R,74,187,24.91,2025 2026,,,,,,,,,,,,,,,,,,,48.4822,0.0586,7.11901,0.0027,97.6496,0.0442,8.51426,9.11595,0.1896,0.1834,SP
660271,Shohei Ohtani,LAD,two-way,TWP,L,R,76,210,32.24,2025 2026,73.4915,0.1501,7.86855,0.0174,12.0367,0.2486,37.1859,0.126,27.8205,0.1038,,,,,-1.77758,0.3857,9.02488,0.1617,34.1623,0.1019,6.61174,0.0035,98.1504,0.0468,9.43548,8.59766,0.2315,0.214,SP
656945,Tanner Scott,LAD,pitcher,P,R,L,72,235,32.2,2025 2026,,,,,,,,,,,,,,,,,,,33.9317,0.0566,6.19304,0.0035,96.7767,0.0331,8.56326,9.55647,0.2054,0.2388,RP
669373,Tarik Skubal,LAD,pitcher,P,R,L,75,240,29.86,2025 2026,,,,,,,,,,,,,,,,,,,48.3255,0.06,6.40599,0.0021,97.1248,0.031,7.8971,8.91226,0.1453,0.1747,SP
606192,Teoscar Hernández,LAD,position,LF,R,R,72,215,33.96,2025 2026,70.8662,0.1728,7.69997,0.0181,8.15089,0.2417,32.5595,0.1348,28.2138,0.1092,87.3568,0.0468,,,-2.2258,0.4939,8.74839,0.1703,,,,,,,,,,,
669242,Tommy Edman,LAD,position,2B,S,R,70,193,31.4,2025 2026,69.5363,0.164,6.8679,0.025,7.65325,0.2912,26.357,0.1683,28.156,0.1291,84.6744,0.0414,,,-2.26563,0.5121,8.4112,0.1948,,,,,,,,,,,
607192,Tyler Glasnow,LAD,pitcher,P,L,R,80,225,33.11,2025 2026,,,,,,,,,,,,,,,,,,,55.7902,0.0781,7.45231,0.0045,95.6453,0.0383,6.82386,11.2817,0.1583,0.2688,SP
669257,Will Smith,LAD,position,C,R,R,70,195,31.51,2025 2026,68.0523,0.2078,7.22799,0.0204,11.2235,0.2752,33.9919,0.1663,27.2464,0.1518,,,1.95541,0.0087,0.1734,0.5782,8.14817,0.1858,,,,,,,,,,,
808967,Yoshinobu Yamamoto,LAD,pitcher,P,R,R,70,176,28.12,2025 2026,,,,,,,,,,,,,,,,,,,41.3411,0.0623,6.54215,0.0018,95.8218,0.0256,7.99483,8.95187,0.1348,0.1501,SP
670970,Adrian Morejon,SD,pitcher,P,L,L,71,224,27.59,2025 2026,,,,,,,,,,,,,,,,,,,41.7397,0.0732,6.24405,0.0035,99.0415,0.0804,7.57325,8.03039,0.4015,0.4498,RP
669720,Austin Hays,SD,position,DH,R,R,70,200,31.24,2025 2026,70.0308,0.2835,7.05024,0.0243,12.7844,0.2911,30.8641,0.1513,27.4286,0.1507,91.0,0.0801,,,0.262,0.6963,8.77755,0.2461,,,,,,,,,,,
699134,Bradgley Rodriguez,SD,pitcher,P,R,R,73,160,22.88,2025 2026,,,,,,,,,,,,,,,,,,,43.9126,0.111,6.28417,0.005,98.294,0.0545,9.90985,10.0066,0.4161,0.3675,RP
688158,David Morgan,SD,pitcher,P,R,R,72,185,26.93,2025 2026,,,,,,,,,,,,,,,,,,,34.2823,0.1807,6.03643,0.0048,97.7981,0.0445,8.50019,9.92199,0.3148,0.3261,RP
687957,Dustin Harris,SD,position,LF,L,R,74,185,27.23,2025 2026,64.6946,0.484,6.53965,0.0458,10.1564,0.7295,39.0207,0.3256,28.9211,0.2272,81.6,0.1046,,,4.56354,0.7583,9.06408,0.3892,,,,,,,,,,,
806956,Ethan Salas,SD,position,C,L,R,73,185,20.33,2026,67.5039,1.21035,6.84805,0.0727,7.44958,1.03594,30.9309,0.6485,27.2,0.4797,,,1.86,0.0522,-1.38852,1.55864,7.61216,0.6892,,,,,,,,,,,
665487,Fernando Tatis Jr.,SD,position,RF,R,R,75,217,27.75,2025 2026,73.2274,0.197,7.22521,0.018,5.94406,0.2197,29.4506,0.1174,28.8684,0.0938,93.5644,0.0378,,,-4.21286,0.439,9.24668,0.1662,,,,,,,,,,,
666023,Freddy Fermin,SD,position,C,R,R,70,200,31.38,2025 2026,67.7838,0.2341,7.40918,0.0259,9.86329,0.3519,34.5123,0.1572,27.2273,0.1529,,,1.88504,0.0083,-0.4605,0.7212,9.16888,0.2266,,,,,,,,,,,
657757,Gavin Sheets,SD,position,1B,L,L,75,235,30.44,2025 2026,72.6965,0.1972,7.66683,0.0236,6.61786,0.254,27.8142,0.1828,26.7576,0.12,88.5498,0.055,,,2.07967,0.5752,10.5376,0.2101,,,,,,,,,,,
701538,Jackson Merrill,SD,position,CF,L,R,74,195,23.45,2025 2026,71.4971,0.1543,7.43063,0.0172,8.35174,0.2479,37.9456,0.1268,28.8577,0.1087,92.414,0.0441,,,-0.2087,0.4404,8.90137,0.1604,,,,,,,,,,,
630105,Jake Cronenworth,SD,position,2B,L,R,71,187,32.69,2025 2026,69.2978,0.2035,6.97229,0.0258,4.60451,0.3194,30.1587,0.171,28.1,0.1186,75.9911,0.0352,,,-2.29769,0.5361,9.66606,0.1955,,,,,,,,,,,
687749,Jase Bowen,SD,position,RF,R,R,72,215,26.08,2026,72.4828,0.4336,7.86933,0.067,16.07,1.13899,37.5562,0.322,29.6,0.349,87.5,0.1123,,,-6.25564,1.93087,8.64362,0.6304,,,,,,,,,,,
592094,Jason Adam,SD,pitcher,P,R,R,75,229,35.16,2025 2026,,,,,,,,,,,,,,,,,,,36.2582,0.1063,6.33537,0.0049,94.013,0.0526,8.5342,10.0766,0.3391,0.4209,RP
605397,Joe Musgrove,SD,pitcher,P,R,R,77,230,33.82,2026,,,,,,,,,,,,,,,,,,,37.8864,0.5488,6.00909,0.0245,95.62,0.2015,,,,,
669134,Luis Campusano,SD,position,C,R,R,70,232,28.01,2025 2026,70.2594,0.4501,7.80947,0.0346,9.87714,0.4185,25.675,0.2519,25.4671,0.219,,,1.95,0.0142,2.6804,1.12571,9.99306,0.3766,,,,,,,,,,,
592518,Manny Machado,SD,position,3B,R,R,74,218,34.24,2025 2026,72.7854,0.1602,7.78924,0.0178,6.31437,0.1875,26.3325,0.1122,25.4194,0.1101,85.2106,0.0429,,,1.68357,0.4475,9.81507,0.165,,,,,,,,,,,
695243,Mason Miller,SD,pitcher,P,R,R,77,200,28.1,2025 2026,,,,,,,,,,,,,,,,,,,38.8225,0.0792,6.75346,0.0038,101.384,0.0354,8.16505,11.1986,0.1814,0.3112,RP
650633,Michael King,SD,pitcher,P,R,R,75,210,31.35,2025 2026,,,,,,,,,,,,,,,,,,,25.6216,0.0894,5.93136,0.0033,94.1938,0.0366,8.09118,9.19777,0.2183,0.2268,SP
609280,Miguel Andujar,SD,position,DH,R,R,72,211,31.58,2025 2026,69.8343,0.2213,7.58192,0.0256,5.5019,0.2624,25.8764,0.1775,27.2119,0.129,92.5,0.0926,,,0.2977,0.6577,9.25007,0.2253,,,,,,,,,,,
601713,Nick Pivetta,SD,pitcher,P,R,R,77,210,33.63,2025 2026,,,,,,,,,,,,,,,,,,,56.2611,0.079,6.81939,0.0031,93.8686,0.0256,7.60489,9.79571,0.1481,0.1698,SP
681190,Randy Vásquez,SD,pitcher,P,R,R,72,165,27.91,2025 2026,,,,,,,,,,,,,,,,,,,34.0732,0.0527,6.07998,0.0029,94.6966,0.0369,8.17929,8.99736,0.1743,0.1998,SP
592662,Robbie Ray,SD,pitcher,P,L,L,74,220,35.0,2025 2026,,,,,,,,,,,,,,,,,,,44.472,0.0417,6.17558,0.0023,93.354,0.0256,8.26545,9.04311,0.1193,0.157,SP
669392,Samad Taylor,SD,position,LF,R,R,68,160,28.23,2025 2026,67.5344,0.396,6.8974,0.0507,12.1715,0.6942,36.2717,0.3885,29.2,0.2627,85.3,0.1165,,,-3.82729,1.22403,8.23724,0.4093,,,,,,,,,,,
664034,Ty France,SD,position,1B,R,R,70,215,32.22,2025 2026,69.7275,0.1891,7.44286,0.02,10.0015,0.3037,34.5161,0.1357,24.8413,0.1167,72.6659,0.0335,,,-4.75678,0.4885,9.54673,0.1809,,,,,,,,,,,
593428,Xander Bogaerts,SD,position,SS,R,R,74,218,34.0,2025 2026,70.1001,0.2214,7.25165,0.0211,8.18492,0.2908,32.0236,0.1345,27.176,0.1018,81.7725,0.0313,,,0.4624,0.4846,8.91916,0.1802,,,,,,,,,,,
673513,Yuki Matsui,SD,pitcher,P,L,L,68,165,30.92,2025 2026,,,,,,,,,,,,,,,,,,,54.43,0.0685,5.7986,0.0037,92.0044,0.0306,8.25141,10.2504,0.2044,0.2392,RP
676879,Aaron Ashby,MIL,pitcher,P,R,L,72,194,28.36,2025 2026,,,,,,,,,,,,,,,,,,,52.8625,0.0832,5.47451,0.0034,97.4252,0.1354,7.22167,10.5545,1.19347,1.35282,RP
682842,Abner Uribe,MIL,pitcher,P,R,R,75,205,26.28,2025 2026,,,,,,,,,,,,,,,,,,,37.4757,0.0709,6.46912,0.0035,99.4933,0.1924,,,,,RP
683734,Andrew Vaughn,MIL,position,1B,R,R,70,215,28.5,2025 2026,68.832,0.2108,7.11389,0.0236,5.74009,0.2958,29.2578,0.1795,25.8802,0.128,75.0332,0.0482,,,-0.6533,0.5329,8.88168,0.203,,,,,,,,,,,
622608,Antonio Senzatela,MIL,pitcher,P,R,R,73,235,31.69,2025 2026,,,,,,,,,,,,,,,,,,,41.1775,0.0978,6.13128,0.0036,95.8426,0.0448,8.49593,8.58003,0.1724,0.1544,RP
668930,Brice Turang,MIL,position,2B,L,R,72,190,26.86,2025 2026,68.3081,0.1708,6.6971,0.0166,6.75891,0.2224,33.9179,0.1458,28.6333,0.0941,80.4368,0.03,,,-6.2988,0.3791,8.7595,0.1485,,,,,,,,,,,
694477,Chad Patrick,MIL,pitcher,P,R,R,73,217,28.13,2025 2026,,,,,,,,,,,,,,,,,,,32.3635,0.067,6.11068,0.0023,95.1431,0.0496,8.80695,10.0361,0.2099,0.2526,RP
592885,Christian Yelich,MIL,position,DH,L,R,76,220,34.82,2025 2026,71.5749,0.1607,7.4741,0.0189,7.95422,0.2844,36.6777,0.1074,27.7386,0.1012,79.3,0.1423,,,-9.84419,0.4687,8.99792,0.1722,,,,,,,,,,,
806198,Cooper Pratt,MIL,position,SS,R,R,76,210,22.12,2026,68.2497,0.3144,6.86013,0.0403,4.04468,0.5938,36.5517,0.2735,28.9,0.1986,88.5,0.0612,,,-2.41678,0.9274,9.80967,0.3549,,,,,,,,,,,
669084,DL Hall,MIL,pitcher,P,L,L,73,209,28.03,2025 2026,,,,,,,,,,,,,,,,,,,43.2424,0.1085,6.88356,0.0047,94.7,0.066,7.95048,10.5229,0.3396,0.462,RP
666152,David Hamilton,MIL,position,3B,L,R,70,192,29.01,2025 2026,66.9171,0.3331,7.06481,0.0284,4.12236,0.3935,31.9694,0.1906,29.3822,0.155,84.8104,0.0439,,,1.22756,0.8089,8.86158,0.2427,,,,,,,,,,,
669160,Dustin May,MIL,pitcher,P,R,R,78,180,29.07,2025 2026,,,,,,,,,,,,,,,,,,,30.3241,0.1279,6.63029,0.0029,96.5554,0.0425,8.17307,10.0314,0.2041,0.2561,SP
669003,Garrett Mitchell,MIL,position,CF,L,R,74,229,28.07,2025 2026,75.7368,0.2321,7.19121,0.0254,7.01187,0.3171,30.5182,0.1267,29.7523,0.1332,91.2799,0.0481,,,-7.17669,0.633,8.0131,0.2154,,,,,,,,,,,
596142,Gary Sánchez,MIL,position,C,R,R,74,251,33.83,2025 2026,69.1057,0.4211,7.22584,0.0352,9.64737,0.4554,29.9038,0.2133,24.5126,0.206,,,1.93909,0.0169,0.1537,0.8886,8.91381,0.324,,,,,,,,,,,
694192,Jackson Chourio,MIL,position,LF,R,R,73,199,22.56,2025 2026,72.3276,0.1776,7.33471,0.0185,7.59302,0.1917,27.2594,0.1256,28.9567,0.1049,87.8396,0.0401,,,-1.4729,0.4161,9.0422,0.1668,,,,,,,,,,,
694819,Jacob Misiorowski,MIL,pitcher,P,R,R,79,201,24.5,2025 2026,,,,,,,,,,,,,,,,,,,29.7788,0.0585,7.52503,0.0032,100.412,0.0363,8.58488,8.83522,0.1238,0.1324,SP
641343,Jake Bauers,MIL,position,1B,L,L,72,216,30.99,2025 2026,74.4003,0.2234,7.60144,0.024,8.93041,0.3367,34.7167,0.1378,26.9302,0.1344,85.6596,0.0427,,,-1.76975,0.5526,8.90236,0.2066,,,,,,,,,,,
668941,JoJo Romero,MIL,pitcher,P,L,L,71,215,30.06,2025 2026,,,,,,,,,,,,,,,,,,,29.4688,0.0777,5.36175,0.0035,94.3056,0.135,8.99992,9.90173,1.00593,1.40993,RP
687401,Joey Ortiz,MIL,position,SS,R,R,70,192,28.22,2025 2026,71.6482,0.1592,7.47102,0.0239,1.09441,0.2731,27.9052,0.167,28.9437,0.1106,84.0,0.0312,,,-0.0591,0.5424,10.1116,0.2098,,,,,,,,,,,
690986,Kyle Harrison,MIL,pitcher,P,R,L,74,216,25.14,2025 2026,,,,,,,,,,,,,,,,,,,31.078,0.0633,6.5969,0.0034,94.7675,0.0317,7.81183,8.73928,0.1478,0.1506,SP
701656,Logan Henderson,MIL,pitcher,P,R,R,72,209,24.58,2025 2026,,,,,,,,,,,,,,,,,,,30.3922,0.06,6.2531,0.0036,93.1091,0.0375,7.87171,8.82901,0.1946,0.2112,SP
800325,Luis Lara,MIL,position,RF,S,R,67,169,21.87,2026,69.8036,0.3681,6.77562,0.0429,-0.5757,0.5304,27.3993,0.3247,28.4,0.217,87.5,0.0953,,,-4.76675,1.08066,10.1258,0.4086,,,,,,,,,,,
688107,Robert Gasser,MIL,pitcher,P,L,L,72,197,27.34,2025 2026,,,,,,,,,,,,,,,,,,,23.9544,0.0753,6.88809,0.0031,92.9283,0.0504,9.12448,8.55442,0.3386,0.2866,SP
686217,Sal Frelick,MIL,position,RF,L,R,69,191,26.45,2025 2026,66.298,0.2032,7.03606,0.021,5.82804,0.2796,27.8185,0.1576,28.786,0.1023,85.0298,0.0423,,,-1.86026,0.4716,8.8825,0.1751,,,,,,,,,,,
675660,Shane Drohan,MIL,pitcher,P,L,L,74,202,27.73,2026,,,,,,,,,,,,,,,,,,,32.8685,0.0894,6.14203,0.004,94.8886,0.0405,8.69986,9.18813,0.2483,0.3222,SP
656730,Trevor Megill,MIL,pitcher,P,L,R,80,253,32.82,2025 2026,,,,,,,,,,,,,,,,,,,54.0753,0.0537,6.58609,0.0031,98.307,0.038,7.40924,9.77864,0.1625,0.2218,RP
661388,William Contreras,MIL,position,C,R,R,70,217,28.77,2025 2026,71.4291,0.181,7.1311,0.0174,8.46029,0.2048,27.9801,0.1173,26.0759,0.0986,,,1.93437,0.0084,-1.73571,0.4041,8.89191,0.1566,,,,,,,,,,,
