"last_name, first_name","player_id","year","player_age","b_total_pa","k_percent","bb_percent","xwoba","exit_velocity_avg","launch_angle_avg","sweet_spot_percent","barrel_batted_rate","hard_hit_percent","oz_swing_percent","iz_contact_percent","oz_contact_percent","whiff_percent","swing_percent","pull_percent","straightaway_percent","opposite_percent","groundballs_percent","flyballs_percent","popups_percent","sprint_speed","hp_to_1b"
"Kwan, Steven",680757,2025,27,"693",8.7,7.9,".310","86.2","15.6",39.7,1.9,19.3,22.7,96.1,77,8.7,41.9,29.7,38.8,31.5,39.1,26.1,5.7,"27.3","4.28"
"Castellanos, Nick",592206,2025,33,"589",22.6,5.4,".302","87.8","15.2",39,7.6,34.5,41,81.9,50.6,29.9,58.8,40.5,36.2,23.3,38.8,31,3.6,"27.7","4.42"
"Edwards, Xavier",669364,2025,25,"619",14.2,7.9,".295","86.8","8.2",33.6,0.8,29.4,26.9,91.8,76.8,12.2,49,28.8,40.7,30.5,49.3,20.3,4.2,"28.3","4.2"
"Altuve, Jose",514888,2025,35,"654",16.7,8.4,".300","85.1","17.7",29.8,6.2,30.9,38.9,86.7,69.5,20.7,50,52.5,31.3,16.3,43.2,25.1,11.9,"26.9","4.44"
"Reynolds, Bryan",668804,2025,30,"654",26.5,8.7,".338","91.2","7.3",38.4,10.1,46,25.9,80.5,42.9,29.4,49.6,41.2,34.8,24,47.2,23.5,1,"28.1","4.37"
"Ohtani, Shohei",660271,2025,30,"727",25.7,15,".425","94.9","15",35.9,23.5,58.7,26.1,75.3,46.6,33.4,45,43.2,37.8,19,39.7,35.7,3.5,"28.0","4.2"
"Judge, Aaron",592450,2025,33,"679",23.6,18.3,".457","95.4","19",39.4,24.8,58.2,22.5,75.4,38.8,34.6,43.7,36.3,37.1,26.5,33.5,38.4,5.7,"27.1","4.73"
"Suzuki, Seiya",673548,2025,30,"651",25.2,10.9,".352","91.3","17.9",40.2,16.6,48.7,20.4,84.3,50.2,23.9,40.6,41.9,34.7,23.4,31.8,34.7,7.7,"28.4","4.35"
"Rice, Ben",700250,2025,26,"530",18.9,9.4,".391","93.3","14.2",39.3,15.4,56.1,21.3,86.1,55.5,21.2,43.3,44.4,34.4,21.1,39.8,28.5,6.8,"27.5","4.53"
"Busch, Michael",683737,2025,27,"592",23.5,9.5,".378","92.2","17",41.1,17.1,47.3,23,84,45.5,25.1,46.8,44.2,32.8,23,36.2,37,3.4,"26.5","4.56"
"Freeman, Freddie",518692,2025,35,"627",20.4,9.6,".350","90.9","14.3",36.7,10.4,45.7,28.4,78.6,57.6,27.3,51.9,43.4,31.2,25.4,41.6,29.1,3.9,"25.6","4.69"
"Perdomo, Geraldo",672695,2025,25,"720",11.5,13.1,".356","87.6","15.5",36.2,6.2,31.9,19.1,92.1,73.8,12,39.7,40.3,33.2,26.5,39.8,26.5,8.3,"27.2","4.46"
"Hayes, Ke'Bryan",663647,2025,28,"570",19.5,6.3,".282","89.3","8.5",30.6,4.6,42.5,27,89.1,59.2,19.9,44.1,29.2,40.7,30.1,49,18.4,8.1,"27.2","4.61"
"Carroll, Corbin",682998,2025,24,"642",23.8,10.4,".372","92.1","16.7",33.5,14.5,49.9,31.6,81,63.4,24.8,48.9,42.4,35.2,22.4,35.7,32,9.4,"29.8","4.13"
"Donovan, Brendan",680977,2025,28,"515",13,8.2,".346","89.7","12.2",40.1,8.8,40.9,25.1,91.6,73.4,13.4,43.8,34.8,38.3,26.8,43.1,22.3,6.5,"26.6","4.43"
"Frelick, Sal",686217,2025,25,"594",13.5,7.9,".299","85.5","12.1",30.7,3.1,27.4,26.3,90.7,77.7,12.8,44.1,41,34.2,24.8,46.7,20.2,10.1,"28.9","4.18"
"Raleigh, Cal",663728,2025,28,"705",26.7,13.8,".371","91.3","25.2",35.3,19.5,49.6,31.8,78.4,48.6,31.5,51.7,54.5,25.8,19.7,25.8,41.8,12.9,"26.0","4.68"
"Schwarber, Kyle",656941,2025,32,"724",27.2,14.9,".401","94.3","20.1",35.3,20.8,59.6,21.5,75.8,42.7,33.1,41.8,54.7,28.2,17.2,34.3,34.3,8.8,"25.9","4.51"
"Volpe, Anthony",683011,2025,24,"596",25.2,7.2,".301","89.3","12.4",34.6,10.5,41.9,24,78.3,64.7,25.1,45.9,32.8,40.6,26.6,41.6,29.8,7,"28.3","4.36"
"Barger, Addison",680718,2025,25,"502",24.1,7.2,".331","91.7","11.9",35.5,11.4,51,31,82,55.6,26.1,49.2,43.7,33.7,22.6,42.5,22.9,9.7,"27.7","4.33"
"Ramírez, José",608070,2025,32,"673",11,9.8,".342","88.9","19.2",36.4,7,37,29,91,72.7,14.9,46.8,51.6,30.1,18.3,33.3,29.9,11.2,"28.4","4.29"
"Crawford, J.P.",641487,2025,30,"654",18.7,11.3,".328","87.2","11.5",40,4.9,34.7,21.9,83.6,65.8,20.4,45.1,33.6,34.1,32.3,44.4,23.1,5.3,"26.7","4.54"
"McMahon, Ryan",641857,2025,30,"586",32.3,11.9,".322","93.3","13.9",35.3,12.1,50.5,25.1,74.8,37.9,35.2,45.4,41.2,39.3,19.5,43.3,30.7,3.1,"26.7","4.59"
"Semien, Marcus",543760,2025,34,"534",17.4,9.4,".318","88.3","19.4",35.8,6.8,35,23.5,86.2,49.8,22.6,49,44.6,36.8,18.7,34.5,33.4,9.1,"28.5","4.4"
"Greene, Riley",682985,2025,24,"655",30.7,7,".332","89.9","15",36.9,17.1,45.5,31.3,76.3,51.9,30.9,52.6,40.8,32.9,26.2,40.8,31.7,5.2,"26.7","4.53"
"Soderstrom, Tyler",691016,2025,23,"624",22.6,8.8,".341","91.6","7.9",34.4,11.4,49.8,28.9,84,51.7,25.4,48.9,33.2,38.4,28.4,48.3,23.5,3.6,"27.4","4.41"
"Peña, Jeremy",665161,2025,27,"543",17.1,6.4,".334","88.9","8.9",30,8.2,42.9,35.5,87.3,48,27.1,51,42.7,37.7,19.6,47.9,23.8,5,"29.6","4.28"
"Rodríguez, Julio",677594,2025,24,"710",21.4,6.2,".344","91.8","8.5",31.5,9.8,48,35.9,80.6,53.6,28.2,55.4,35.9,40.8,23.3,48.2,25.7,5,"29.2","4.29"
"Meidroth, Chase",805367,2025,23,"505",14.3,8.9,".300","88.2","6.7",26.2,1.6,36.1,22.4,91,76.5,13,38.6,33.5,38.2,28.3,53.9,18.3,5.8,"27.0","4.47"
"Bichette, Bo",666182,2025,27,"628",14.5,6.4,".353","91","8.2",37.9,7.9,48.8,35.2,89.3,66.7,18.4,53.1,26.7,42.1,31.2,47.4,19.8,3.6,"26.1","4.67"
"García Jr., Luis",671277,2025,25,"526",16,5.1,".339","90.2","9.2",33.7,9,45.8,38,89,60.1,21.7,53.9,38,41.4,20.6,45.5,24.5,5.6,"26.5","4.34"
"Friedl, TJ",670770,2025,29,"685",16.8,11.8,".300","87.1","14.3",33.4,2.7,32.1,18.1,90.1,55.3,17.5,39.2,45.2,36.2,18.6,42.3,21.6,10.4,"26.7","4.42"
"De La Cruz, Elly",682829,2025,23,"699",25.9,9.6,".322","91","7.6",32.5,10.3,44.2,28.5,78.6,46.9,31.7,45.7,36.5,37.2,26.3,51.2,20.9,5.1,"29.1","4.3"
"Lee, Brooks",686797,2025,24,"527",17.5,5.9,".289","88.6","13.2",30.8,5.8,38.5,31.8,88.1,51.2,24,49.8,40.8,36.5,22.8,44.3,29,6.3,"26.1","4.52"
"Torres, Gleyber",650402,2025,28,"628",16.1,13.5,".363","90","14.3",38.6,8.2,39,17.1,85.1,63.3,19.5,40.8,31.1,39,29.9,38.4,30.6,5,"26.2","4.69"
"Rengifo, Luis",650859,2025,28,"541",19.2,6.1,".302","87.1","6.7",34.7,5,32.7,30.6,85.6,59.5,21.9,51.6,32.7,40.9,26.4,50.6,18.5,5.7,"27.0","4.36"
"Holliday, Jackson",702616,2025,21,"649",21.6,8.6,".313","88.8","8.9",32.4,7.8,40.8,22.3,81.6,53.6,24.5,47.1,33.8,39.8,26.4,49,25.1,4,"28.6","4.25"
"Burleson, Alec",676475,2025,26,"546",14.5,7.1,".345","91","15.2",34,9.5,43,28.8,87,70,17.9,49.3,33.6,40.4,26,40.2,28.8,6.9,"25.5","4.5"
"Langeliers, Shea",669127,2025,27,"523",19.5,6.9,".329","90.9","16.4",33.4,11.3,44.9,32.1,84,54.7,25.1,52.4,41,37.6,21.4,37.3,29,8.4,"28.6","4.51"
"Pasquantino, Vinnie",686469,2025,27,"682",15.7,7.2,".334","90.9","16.3",33.5,10.8,44.7,30.4,90,63.9,18.2,48,45.1,32.9,22,38.2,29.7,7.9,"25.5","4.74"
"Ortiz, Joey",687401,2025,26,"506",14.6,5.3,".275","84.9","13.3",27.4,3,32.8,33.4,90.6,70.1,16,46.8,29.6,38.1,32.3,45.5,18.7,13.4,"28.7","4.27"
"Schanuel, Nolan",694384,2025,23,"564",12.6,10.5,".327","87.5","13.2",38,4.5,29,24,91,67.9,15,45.2,38.7,38,23.3,42.9,25,5.2,"26.0","4.56"
"Lux, Gavin",666158,2025,27,"503",22.7,11.1,".299","88.3","9.6",38.1,3.6,36.9,19.4,86.2,51.5,21.6,42.7,39,40.5,20.4,47.1,22.5,2.7,"27.9","4.27"
"Naylor, Josh",647304,2025,28,"604",13.7,7.9,".332","89.2","11.6",30.8,6.7,41.9,37.1,86.9,62,22.1,53.9,42.2,39.6,18.3,45.8,26,5.2,"24.4","4.86"
"Wood, James",695578,2025,22,"689",32.1,12.3,".361","94.3","6.3",36.3,16.4,56.3,24.4,77,44,32.9,40.2,29.7,42.9,27.4,49.7,21.3,1.3,"27.8","4.23"
"Correa, Carlos",621043,2025,30,"584",19.3,7.7,".338","90.5","7.3",34.6,6.9,45.9,28.9,85.9,60.1,22.3,46.4,34.4,37.6,28,48.2,18.8,5.4,"26.5","4.64"
"Turang, Brice",668930,2025,25,"659",22.8,10,".335","91.1","8.6",35.1,8,47.4,23.7,84.5,62.8,21,44.3,25.9,40.6,33.6,46.9,25.6,2.3,"28.9","4.18"
"O'Hearn, Ryan",656811,2025,31,"544",20,10.7,".340","89.4","11.4",38.2,7.6,42.5,26.9,84.4,57.7,23.3,46.8,36,37.1,26.8,45,25.7,5.1,"27.6","4.5"
"Grisham, Trent",663757,2025,28,"581",23.6,14.1,".370","91.1","16.4",34.6,14.2,46.4,17.3,83.4,54.4,22.7,38.9,47.8,35.5,16.8,37.2,33.5,8.7,"26.7","4.54"
"Bellinger, Cody",641355,2025,29,"656",13.7,8.7,".323","88.3","18.5",37.1,7.5,37.9,30.2,87.5,69.8,18.1,48.3,42.4,31.8,25.8,32.9,35.7,7.1,"28.2","4.11"
"Betts, Mookie",605141,2025,32,"663",10.3,9.2,".330","89.1","18",37.7,5.5,35.8,21.6,92.4,62.3,15.3,41.2,42.9,35.6,21.5,32.8,34.5,6,"26.9","4.49"
"Lopez, Otto",672640,2025,26,"594",13.8,7.4,".330","88.5","8.4",32.5,7.1,38.3,29.5,89.3,63.3,18.9,46.3,34.4,40.2,25.4,48.6,23.2,4.7,"28.5","4.22"
"Diaz, Yainer",673237,2025,26,"567",16.8,3.5,".326","89.9","10.2",34.9,9.6,42.2,44.4,87.4,61.3,23.4,59.5,36.7,40.2,23.1,46,23.3,5.8,"27.3","4.37"
"Smith, Josh",669701,2025,27,"563",17.8,9.8,".310","87.2","12.7",33.8,5,31.1,25.8,87.8,60.1,19.6,45.5,36.3,37.3,26.3,44.6,24.1,6.8,"27.5","4.38"
"Ozuna, Marcell",542303,2025,34,"592",24.3,15.9,".354","89.9","14.1",35.1,11.5,44.6,22.4,81.1,57.8,25.8,39.4,42.9,34.3,22.9,40.3,32.6,4.9,"25.3","4.83"
"Sheets, Gavin",657757,2025,29,"545",19.6,8.1,".340","89.9","14",38.8,9.6,46.5,31.4,85.2,63.2,23,44.7,42.2,33.9,23.9,37.3,24.4,9.3,"27.0","4.49"
"Nimmo, Brandon",607043,2025,32,"652",21.6,7.7,".321","91.9","11.2",29.7,8.8,50.2,24.4,82.9,54.5,23.8,47.2,35.2,35.5,29.3,46,23.6,7.3,"27.3","4.33"
"Turner, Trea",607208,2025,32,"639",16.7,6.7,".321","89.3","9.1",34.7,5.8,42.1,31.2,86,51.2,24.8,51.4,38.6,37.4,24,48.3,23.1,4.3,"30.3","4.22"
"Nootbaar, Lars",663457,2025,27,"583",20.4,11,".317","91.3","16.5",33,10.2,50,22,87,58.3,20.9,39.4,33.8,39.3,26.9,37.8,26.1,10.7,"27.0","4.4"
"Bell, Josh",605137,2025,32,"533",16.5,10.7,".359","90.4","10.4",33.4,12.1,47,26.7,83.7,59,23.6,47,41.5,31.9,26.6,46,27.9,5.5,"25.2","4.74"
"García, Adolis",666969,2025,32,"547",24.7,5.1,".304","92.1","16.3",33.2,11.6,46.7,35.8,77.3,56,30.3,52.2,38,35.4,26.6,36.9,33.8,7.1,"27.0","4.5"
"Ward, Taylor",621493,2025,31,"663",26.4,11.3,".333","90.1","18",34.9,13.7,42.7,20.6,86.5,48,23.8,37.6,36.6,36.3,27.1,34.4,36.1,7.8,"27.3","4.51"
"Machado, Manny",592518,2025,32,"678",19.3,8.1,".354","92.9","14.3",34.8,12.9,51.5,29.8,81.4,56.3,26.1,50,35.6,39.3,25.2,38.9,29.2,7,"25.8","4.67"
"Story, Trevor",596115,2025,32,"654",26.9,5,".311","91.4","14.2",32.6,9.9,47,35.3,82.1,45.9,29.3,54.4,37.4,34.7,27.9,43.6,27.4,8.4,"28.6","4.37"
"Yastrzemski, Mike",573262,2025,34,"558",19.4,12.9,".329","90.8","20.4",35.6,8.5,42.6,22.1,85.8,67.5,19,41.8,39.6,34.3,26.1,32.7,33.5,9.3,"26.9","4.39"
"Arozarena, Randy",668227,2025,30,"709",26.9,9,".327","91.3","12.9",32.6,11.5,50.6,25.3,75.9,56.2,29.7,44,33,42.2,24.8,42.6,26.9,9.1,"27.7","4.39"
"Stott, Bryson",681082,2025,27,"560",16.3,9.6,".313","87.6","14.9",36,5.1,29.5,23.4,87.3,72.9,16.7,40.4,29.2,40.3,30.4,41.1,29.2,6,"28.8","4.15"
"Beck, Jordan",687597,2025,24,"588",29.6,7.3,".302","87.4","12.8",36.9,9.6,38.5,27.4,76.9,48.6,31.2,47.4,39.1,38,23,42.1,26.5,5.2,"28.7","4.4"
"Wagaman, Eric",676572,2025,27,"514",19.5,6.2,".315","91","10.6",34.4,6.8,46.5,25.7,85,52.6,24.2,45.2,38.1,38.6,23.4,44.1,24.4,5.8,"26.9","4.67"
"Chapman, Matt",656305,2025,32,"535",23.6,13.3,".340","92.2","15.7",34,9.9,47.6,20.1,80.7,54.8,25.3,42.4,43.4,33.7,22.9,40.4,24.7,12.7,"28.1","4.43"
"Contreras, Willson",575929,2025,33,"563",25.2,7.8,".358","90.6","12.3",37.1,13.9,49,30.1,80.5,49.7,28.9,48.5,37.7,38,24.4,41.9,28,4.2,"27.5","4.51"
"Walker, Christian",572233,2025,34,"640",27.7,6.3,".314","90.9","16.9",34.5,12.9,46.1,28.1,78.7,44,30.5,52.2,42.2,35.2,22.6,37.4,29.4,9,"26.2","4.68"
"Gurriel Jr., Lourdes",666971,2025,31,"546",13.9,5.7,".315","87.8","16.3",37.4,7.2,38.3,34.5,87.9,63.3,20.2,52.3,40.2,36,23.8,37.4,27.3,9,"27.1","4.53"
"Springer, George",543807,2025,35,"586",18.9,11.8,".404","90","17.2",41.2,16.2,47.6,20.5,79.6,52.6,26.1,46.2,39.9,36.6,23.5,37.9,28.4,8.4,"28.0","4.49"
"Tatis Jr., Fernando",665487,2025,26,"691",18.7,12.9,".370","93.3","9.4",28.9,11,51.8,24.5,82.3,49.6,27,45.9,36.2,40.3,23.6,49,25.3,5.8,"28.6","4.37"
"Witt Jr., Bobby",677951,2025,25,"687",18.2,7.1,".365","93.3","15.2",35.4,12.5,48.5,30.6,83.4,59.2,23.9,51.1,32.9,37.8,29.3,37.4,27.9,8.5,"30.2","4.15"
"Soto, Juan",665742,2025,26,"715",19.2,17.8,".429","93.8","12",32.9,18.2,55.3,16,83.6,57.5,22.4,35.5,38.9,40.3,20.8,45.2,27.5,6.5,"25.8","4.58"
"Suárez, Eugenio",553993,2025,33,"657",29.8,7,".320","90.2","21.9",32.8,14.3,47.6,31.3,78.8,39.5,33.3,50.4,47.4,34.8,17.8,32.1,40.9,8.5,"26.4","4.69"
"Guerrero Jr., Vladimir",665489,2025,26,"680",13.8,11.9,".384","92","7.8",33.7,12.2,50.7,21.5,84.2,61.7,21.5,42.2,34.9,40.1,25.1,47.1,19.8,6,"26.9","4.56"
"McCutchen, Andrew",457705,2025,38,"551",21.4,12.2,".333","89.5","14.5",34.5,8.4,42.5,20.7,80.5,50,26.2,45.6,46.7,33.1,20.2,42.3,27.1,8,"27.1","4.57"
"Realmuto, J.T.",592663,2025,34,"550",23.5,6.4,".316","90","11.1",36.7,8.8,45.5,32.3,85.4,56.9,24.3,48.6,38.8,35.6,25.5,44.7,23.7,5.9,"28.4","4.38"
"Henderson, Gunnar",683002,2025,24,"651",21,9.5,".341","92.1","9.5",29.9,8.6,49.2,27.7,83.5,54.2,25.1,47.6,36.6,37.8,25.6,48.5,18.9,6.7,"28.5","4.22"
"Harper, Bryce",547180,2025,32,"580",20.9,12.1,".368","91.3","11.6",37.6,12.3,47.5,35.6,80.9,49.9,30.7,54.2,36.3,37.1,26.6,43.6,28.5,2.3,"27.0","4.49"
"Pages, Andy",681624,2025,24,"624",21.6,4.6,".316","88.6","16.9",38.9,8.4,37.2,33.2,87.2,57.5,21.5,53.1,40.7,34.1,25.2,35.4,32.5,4.9,"28.1","4.4"
"Chourio, Jackson",694192,2025,21,"589",20.5,5.1,".307","89.3","10.6",34,9.7,42.3,37,84,55.5,26,53.4,34.3,38.4,27.4,42.8,25.7,7.4,"29.2","4.25"
"Steer, Spencer",668715,2025,27,"568",22.7,9,".293","87.3","18.8",34.2,7.6,33.2,24.8,81.6,53.4,25,48,45.4,33.4,21.1,35.2,30.3,10.7,"28.0","4.45"
"Vargas, Miguel",678246,2025,25,"569",17.6,9.8,".319","89.7","22.6",36.6,9.4,40.5,21.5,83.8,64.5,20.6,46.2,40.5,36.1,23.3,29,35.1,10.6,"27.5","4.43"
"Tucker, Kyle",663656,2025,28,"597",14.7,14.6,".372","90.1","17.2",37.5,10.8,40.4,17.6,85,57.7,20.2,45.2,45.2,33.9,20.9,33.9,32.7,6.7,"26.5","4.52"
"Yelich, Christian",592885,2025,33,"644",25.9,9.9,".330","90.2","1.9",31.2,10.3,46.4,25.7,81.6,44.2,29.2,45.7,33.4,38.8,27.8,56.8,17.2,3.2,"28.2","4.37"
"Díaz, Yandy",650490,2025,33,"651",14.1,8.8,".354","93","5",29.2,8.3,52.5,24,87,68.8,17.9,44.4,25,41.7,33.3,54,20,3.6,"26.1","4.61"
"Perez, Salvador",521692,2025,35,"641",19.5,4.4,".357","90","18.1",35.7,14.8,46.7,42.2,82.7,58.4,26.9,57.4,45.9,33.2,20.9,35.1,32.6,9.1,"24.4","4.94"
"Lowe, Nathaniel",663993,2025,29,"609",26.1,10.2,".303","89","10.9",33.4,7,41.5,24,82.6,54.2,24.7,44.6,31.6,38.6,29.8,43.8,26.9,4.9,"26.2","4.51"
"Rafaela, Ceddanne",678882,2025,24,"587",19.9,4.8,".305","88.3","12.8",32.3,9.2,38.7,42.2,82.1,57.1,26.8,58.9,37.6,39.6,22.8,44,26,8.5,"29.1","4.19"
"Harris II, Michael",671739,2025,24,"641",20,2.5,".315","90.2","7.4",29.6,9.1,43.4,43,88.2,55.3,24.4,57,35.8,40.3,23.9,50.6,21.3,5.9,"28.5","4.28"
"Langford, Wyatt",694671,2025,23,"573",26.4,12.9,".346","91.4","17.5",35.9,14,48.4,23.4,83.2,49.3,26.3,43,43.1,33.8,23,35,30.6,7.6,"28.9","4.32"
"Torkelson, Spencer",679529,2025,25,"649",26,11.1,".334","90.2","23.1",39.3,13.5,45.1,22.4,82.4,44.6,26.9,44.6,48.4,31.1,20.6,27.6,36.6,11.8,"26.7","4.68"
"Ramírez, Agustín",682663,2025,23,"585",19.3,6.2,".332","90.8","8.3",31.1,11,47,32.1,86.2,51.8,25.5,49.9,39.7,35.7,24.5,45.8,22.2,8.2,"26.7","4.78"
"Goldschmidt, Paul",502671,2025,37,"534",18.7,6.7,".329","90.4","15.9",36.1,8,43.7,27.4,83.6,68.5,20.5,47.8,37.1,32.5,30.4,38.9,29.7,5.6,"26.1","4.66"
"India, Jonathan",663697,2025,28,"567",18.7,9.5,".314","87.9","17.1",33,5.8,36.8,18.7,87.4,53,19.9,40.3,48,29.2,22.8,38.3,29.7,10.2,"28.2","4.41"
"Adames, Willy",642715,2025,29,"686",26.1,11.7,".327","88.9","21.1",35.6,12.6,42.8,26.8,81.3,45.9,29.2,46.7,44.2,31.8,24,31.8,36.3,9.5,"28.0","4.48"
"Goodman, Hunter",696100,2025,25,"579",26.3,5.7,".322","90.8","17.3",32.8,12.9,46.9,36.7,80.1,45.8,32,55,48.7,33.3,17.9,38.5,28.7,10.3,"27.2","4.57"
"Lee, Jung Hoo",808982,2025,26,"617",11.5,7.6,".321","87.1","9.9",34.1,3.7,32,22.5,91.5,72,13.1,44.7,40,34.7,25.4,47.5,24.9,3.7,"28.2","4.19"
"Jung, Josh",673962,2025,27,"511",25.2,5.3,".304","89.3","12.8",39.4,8.3,46.7,33.2,82,59.4,25.4,51.1,35.1,40.5,24.4,41.6,24.9,5.9,"26.6","4.64"
"Ramos, Heliot",671218,2025,25,"695",22.7,7.5,".320","91.8","11.5",32.5,8.8,47.4,29.9,84.5,53.8,25.3,47.8,33.1,42.5,24.4,44.4,25.4,5.8,"27.5","4.44"
"Cruz, Oneil",665833,2025,26,"544",32,11.8,".324","95.8","8.1",31.5,18,56.6,28.2,76.2,49,34,41.6,36.1,41.1,22.8,48.3,25.2,4.6,"29.2","4.26"
"Kirk, Alejandro",672386,2025,26,"506",11.7,9.5,".359","91.1","11.9",34.4,10.1,50.8,29.1,85.7,72.3,18.5,47.2,28.1,41.5,30.4,44.2,25.4,6.3,"24.3","4.88"
"Trout, Mike",545361,2025,33,"556",32,15.6,".358","90.9","17.5",44.4,15.8,49.3,20.8,79.4,43.7,29.9,38.8,37.7,34.2,28.2,34.2,30.3,7.4,"27.9","4.5"
"Garcia, Maikel",672580,2025,25,"666",12.6,9.3,".335","91.3","9.7",34.5,5.6,45.1,20.8,90.6,68.4,15,40.1,35.3,39.7,25,44.9,21.6,6.4,"27.9","4.41"
"Happ, Ian",664023,2025,30,"663",22.8,13.1,".354","90","16.1",35.7,10.4,44.4,20.8,82.5,50.9,24.6,43.5,40.9,33.8,25.3,36.6,29.1,8.3,"27.4","4.45"
"Hoerner, Nico",663538,2025,28,"649",7.6,6,".322","86.7","12.5",36.1,2.4,30.3,32.5,94.9,75.6,11.2,48.8,37,37.2,25.8,44.9,23.8,5.8,"28.6","4.34"
"Cronenworth, Jake",630105,2025,31,"515",20.8,13.4,".319","88.5","14.9",31.9,6.2,39,22.2,88.6,59.5,18.8,42.7,35.6,37.8,26.6,43,30,5.6,"28.1","4.38"
"Sosa, Lenyn",672820,2025,25,"544",23.3,3.3,".326","90.7","18.4",39.2,10.4,43.8,41,86,62.9,23.5,51,36.2,38,25.8,32.2,29.6,9.1,"26.7","4.71"
"Doyle, Brenton",686668,2025,27,"538",25.7,5.6,".300","89.9","9.8",33,10.9,44.6,30.2,81.5,44.5,29.7,50.4,40,37.8,22.2,46.5,25.9,4.6,"29.5","4.32"
"Olson, Matt",621566,2025,31,"724",24.3,12.6,".360","93.3","14.8",37.1,14.4,53.3,24.9,78.2,62.5,26.2,45.3,36.6,34.9,28.5,39.7,28.3,7.3,"25.2","4.73"
"Abrams, CJ",682928,2025,24,"635",19.7,5.8,".309","88.7","13.3",34.4,7.6,39.2,32.5,83,59.3,24.4,50.6,43.8,34.6,21.6,40.1,28.1,8.1,"28.2","4.27"
"McKinstry, Zach",656716,2025,30,"511",21.7,9,".305","85.7","14.1",41.2,6.1,30.5,26.5,84.1,58.8,22.8,46.7,43.2,31.4,25.4,40.9,24.5,5.5,"28.3","4.29"
"Adell, Jo",666176,2025,26,"573",26.4,5.8,".365","91.7","16.1",35.1,17.3,50,32.8,83.1,47.6,28.5,52.6,38,36.4,25.5,38,29.8,8.8,"27.9","4.56"
"Durbin, Caleb",702332,2025,25,"506",9.9,5.9,".312","85.2","13.9",29.6,4,26.9,24.5,91.3,74.4,13,44.5,41.3,38.3,20.4,43.8,22.9,10.9,"28.1","4.38"
"Duran, Jarren",680776,2025,28,"696",24.3,8.6,".326","91.8","12",34.5,9.7,46.8,31.1,83.6,45.5,29.3,47.2,35.4,38.5,26.2,41.5,25.1,7.9,"29.1","4.2"
"Butler, Lawrence",671732,2025,24,"630",28.4,9.4,".305","90.5","9.2",34.4,9.2,44.4,26.1,76.4,43,32.9,47,33.7,37.2,29.1,46.7,22.7,5.1,"26.9","4.46"
"Albies, Ozzie",645277,2025,28,"667",14.1,8.2,".299","87.5","18.7",33.5,4.9,30.7,33.5,85.2,67.4,20.8,54.1,48.8,33.7,17.5,37.2,28.4,10.9,"27.2","4.25"
"Alonso, Pete",624413,2025,30,"709",22.8,8.6,".386","93.5","15.4",38.4,18.9,54.4,27.4,81.6,57.4,25.6,46.3,39.3,31.6,29.1,37.8,29.9,6.8,"25.3","4.8"
"McLain, Matt",680574,2025,25,"577",28.9,9.5,".291","88.8","16.3",34,7.8,40.7,26.3,80.2,51.5,28.5,43.2,32,38.3,29.7,39.7,30,8.9,"29.2","4.21"
"Contreras, William",661388,2025,27,"659",18.2,12.7,".328","91.1","7",31.6,6.4,48.5,25.3,82.9,57.2,24.2,46.5,35.2,38.9,25.9,50.4,21.7,4,"26.2","4.5"
"Neto, Zach",687263,2025,24,"554",26.9,6,".344","91","17.5",38,14,46.6,30.1,81.4,49.3,29.1,48.6,45.8,33.2,20.9,36.3,31.6,7.5,"28.1","4.43"
"Manzardo, Kyle",700932,2025,24,"531",25.4,9,".322","90.3","21.3",37.1,11.8,43.8,27.4,79.3,53.3,27.7,48.4,39.7,34.4,25.9,30.3,35.3,10,"25.4","4.62"
"Winn, Masyn",691026,2025,23,"537",19,6.3,".286","88.3","16",31.3,4.8,34.6,25.9,85.8,65.7,19.6,45.3,38.9,35.1,26,39.2,24.4,10.9,"28.4","4.32"
"Wilson, Jacob",805779,2025,23,"523",7.5,5.2,".304","84.6","8.8",32.2,2.2,24.7,32.1,92.4,86,9.6,49.9,34,40.9,25.1,53.3,17.1,5.3,"27.0","4.51"
"Swanson, Dansby",621020,2025,31,"645",26,7.3,".345","90.5","13.3",36.9,11.7,47.8,25.2,77.5,44.3,30.5,50.3,42.3,40,17.8,42.3,27.3,5.8,"28.5","4.3"
"Bogaerts, Xander",593428,2025,32,"552",17,8.7,".327","89","11.1",36.7,6.9,39.2,23.6,85.5,60.7,21.3,41.9,42.4,37.4,20.2,43.8,23.2,6.2,"27.6","4.37"
"Polanco, Jorge",593871,2025,31,"524",15.6,8,".343","90.8","16.7",34.3,10.3,45.8,26.9,86,55.2,23.3,46.3,48.4,31.2,20.4,38,28.7,10.6,"27.1","4.35"
"Clement, Ernie",676391,2025,29,"588",10.4,4.6,".289","86.6","17.9",37.1,2.4,26,36.4,93,71.3,14.5,53.8,40.1,36.5,23.4,34.7,28.6,9.1,"28.6","4.27"
"Bohm, Alec",664761,2025,28,"504",16.3,5.8,".324","90.8","6.8",35.6,6.2,46.4,26.4,90.4,70.3,14.6,48.2,27.3,47.4,25.3,49.7,20.9,2.1,"26.5","4.66"
"Larnach, Trevor",663616,2025,28,"567",21.5,9.3,".318","90.9","10.9",34.9,7.2,45.7,27.5,83.9,40.4,29.8,44.5,40.1,36.4,23.5,43.7,25.8,4.7,"26.1","4.66"
"Lowe, Brandon",664040,2025,30,"553",26.9,6.9,".335","91.1","15.2",37.6,13,46.6,32,76.6,41.1,33.4,55.5,45.6,30.8,23.6,37.9,29.7,6.6,"26.9","4.38"
"Devers, Rafael",646240,2025,28,"729",26.3,15.4,".367","93.5","12.6",34.6,16,56.1,25.6,71.4,60.8,31.6,47.2,35.8,37.9,26.3,42.7,30.1,4.3,"25.0","4.62"
"Hernández, Teoscar",606192,2025,32,"546",24.5,4.8,".324","90.2","9.9",34,11.5,46.1,30.1,77.3,44.6,31.9,50.4,35.9,37.7,26.4,45.3,27.7,3.9,"28.1","4.43"
"Crow-Armstrong, Pete",691718,2025,23,"647",24,4.5,".321","89.5","20",33.9,13.1,41.6,41.7,82.1,52.6,28.9,60.1,48.9,30.4,20.7,33.5,35.5,9.5,"29.5","4.21"
"Lindor, Francisco",596019,2025,31,"732",17.9,8.9,".345","90.5","15.1",34.6,8.9,44.4,26.6,84.7,64.2,20.8,47.7,42.1,35.4,22.5,39,27.5,8.5,"27.4","4.4"
"Caminero, Junior",691406,2025,21,"653",19.1,6.3,".346","92.4","10.7",27.7,14,51.4,32.1,82.1,61.1,24.7,50.4,44.4,36.6,19,46.7,25.8,8.5,"26.7","4.62"
"Chisholm Jr., Jazz",665862,2025,27,"531",27.9,10.9,".345","89","15.8",32.6,15,43.3,26.6,75.1,49.8,32.2,47.1,48.9,32.6,18.5,39.5,33.2,9.4,"27.6","4.29"
"Marte, Ketel",606466,2025,31,"556",14.9,11.5,".390","90.8","14.8",33,13.5,47,24.8,84.2,60.4,22.5,45.3,47.3,34,18.8,40.8,28.2,9.3,"26.6","4.48"
"Arraez, Luis",650333,2025,28,"675",3.1,5,".303","86.1","12.2",37.1,1.1,16.7,34.3,95.9,92.1,5.3,49.4,29.4,32.4,38.2,45.1,22.5,4.4,"26.5","4.48"
"Rooker, Brent",667670,2025,30,"699",22.2,9.3,".351","90.7","16.4",39.7,13.7,44.8,26.5,79.5,42.1,30.8,50,42.9,34.9,22.2,37,30.2,6.8,"27.5","4.59"
"Buxton, Byron",621439,2025,31,"542",27.3,7.6,".350","92.5","17.7",32.9,17.7,53.8,29.4,79.6,41.1,31.3,51.8,48.8,33.2,17.9,36.7,34.7,7.2,"30.2","4.13"