"player_id","player_name","team_name","start_year","end_year","pitches","catcher_blocking_runs","blocks_above_average","n_pbwp","x_pbwp","blocks_above_average_per_game","freq_pbwp_easy","freq_pbwp_medium","freq_pbwp_tough","diff_pbwp_easy","diff_pbwp_medium","diff_pbwp_tough"
672386,"Kirk, Alejandro","TOR",2026,,2770,4,15,15,29.978840874919648,0.21630095126237764,0.9361010830324908,0.05054151624548731,0.013357400722021646,4.1430564275934785,7.126778654105304,3.7090057932208707
665966,"Narváez, Carlos","BAL",2026,,3448,3,13,18,30.704990653112375,0.14738968275072342,0.9550464037122974,0.03422273781902554,0.010730858468677495,3.4898444345718254,5.303169391780158,3.911976826760375
663886,"Stephenson, Tyler","CIN",2026,,4812,3,12,29,41.44501923537438,0.1034498689557306,0.9561512884455523,0.03345802161263504,0.010390689941812133,9.909661529202719,5.676033257914334,-3.1406755517426634
663728,"Raleigh, Cal","SEA",2026,,3687,3,11,23,33.88684597415572,0.11811061539631933,0.953892053159751,0.03661513425549232,0.00949281258475725,3.658940424980878,6.51871137545603,0.7091941737188336
693307,"Dingler, Dillon","DET",2026,,4280,3,11,27,37.879109921014795,0.10167392449546545,0.9539719626168225,0.03528037383177571,0.010747663551401866,5.18964319363678,3.431563405915006,2.257903321463009
666023,"Fermin, Freddy","SD",2026,,2888,2,10,11,20.774025592923078,0.13537431569145522,0.9608725761772854,0.0346260387811634,0.004501385041551246,7.21321555585758,5.074782624777179,-2.5139725877116845
669224,"Wells, Austin","NYY",2026,,4031,2,9,25,34.2206031595518,0.09149693038503397,0.9570826097742496,0.032994294219796556,0.00992309600595386,6.159967188106796,3.552838058239864,-0.49220208679484356
643376,"Jansen, Danny","TEX",2026,,2334,2,8,13,21.128895979717548,0.13931269888119185,0.9558697514995713,0.032133676092545,0.011996572407883455,6.61412175759184,-0.5839245029694903,2.098698725095194
608348,"Kelly, Carson","CHC",2026,,3403,2,6,20,26.459705481804846,0.07592953842850252,0.9632677049662065,0.027034969144872162,0.009697325888921544,3.0174625762554896,4.874964600161214,-1.4327216946118537
668939,"Rutschman, Adley","BOS",2026,,3119,1,5,23,27.87941282981202,0.06257663135379313,0.959281821096506,0.03045848028214171,0.010259698621353001,-2.365721180644695,4.181198888473206,3.063935121983508
620443,"Torrens, Luis","NYM",2026,,3028,1,5,15,19.672883679522304,0.06172897859342546,0.9702774108322322,0.02377807133421402,0.005944517833553503,0.9516187021298587,3.4063016817956795,0.3149632955967688
672515,"Moreno, Gabriel","AZ",2026,,3485,1,5,20,25.015893336502867,0.05757122911337547,0.9632711621233863,0.030129124820659967,0.0065997130559540835,4.513334805591721,0.401237216673284,0.10132131423783117
642851,"Wynns, Austin","TEX",2026,,987,1,4,3,7.091391150455641,0.1658111915078275,0.9685916919959469,0.02634245187436676,0.005065856129685909,2.954402613125639,1.3302250770636992,-0.1932365397336965
669221,"Murphy, Sean","ATL",2026,,1046,1,4,3,7.253628710751306,0.16266266580310934,0.9694072657743785,0.02198852772466539,0.008604206500956028,2.2350530252602843,0.8794368153066875,1.139138870184344
641555,"Escarra, J.C.","NYY",2026,,1004,1,4,6,9.589431868789692,0.14300525373664064,0.9641434262948207,0.02589641434262947,0.009960159362549795,-0.07042839615069316,2.4844201113762323,1.1754401535641419
665561,"Marchán, Rafael","PHI",2026,,1250,1,4,3,7.343489948078954,0.13899167833852652,0.9712000000000001,0.027199999999999978,0.0016000000000000005,4.103484268486828,-0.07620310498490261,0.3162087845770235
624431,"Trevino, Jose","CIN",2026,,1816,1,4,17,21.437339732006187,0.09773876061687617,0.9388766519823795,0.04515418502202643,0.01596916299559472,4.174305452522823,2.415167932195665,-2.152133652712312
701852,"Cavanaugh, Drew","SF",2026,,1775,1,4,12,16.190501863667794,0.09443384481504888,0.9571830985915492,0.03154929577464793,0.011267605633802816,0.5360853870874317,2.911552510188567,0.7428639663917995
694212,"Basallo, Samuel","BAL",2026,,2221,1,4,19,23.04985592453826,0.07293752227894178,0.9441692931112112,0.04547501125619093,0.010355695632597925,2.366675651795821,2.157592168575312,-0.4744118958328869
605170,"Caratini, Victor","MIN",2026,,2995,1,4,16,19.7542592635868,0.05014035744356371,0.9669449081803005,0.025041736227045076,0.008013355592654424,2.964737348727861,2.557030006670261,-1.7675080918112918
680779,"Davis, Henry","PIT",2026,,3388,1,4,22,25.908154810805932,0.046141142984721495,0.964285714285714,0.026564344746162906,0.009149940968122793,2.157655489748109,0.9468785573744782,0.8036207636833271
669257,"Smith, Will","LAD",2026,,1988,1,3,14,17.028034424944405,0.06092624597473666,0.9587525150905434,0.03068410462776659,0.010563380281690135,2.1723426970971356,0.37475212930948976,0.4809395985377881
553869,"Díaz, Elias","TEX",2026,,2522,0,2,19,20.55676584204046,0.024690972911030135,0.9555908009516267,0.03528945281522602,0.00911974623314829,2.1980410269323065,-1.1815222894828605,0.5402471045910039
686948,"Baldwin, Drake","ATL",2026,,2803,0,2,18,19.701498779555987,0.024281109947284725,0.9639671780235461,0.030681412772029956,0.00535140920442383,1.9000633077060083,-0.6835114943358624,0.4849469661858248
640902,"Pereda, Jhonny","SEA",2026,,1079,0,1,10,10.786879887129572,0.02917070943946545,0.9518072289156627,0.03707136237256718,0.011121408711770154,1.7080306272707557,0.31723924984594476,-1.238389989987121
543510,"McCann, James","AZ",2026,,1684,0,1,9,10.219287523043095,0.02896169888463416,0.970308788598575,0.024940617577197177,0.004750593824228039,2.683908998299461,0.39724399061763066,-1.8618654658739933
663698,"Bart, Joey","CWS",2026,,1471,0,1,7,7.863547908742865,0.023481928177916073,0.9768864717878996,0.020394289598912298,0.002719238613188306,1.2036581393618653,0.7097160944697466,-1.049826325088747
671056,"Herrera, Iván","STL",2026,,2094,0,1,21,21.67811009267211,0.012953392410164827,0.9436485195797518,0.043457497612225414,0.012893982808022916,4.228572173610372,-2.739490855893867,-0.8109712250443757
663743,"Fortes, Nick","TB",2026,,2933,0,1,23,23.796427271514077,0.01086160615770976,0.9618138424820998,0.029662461643368575,0.008523695874531202,3.5458687239326534,0.6314086097250846,-3.3808500621436703
691788,"Mack, Joe","MIA",2026,,3390,0,1,31,31.790974887187815,0.009333037016965131,0.9522123893805309,0.03451327433628322,0.01327433628318583,0.23883468046966722,4.489350211519458,-3.9372100048013303
543309,"Higashioka, Kyle","TEX",2026,,1645,0,0,15,15.459993918361263,0.01118526245255366,0.9556231003039517,0.033434650455927035,0.010942249240121573,0.2853970143645636,-1.2122200759688515,1.3868169799655579
666310,"Naylor, Bo","MIL",2026,,1088,0,0,8,8.188283676247696,0.0069221939796946285,0.9586397058823533,0.03400735294117647,0.0073529411764705925,-0.631724406921399,0.10971792315650608,0.710290160012585
664954,"Sullivan, Brett","COL",2026,,2525,0,0,16,16.39720016943374,0.006292279911821595,0.9671287128712871,0.02693069306930693,0.005940594059405938,-1.4542176043064172,1.8787809445965458,-0.027363170856393143
657136,"Wong, Connor","BOS",2026,,2371,0,0,19,19.29471162379678,0.004971937980544331,0.9557148882328128,0.03584985238296082,0.008435259384226068,-4.405056561097411,2.3213496206293107,2.3784185642648628
680777,"Jeffers, Ryan","MIN",2026,,3116,0,0,26,26.35021956329148,0.004495758193729104,0.9534659820282413,0.03626444159178438,0.010269576379974334,-1.4189865861255075,2.5317966458768906,-0.7625904964598929
686780,"Pagés, Pedro","STL",2026,,2672,0,0,23,23.128357141573957,0.0019215140954184583,0.9505988023952097,0.03854790419161678,0.010853293413173658,2.0493069362501206,-0.5456678080695574,-1.3752819866066102
660688,"Ruiz, Keibert","WSH",2026,,3805,0,0,32,32.18229843190794,0.0019164092710428847,0.9550591327201051,0.0349540078843627,0.0099868593955322,4.697267776823245,-2.40264073482695,-2.1123286100883387
623168,"Heineman, Tyler","LAA",2026,,2427,0,-1,18,17.332928860725882,-0.010994167932000245,0.9625051503914299,0.030902348578491962,0.006592501030078289,-2.100967287226611,1.1889809277978844,0.24491522015461234
669134,"Campusano, Luis","SD",2026,,2115,0,-1,18,17.34130223348673,-0.012457640974246195,0.9635933806146572,0.024586288416075654,0.011820330969267144,-2.140127965820094,0.4301193854762321,1.0513108138305958
645305,"Sánchez, Ali","NYY",2026,,1206,0,-1,11,9.582514410811735,-0.04701444740259581,0.9552238805970142,0.03648424543946932,0.008291873963515752,-0.09577812914785222,1.747305451773834,-3.069012911814245
518595,"d'Arnaud, Travis","LAA",2026,,998,0,-1,9,7.62413235268098,-0.055144995884529736,0.9579158316633266,0.03607214428857717,0.006012024048096196,3.118310017429262,-5.056340668545322,0.562163003797046
673237,"Diaz, Yainer","HOU",2026,,3221,0,-2,27,25.463239569280738,-0.019084264895613177,0.9633654144675574,0.028252095622477495,0.008382489909965858,1.8857597038842575,-0.12088884235513737,-3.301631292248372
665804,"Amaya, Miguel","CHC",2026,,2309,0,-2,20,18.161705481450177,-0.031845725743609,0.9614551754006062,0.02858380251190991,0.00996102208748376,1.8179245613922281,-1.3875243270459316,-2.268694752896124
641598,"Garver, Mitch","SEA",2026,,1167,0,-2,11,9.474550595684581,-0.0522861835240928,0.9640102827763491,0.022279348757497867,0.013710368466152534,-1.2741543806744753,0.42697009202444364,-0.6782651156653764
660710,"Durán, Rodolfo","SD",2026,,1027,0,-2,10,8.35707226267008,-0.06398939580642336,0.9571567672833495,0.03505355404089577,0.00778967867575462,0.11768698840165284,-0.7770037020337673,-0.9836110236978063
696100,"Goodman, Hunter","COL",2026,,3866,-1,-3,35,32.44492075519464,-0.026436412258721162,0.95447490946715,0.03673047077082255,0.008794619762027946,-1.7152655396846685,3.6368341816209004,-4.47664788674163
669127,"Langeliers, Shea","ATH",2026,,3231,-1,-3,25,22.391067306741462,-0.032298764385745034,0.9665738161559894,0.024760136180749015,0.008666047663262146,-0.6820825026170043,-0.3080732009710606,-1.6187769896704909
678218,"Valenzuela, Brandon","TOR",2026,,2820,-1,-3,32,29.273759461917674,-0.0386700785543594,0.9397163120567372,0.0468085106382979,0.013475177304964541,0.710627086235989,-1.4029191546431916,-2.033948469675137
595978,"Hedges, Austin","CLE",2026,,2769,-1,-3,24,21.0076034331203,-0.04322710822505883,0.9599133261105092,0.032502708559046606,0.007583965330444206,2.2236097379372475,-4.302865169243977,-0.9131411355729683
691740,"Susac, Daniel","SF",2026,,1665,-1,-3,19,16.352248863252292,-0.06360963691886404,0.957357357357358,0.028828828828828826,0.013813813813813816,1.159941502174254,-0.9036767367573649,-2.9040159021646064
687221,"Rushing, Dalton","LAD",2026,,1873,-1,-3,20,16.90854493899785,-0.06602146419652222,0.9599572877736251,0.030966364121729845,0.009076348104644968,-3.4451418165446532,-2.333576415711111,2.687263171253611
682848,"Rodríguez, Endy","PIT",2026,,1525,-1,-3,18,15.128148650326848,-0.07532724851601673,0.9468852459016397,0.04393442622950822,0.009180327868852459,2.53104602314073,-3.9290861871619747,-1.4738111856518923
606992,"Haase, Eric","SF",2026,,1000,-1,-3,12,9.073694037349835,-0.11705223850600673,0.9560000000000005,0.030999999999999996,0.013,-2.5430206338805648,1.5373133693058012,-1.9205986980754046
592663,"Realmuto, J.T.","PHI",2026,,4621,-1,-4,36,31.504618441630285,-0.038912629806273344,0.9699199307509198,0.023155161220515034,0.006924908028565241,2.7468847245075145,-3.435070408190678,-3.8071958746865664
691011,"Romo, Drew","CWS",2026,,2361,-1,-4,24,20.262316089325477,-0.0633237426628466,0.9572215163066494,0.033883947479881445,0.008894536213468862,-2.1754975476735074,-2.25021450836287,0.6880281453618574
686452,"Millas, Drew","WSH",2026,,1738,-1,-4,20,16.034141258048816,-0.09127407921636786,0.9533947065592637,0.03567318757192176,0.010932105868814726,-1.7176432937720407,-1.6478707896938227,-0.6003446584853198
521692,"Perez, Salvador","KC",2026,,1775,-1,-4,17,12.503272279452183,-0.10133470919544368,0.9684507042253528,0.023661971830985933,0.007887323943661973,-0.4379044296570611,-1.2442449424161066,-2.8145783484746514
694208,"Ballesteros, Moisés","LAA",2026,,999,-1,-4,11,7.293368525238039,-0.14841367266314182,0.9669669669669674,0.025025025025025013,0.008008008008008011,-2.458532632727306,-2.0447007925580225,0.7966019505233621
668670,"Rogers, Jake","CWS",2026,,1908,-1,-5,23,18.120078771163943,-0.10230442827748526,0.9496855345911952,0.03930817610062896,0.011006289308176109,1.3913827639745084,-0.9378359787493942,-5.3334680140611646
804668,"Flores Jr., Rafael","PIT",2026,,1265,-1,-5,16,11.484095440071656,-0.14279540110445327,0.9509881422924895,0.04110671936758895,0.007905138339920953,-1.174237580176072,-4.812179403811323,1.4705124240590581
543877,"Vázquez, Christian","HOU",2026,,3178,-1,-6,30,24.08556848318077,-0.07444218397506906,0.9612964128382632,0.029893014474512276,0.008810572687224665,-2.6402035823959356,-0.5740069364496053,-2.70022099797369
676439,"Feduccia, Hunter","LAD",2026,,2480,-1,-6,23,17.279691477383263,-0.09226304068736653,0.9624999999999996,0.031048387096774217,0.006451612903225807,-5.414289011929955,1.5154231241327099,-1.8214426348194808
689414,"Hicks, Liam","TB",2026,,2130,-1,-6,23,17.208818865247387,-0.1087545753005188,0.9586854460093898,0.03239436619718309,0.008920187793427231,-0.5440708512600091,-0.9831420127710978,-4.263968270721513
699625,"Crooks, Jimmy","STL",2026,,1463,-1,-6,18,12.368655655477557,-0.15396703607716836,0.9494190020505805,0.04442925495557076,0.006151742993848257,-1.2699619258188721,-2.0649761357069036,-2.2964062829966565
596142,"Sánchez, Gary","MIL",2026,,1479,-2,-6,18,11.68341655745661,-0.1708338997307203,0.9682217714672077,0.02028397565922921,0.011494252873563216,-3.2915297945718205,-5.323075504547515,2.2980218565759487
695670,"Ford, Harry","WSH",2026,,1296,-1,-6,17,11.319730301599645,-0.17531696600001168,0.9475308641975304,0.04552469135802467,0.00694444444444444,0.1042292304241549,-2.3581924158040297,-3.4263065130204993
661388,"Contreras, William","MIL",2026,,4361,-2,-7,41,34.340829388227405,-0.06107929935127368,0.9626232515478101,0.029121761063976143,0.008254987388213722,-1.8088497227607052,-3.4789455951777857,-1.371375293834122
691019,"Teel, Kyle","CWS",2026,,1411,-2,-7,19,11.694575360147839,-0.20709921020133717,0.9596031183557757,0.027639971651311133,0.012756909992912823,-1.1056271525199144,-1.4460133463585918,-4.753784140973664
672275,"Bailey, Patrick","CLE",2026,,3727,-2,-8,34,25.986496996744354,-0.08600486185409857,0.9635095250872002,0.030319291655486972,0.006171183257311524,3.136739437715257,-7.529304118366417,-3.6209383226044687
700337,"Quero, Edgar","CWS",2026,,2105,-2,-8,25,17.045627001859412,-0.15115198096229163,0.9572446555819474,0.03467933491686463,0.008076009501187649,0.4970466452549065,-4.607357652839009,-3.844061990556486
695600,"Jensen, Carter","KC",2026,,3833,-2,-9,41,32.46163743571304,-0.08910370534084999,0.96060527002348,0.026611009653013322,0.012783720323506392,-4.099298336168298,-1.1404489028975398,-3.298615325221119
641680,"Heim, Jonah","ATH",2026,,3130,-2,-9,38,28.663291291922736,-0.1193189611255878,0.9543130990415332,0.03354632587859421,0.012140575079872205,-0.5556534503321165,-5.504716156321962,-3.276339101423168
681351,"O'Hoppe, Logan","TEX",2026,,2962,-2,-10,36,26.134138827402076,-0.13323242636864246,0.9574611748818365,0.034436191762322765,0.00810263335584065,-1.4946664910484622,-7.060349968991697,-1.3108447125577969
682626,"Alvarez, Francisco","NYM",2026,,3319,-3,-13,40,26.937475867345515,-0.15742722666651984,0.9620367580596562,0.02862307924073516,0.009340162699608308,-5.537974040157046,-5.565767723742327,-1.9587823687550991