"id","name","side","avg_bat_speed","swing_tilt","attack_angle","attack_direction","ideal_attack_angle_rate","avg_intercept_y_vs_plate","avg_intercept_y_vs_batter","avg_batter_y_position","avg_batter_x_position","competitive_swings"
665833,"Cruz, Oneil","L","78.760265457",33.43894537911422,9.144722881430399,-7.22110122445792,0.4774665042630937,7.502941732817481,35.329718078409215,27.82677634559171,26.72257331859305,821
691406,"Caminero, Junior","R","78.493226724",26.2002479247392,7.986755993892943,-5.301374927990511,0.5939781021897814,7.676461870070108,35.906747106567906,28.230285236497792,28.638201642265447,1096
691023,"Walker, Jordan","R","78.069257522",31.415359295854575,6.175581936973641,-5.32482044289161,0.4766763848396502,6.269504102845828,30.065739970239466,23.79623586739364,31.757730041018498,686
666176,"Adell, Jo","R","77.605402004",33.82280167591465,8.001014542473161,-5.8872286712460955,0.4956437560503388,0.05979581325360491,26.142724573441367,26.082928760187762,28.095643252511817,1033
656941,"Schwarber, Kyle","L","77.325878962",30.314648917398912,14.561772300391011,-5.757232322401756,0.6437994722955146,12.329529627295114,33.40136657927861,21.071836951983506,25.300020349794377,1137
701762,"Kurtz, Nick","L","77.175980766",39.078666017540804,14.176163171930332,1.9045071603687738,0.48016415868673046,1.273372527752817,24.699507138377786,23.426134610624963,27.74112856051511,731
592450,"Judge, Aaron","R","76.940545587",38.416502013820576,14.029172817438582,-5.96359672270732,0.5058708414872797,4.273292184721838,30.50662024000075,26.233328055278903,33.09786822878859,1022
665489,"Guerrero Jr., Vladimir","R","76.651474812",27.402664805858,1.1927359376507656,-4.347967369290676,0.3043944265809218,6.532923367315401,34.37142286556413,27.838499498248726,28.988053871773285,933
670242,"Wallner, Matt","L","76.555872709",28.210451478976868,12.531972908228118,-6.232013382378906,0.5662824207492796,10.592590764806117,37.35617598751355,26.76358522270743,31.35800905002364,694
660670,"Acuña Jr., Ronald","R","76.441096128",38.71825286353267,11.91981857542644,6.120438251218842,0.5106382978723405,-1.043207868338574,30.227164083376355,31.27037195171494,25.486455551725957,705
677594,"Rodríguez, Julio","R","76.418126848",31.72446481064248,6.900860767748338,-1.4065278686387652,0.4641975308641976,11.934353503721589,32.26746940858348,20.3331159048619,29.70343459541364,1215
695578,"Wood, James","L","76.007720164",39.66790219841029,11.085674114724336,1.9342485805914955,0.4173913043478261,1.692459671748952,32.66196380059787,30.96950412884892,30.133715753333295,1035
575929,"Contreras, Willson","R","75.960782602",32.768437724391,9.40733884879407,-1.718809949427247,0.4731182795698925,5.301099014866765,27.91355459843272,22.612455583565954,30.31721710374018,930
680718,"Barger, Addison","L","75.898402576",28.826460666705902,9.102563186145966,-5.0694158890202985,0.5093240093240093,-1.6505101329012875,31.552315844063717,33.202825976965016,25.473924699585666,858
663586,"Riley, Austin","R","75.858912363",32.16773156751588,10.848761881011027,-4.559024408352793,0.4527363184079601,6.728503848699395,35.56537871150041,28.836874862801018,28.167493151785727,804
660271,"Ohtani, Shohei","L","75.840889652",36.93463857148013,15.041881638605226,-2.0221025236612804,0.5334491746307559,-1.3874994160736023,27.600293459673054,28.98779287574666,31.934474740795196,1151
660821,"Sánchez, Jesús","L","75.82462573",27.83859052589352,7.07479949584305,-1.710206838029426,0.480096501809409,8.660204797036524,34.98562595354321,26.325421156506692,28.417635989888563,829
673357,"Robert Jr., Luis","R","75.613043555",36.51806479647002,12.1672089687733,-5.173875267912887,0.5394190871369295,-0.8051525489196159,30.48367470064927,31.28882724956889,27.195697144361755,723
682985,"Greene, Riley","L","75.590234226",44.61680215577836,13.854285371623906,1.2369566674931187,0.43526608419380464,2.1557023061310687,32.02949205429997,29.873789748168903,24.653878065101306,1259
683002,"Henderson, Gunnar","L","75.340720999",29.022864413690467,8.484636148468459,0.9927136907514285,0.5108388312912346,6.75081212924464,33.41835339001459,26.667541260769937,25.81640532098391,1061
686948,"Baldwin, Drake","L","75.276223846",31.69898738501354,9.29761421428067,3.21066826962773,0.47948717948717945,2.1086133756760135,28.689689047912957,26.581075672236942,28.212124283328684,780
624413,"Alonso, Pete","R","75.23885212",33.81286466578544,10.092156626479648,1.130218693305963,0.5980650835532103,3.8276244692702255,28.22735744537233,24.399732976102108,27.14595074822626,1137
663728,"Raleigh, Cal","R","75.238294969",34.31774448647627,17.863710814739825,-8.23856592678137,0.45241809672386896,7.495866150236753,35.95699804553767,28.461131895300923,24.491277358729953,1282
682663,"Ramírez, Agustín","R","75.197865719",25.18489657408822,7.2595409996874425,-2.846165291592204,0.5299055613850995,2.0584157895497888,30.32065163677899,28.262235847229203,30.154868830884904,953
663624,"Mountcastle, Ryan","R","75.175191873",35.999453230684466,7.28265432717878,-0.9707058352315951,0.40201729106628253,1.9475436413446132,27.524403620702852,25.57685997935824,31.117537812166038,694
672356,"Arias, Gabriel","R","75.076267785",29.081068245935217,9.715411747811485,1.215698907020849,0.5361842105263158,5.26283005610173,34.40609916499079,29.143269108889065,35.60710949219725,912
621439,"Buxton, Byron","R","75.042908574",34.02686139087678,14.128621150412652,-6.250288408329694,0.5798499464094318,4.685391383166921,28.251312096442877,23.565920713275947,27.765513399569127,933
669065,"Stowers, Kyle","L","75.014252718",33.87014016756338,11.654427895265927,0.2764789425311269,0.5252152521525216,1.9109794974321723,31.52383026666165,29.612850769229475,29.30675602376595,813
656305,"Chapman, Matt","R","74.921735272",25.332689524378974,5.589356794809704,-3.7717276855959794,0.5320435308343409,-0.9817645006796877,27.404195242310294,28.38595974298998,29.813889494288688,827
683146,"Baty, Brett","L","74.781916843",35.46184373616512,8.413088225193988,3.7978148584279077,0.47426981919332406,-3.427675965866598,26.611154710703122,30.03883067656972,30.26743168522089,719
657757,"Sheets, Gavin","L","74.771770687",27.530909792878823,8.404223945933666,-7.478656190684471,0.539803707742639,4.837797855148062,34.094597786455594,29.256799931307526,29.154631433263166,917
680776,"Duran, Jarren","L","74.744475151",26.515875297963458,5.549089677442001,0.27495529675235364,0.4429223744292237,3.1049252875797366,31.652980910288502,28.548055622708766,30.49426338468439,1095
682998,"Carroll, Corbin","L","74.621494596",25.74311187814123,10.991658212473437,-3.3172779969277704,0.6838235294117645,5.947579386521701,36.60843666517732,30.66085727865561,29.914410791547347,1088
606466,"Marte, Ketel","R","74.604650942",32.03263499847782,10.186182175583195,-7.198395864361341,0.6183745583038867,6.677170821950248,36.77938015143749,30.102209329487245,22.857204784154813,849
669394,"Burger, Jake","R","74.592175865",24.94146201742849,7.535677744257795,-3.982160813306435,0.5298621745788668,7.7998294758534685,31.485618809642617,23.68578933378916,31.760289772722082,653
701358,"Smith, Cam","R","74.498750667",38.09379114299079,7.510809831162322,-1.1970335251879916,0.3932203389830509,4.032137283018135,29.394083260082294,25.36194597706416,30.346725112388313,885
592518,"Machado, Manny","R","74.456093288",26.50294362595168,7.575590887836006,-0.31663819437796764,0.5458368376787218,6.119536696101177,30.79157014659746,24.672033450496286,31.086083841664184,1189
682829,"De La Cruz, Elly","R","74.437002191",33.652623456646445,8.188731495602417,-0.11803641020565502,0.4922089825847846,7.923220528369876,36.87477846752316,28.951557939153286,29.935124752219547,1091
671056,"Herrera, Iván","R","74.344213695",32.007730014387306,8.68399446783883,-0.4975983361878348,0.47813822284908314,-0.3709419104132948,31.50515452124428,31.87609643165757,27.45292868394715,709
696100,"Goodman, Hunter","R","74.323727522",25.212879731874636,13.366971891642017,-7.208260470550176,0.6114832535885167,10.065677869822014,38.740508471694305,28.674830601872273,29.526433721680558,1045
677951,"Witt Jr., Bobby","R","74.314318175",28.58911044131427,5.073469607538114,-0.1923883451936262,0.47137745974955275,0.301665890955396,27.764991961060947,27.463326070105555,25.226304969975864,1118
671739,"Harris II, Michael","L","74.280053191",30.744804665239318,6.862664671490749,-0.8898340151220546,0.5032377428307123,-0.26949894551195597,30.74027065743397,31.009769602945923,28.527490814442864,1081
547180,"Harper, Bryce","L","74.148533359",35.53980969628312,11.541055858946928,-2.159505127889757,0.46198267564966317,9.605697151236532,33.166791801966745,23.5610946507302,29.45356788899883,1039
677800,"Abreu, Wilyer","L","74.112041957",31.202908735338166,9.478676588629039,-1.2544855967734265,0.5764075067024129,1.543893098504454,31.37100512851208,29.827112030007626,26.568133147139996,746
572233,"Walker, Christian","R","74.110321353",29.403245406466127,9.09702151499535,-4.648589284484453,0.5146551724137931,2.8441834319652406,31.452925546782836,28.60874211481759,26.29582671578073,1160
691176,"Domínguez, Jasson","R","74.032050699",31.352572731537222,6.46449375000638,-3.550818525969036,0.46243523316062174,2.1489576420344214,30.131762831068052,27.982805189033634,23.999323731177856,772
545361,"Trout, Mike","R","74.009059791",36.39421807366989,7.537887033348937,0.21472669819579313,0.44663573085846875,-5.701296589727578,24.246798938712733,29.94809552844031,25.30238898333621,862
641857,"McMahon, Ryan","L","74.006936753",38.81984442410219,13.093913518942987,0.8947324684869667,0.47509960159362546,2.717240089522966,26.719814030507063,24.002573940984096,32.03116797155315,1004
671218,"Ramos, Heliot","R","73.930341474",31.479411163848564,5.916731685972384,1.6644016133224446,0.4721977052074139,2.574469300880114,27.515418936841,24.940949635960905,27.63413363876537,1133
621566,"Olson, Matt","L","73.921564279",33.87591718139934,8.76141514582612,1.0956144025360584,0.48177496038034867,1.3795154454010878,32.535884419507646,31.15636897410653,30.531953250695008,1262
691016,"Soderstrom, Tyler","L","73.920656964",30.52868794822137,9.520973159095782,1.3273493307570807,0.4994818652849741,-0.840818184030809,27.953263704764776,28.79408188879559,31.462511232347953,965
665487,"Tatis Jr., Fernando","R","73.911687531",29.757844187527706,8.260654314185523,0.8533473554381603,0.5665071770334928,3.5673641107278766,29.82685832393622,26.25949421320836,28.964595065734308,1045
624424,"Conforto, Michael","L","73.907127036",31.988966285195453,10.139292356497153,1.1595410254951937,0.47500000000000003,0.5679905940069447,27.711373907192733,27.143383313185787,28.273516864036054,840
665862,"Chisholm Jr., Jazz","L","73.896697873",32.894916680200296,15.766529698898285,-6.002002842271977,0.5667420814479638,1.3920771038807782,31.623679246477906,30.231602142597126,25.827207189559182,884
694192,"Chourio, Jackson","R","73.853133477",26.435700626852686,7.111759512356701,1.458315103948635,0.575879396984925,3.1871349314340964,27.928432738576717,24.741297807142608,30.41281992828459,995
664040,"Lowe, Brandon","L","73.834592479",33.49072597658821,14.788785185904304,-2.5370142648540424,0.4862819299905394,7.0239526345670305,34.069426864850385,27.045474230283357,26.610032089447216,1057
669127,"Langeliers, Shea","R","73.777471982",30.280941703010352,11.42929233662704,-3.027724106578253,0.6135857461024499,6.471108544661666,33.628137134710414,27.157028590048736,29.6640864443188,898
543807,"Springer, George","R","73.757208059",35.17154940316902,13.187685748245121,-0.429654804036162,0.5801526717557252,-4.646282299180754,22.335173396175175,26.981455695355923,27.17930579032619,917
666160,"Moniak, Mickey","L","73.746583953",33.58528014992656,11.566883656506175,-4.304332524477858,0.47007481296758113,3.3394443377819236,29.108615681149647,25.76917134336772,30.788757731506116,802
621043,"Correa, Carlos","R","73.737663678",33.048941918588625,7.697607872783981,-1.5650289831056243,0.41577825159914705,2.7053267490293305,28.46800697636991,25.76268022734058,28.788057333372095,938
671732,"Butler, Lawrence","L","73.718305954",30.45294447819595,6.813378266995829,1.7421864664296987,0.4400767018216682,2.915130886774507,28.80500194373145,25.88987105695695,31.230510937763423,1043
668904,"Lewis, Royce","R","73.589978865",28.892648218660856,10.79948647732258,-7.660559784746334,0.6841339155749638,3.981629733335477,28.556979004487502,24.575349271152017,26.481427861866763,687
665742,"Soto, Juan","L","73.587196714",28.119980998558674,10.959072373554731,3.8135961594799372,0.658324265505985,-1.6309029037028318,23.223300775791042,24.854203679493875,30.252886444122936,919
650490,"Díaz, Yandy","R","73.54020603",24.40493483434384,2.903809624935178,7.068346756056834,0.3515151515151514,0.5326888357758341,29.869386728412376,29.336697892636536,28.6650293751113,990
664056,"Bader, Harrison","R","73.527069449",25.412035274821474,12.018833677289619,-5.380915695845636,0.5005988023952096,6.406666493231944,33.552145829304536,27.145479336072615,27.176196434621744,835
667670,"Rooker, Brent","R","73.498180944",36.26225284509351,12.259124482036,-6.134979372983179,0.4514991181657848,1.4012710453434514,32.78531310021573,31.384042054872292,27.216394123910888,1134
595879,"Báez, Javier","R","73.494970473",30.264393475854977,9.98933851667736,-5.5533176591056685,0.5054054054054052,10.158736881430643,29.751624772975905,19.592887891545256,28.716062682858905,740
676572,"Wagaman, Eric","R","73.417793415",27.899738130742794,6.871050901703804,-2.7117381282254867,0.4929396662387677,7.2165231865156505,32.32503843198161,25.108515245465973,28.13947158336215,779
669224,"Wells, Austin","L","73.414551176",31.81988489424769,10.466844659324005,-5.634166319886905,0.4987623762376238,-0.25298038169821824,30.52005643247354,30.773036814171757,23.64602568455779,808
663457,"Nootbaar, Lars","L","73.375454238",27.925913292330797,9.181930913362644,-3.0652267489663987,0.5515970515970515,5.579652394556014,34.70498843641055,29.125336041854556,27.8584229082464,814
700250,"Rice, Ben","L","73.357201139",33.23750156607079,10.554396482211773,-5.8038142253841025,0.5645569620253165,-2.482845133053489,28.353906137186268,30.83675127023976,28.507468658632526,790
502054,"Pham, Tommy","R","73.337161014",27.375185240405695,8.154275368759258,-0.700208530502157,0.5161290322580645,1.1202096064725755,32.55363276090581,31.433423154433246,28.453305068446923,651
592885,"Yelich, Christian","L","73.331335562",36.25422581838735,9.683032071002208,7.020477825226977,0.4428706326723324,-1.059794175712635,26.699209313936944,27.759003489649587,29.910703119336414,1059
673548,"Suzuki, Seiya","R","73.31495341",31.07764778870634,8.029800987955442,-3.003814536006376,0.5040241448692153,6.42479427070944,34.443747029807795,28.01895275909836,27.836319244292774,994
661388,"Contreras, William","R","73.225008324",29.238351419006097,10.617445957974265,3.3556297160311788,0.65625,1.6714086542699118,30.215207230951712,28.5437985766818,27.95881650244729,1056
687597,"Beck, Jordan","R","73.153055232",32.766178207134104,10.695395727190986,-3.2823005800077567,0.5189873417721522,9.957464521081056,27.610235505304843,17.65277098422379,29.476545501238785,948
694671,"Langford, Wyatt","R","73.118531473",33.722415023575664,16.700399342114125,-3.012590591344491,0.48394241417497236,3.1126874804506333,31.960724439685368,28.848036959234737,27.370651653807858,903
605137,"Bell, Josh","R","73.061417239",33.646127813692345,10.071170628335754,-2.961693630561035,0.5802469135802469,-1.963119894669909,27.551949390188113,29.51506928485802,28.387611727614793,891
679529,"Torkelson, Spencer","R","73.007656872",38.00001664185551,13.530237748616647,-8.05043772099839,0.49857819905213274,-2.2555527719599318,30.692803046396925,32.94835581835687,27.979555219293275,1055
521692,"Perez, Salvador","R","72.934573148",34.17843721907728,12.458872186546046,-5.411742347752819,0.5643478260869567,0.8493321744465208,30.420648783787886,29.571316609341352,27.29180623498011,1150
606192,"Hernández, Teoscar","R","72.932238347",31.90259127038339,10.345373777875047,-0.09960745545344758,0.545263157894737,-0.277935171870042,30.45524792953791,30.733183101407956,29.8907677864188,950
542303,"Ozuna, Marcell","R","72.814197823",36.86208999453076,13.905719270407324,-0.8924134342428841,0.5262582056892781,-2.0394677543548956,32.37308989599951,34.412557650354394,26.101685408134138,914
669357,"Gorman, Nolan","L","72.716593192",34.08238936464361,14.805096605459221,-1.876846033300175,0.5043731778425656,1.952138890368708,33.104863119753944,31.152724229385235,30.395772599843866,686
691718,"Crow-Armstrong, Pete","L","72.714566672",34.88558230313846,14.558712815599407,-3.5333390230060755,0.4999999999999999,5.9226294425150074,36.168467408855335,30.245837966340332,26.61933590418997,1226
669911,"Toglia, Michael","R","72.709774473",35.865904716787114,14.757714303619553,-2.56279713790446,0.4421768707482993,2.6233861819328874,28.321846277855855,25.698460095922968,30.380160981051585,588
666134,"Jones, Nolan","L","72.665207496",35.47424919686762,8.866010271285111,-0.13307985141053305,0.4532374100719424,5.577388977939309,32.67270715894886,27.095318181009567,27.320153640890357,695
686555,"Collins, Isaac","R","72.654714277",28.831643570581114,4.039936527396483,-2.202750571773183,0.3722627737226277,2.085319247933766,32.174792902917204,30.089473654983465,30.026820672900843,685
663993,"Lowe, Nathaniel","L","72.636837779",30.107337412631427,6.662001664482781,7.821066004285777,0.473076923076923,1.1570335600673167,27.44194681718028,26.284913257112954,29.980394494996197,1040
502671,"Goldschmidt, Paul","R","72.615961153",31.906743473509003,9.691140930609139,2.3974941078462555,0.5144124168514413,-4.877405319620935,21.0171974781487,25.89460279776964,34.04993482536322,902
683011,"Volpe, Anthony","R","72.588285736",31.54380941584476,10.966591201267162,5.631461038319489,0.6482617586912065,-3.6645113295512597,25.005290384042336,28.669801713593596,29.199277197438104,978
686780,"Pagés, Pedro","R","72.577596181",30.440151824195613,7.003448643719163,-2.887016468047895,0.4096209912536444,8.817375218002574,35.96852225793936,27.151147039936788,28.85878751517002,686
681624,"Pages, Andy","R","72.542066351",40.55661171979138,7.80628312556253,-3.999010211504686,0.4812164579606441,-0.28564924787409274,31.289979561338622,31.575628809212724,29.81371730777054,1118
672820,"Sosa, Lenyn","R","72.5300892",32.57760438269899,10.443726829321244,0.47837505915010525,0.5506937033084311,2.3519283669773463,32.71301895843145,30.361090591454115,27.51723778173311,937
686469,"Pasquantino, Vinnie","L","72.498317445",29.358073553559972,9.744239558872918,-9.186067740627207,0.5574817518248174,3.433878853169856,32.05199982702521,28.618120973855362,31.14663527907185,1096
608369,"Seager, Corey","L","72.478539271",34.21861626790513,12.715669800520269,3.714237198084005,0.5465587044534415,5.393230927850732,31.87634763332434,26.483116705473602,29.04730827978239,741
672386,"Kirk, Alejandro","R","72.475748659",23.900699019085703,7.867786144023866,4.628789697272633,0.5541176470588234,8.367947502164569,30.005884401568792,21.637936899404234,31.538202004071863,850
666139,"Lowe, Josh","L","72.401029841",35.85665384925933,7.087860390390367,-0.338069262044502,0.45392491467576795,4.668188064529448,29.17031270621271,24.502124641683263,30.87278198601358,879
671277,"García Jr., Luis","L","72.386946489",28.561825499422135,10.6988653564853,-2.53021443066196,0.6227272727272727,5.210014661763029,33.37003353739737,28.16001887563435,28.685298283537666,880
666310,"Naylor, Bo","L","72.36030534",31.944168359423767,13.61797394940368,-8.260578058583878,0.529745042492918,7.97994345644755,35.184506541091224,27.204563084643674,31.184182720622342,706
682928,"Abrams, CJ","L","72.350200077",27.260685577794327,10.84712735159726,-3.857591720178388,0.5890279114533203,3.8439110277104014,31.682289677004025,27.83837864929362,30.03322229865513,1039
687401,"Ortiz, Joey","R","72.339505438",27.823093128828855,1.6267185343233173,-1.5686837895501837,0.3320261437908497,-2.958216515861772,28.99887757198447,31.957094087846244,28.20580018006758,765
676475,"Burleson, Alec","L","72.329669786",31.779595075514017,10.035333567494876,0.3566615357930325,0.5741399762752077,-2.413695508161388,31.571751297636528,33.985446805797935,23.414065618131367,843
668227,"Arozarena, Randy","R","72.315898966",25.27642671703111,8.668874424784978,0.4474014984350923,0.6212259835315646,8.645955193808065,31.229026841485364,22.583071647677293,24.21269046036594,1093
665161,"Peña, Jeremy","R","72.308806937",30.423813962659995,10.862135073464005,-8.120075767541078,0.6260762607626077,1.803846695085997,31.9906562444206,30.186809549334598,26.229022058280545,813
553993,"Suárez, Eugenio","R","72.257302134",38.71440501895313,18.5137954072994,-5.538064970326274,0.44319167389418906,17.37159629087676,35.6700788300961,18.29848253921935,23.07946531502457,1153
665966,"Narváez, Carlos","R","72.254590337",30.00769746535745,9.088882716030538,2.5886382741708704,0.5393258426966294,5.512312928446193,30.561356934531712,25.049044006085527,29.200294379735123,801
607043,"Nimmo, Brandon","L","72.20380436",29.072784683384615,6.63335907181658,2.1801301321496034,0.4780578898225957,-1.406517617284895,26.855136683472026,28.26165430075693,31.489268041257247,1071
668804,"Reynolds, Bryan","R","72.203246059",37.88975743078572,13.028022995964243,1.0709280585292777,0.4699215344376635,0.6530044200714198,28.29317486654856,27.640170446477146,27.254775714477116,1147
665019,"Clemens, Kody","L","72.179093988",26.996147565719962,12.25871582715822,-2.8910134071982068,0.6605783866057836,1.4093094905114545,33.40458233937865,31.995272848867195,27.580370251527153,657
657656,"Laureano, Ramón","R","72.158808041",35.11542727763667,15.546384095399498,1.0557675370406494,0.4747596153846155,2.3503438214402905,32.756874188032924,30.40653036659264,31.591427222070003,832
673237,"Diaz, Yainer","R","72.157645102",28.26845476053512,10.422012981077637,0.965655539468864,0.5924796747967479,3.333969520545704,32.41086749061974,29.076897970074047,28.29488046630063,984
663616,"Larnach, Trevor","L","72.133038147",34.04531739765202,8.261530718440403,-10.43318628601227,0.4108170310701957,5.571065701479918,34.17261861214431,28.601552910664395,27.233809394749873,869
666969,"García, Adolis","R","72.119125488",28.028215255442664,8.761561033559246,-0.44652300488843055,0.6245019920318724,2.249907430958272,31.30714719134934,29.057239760391067,25.170236105384518,1004
593428,"Bogaerts, Xander","R","72.115564267",30.95278974563352,10.155707253647128,-6.843003864465229,0.5226666666666666,14.976910946819553,34.68283024812456,19.705919301305013,29.08962847255287,750
663656,"Tucker, Kyle","L","72.045300162",33.89918364704763,11.653680123564301,-8.090494093103056,0.49514563106796117,0.5137858270369531,28.369481380768487,27.855695553731536,30.200251897809977,927
592663,"Realmuto, J.T.","R","72.03438616",34.241596014403136,12.437010837678498,0.9615962171059406,0.528723404255319,-2.8943819132144015,28.57164773698003,31.466029650194436,27.45464389624177,940
642715,"Adames, Willy","R","72.017217427",35.29110766724778,18.42665194974923,-3.8881824591831857,0.501727115716753,2.435785300615031,31.54246166979955,29.10667636918451,28.941593698375566,1158
663697,"India, Jonathan","R","71.967330734",28.221101881506108,9.07193180765579,-4.612524520347204,0.6125150421179303,1.961400014032439,30.668350531687416,28.706950517654974,27.953420418040242,831
681351,"O'Hoppe, Logan","R","71.911663872",32.9166828369553,15.626606495566138,-3.4897385356366963,0.5240443896424168,5.954994573954612,33.49894884299821,27.543954269043603,28.65284905012831,811
669720,"Hays, Austin","R","71.893560056",30.77792340641273,14.214320387423998,-5.562282579347319,0.6601671309192196,23.199942357159088,35.75095668650082,12.551014329341728,28.59798566563893,718
681481,"Carpenter, Kerry","L","71.883128",34.826775452928814,17.004892344697836,-0.3205166313408706,0.4884848484848485,-6.7119171691961315,25.686844974955612,32.39876214415175,29.105014853878235,825
701538,"Merrill, Jackson","L","71.870236035",37.41823879249238,9.771521765942198,1.134775247535175,0.4786127167630059,2.793949604518136,27.414315790506546,24.62036618598841,28.722752228481234,865
672580,"Garcia, Maikel","R","71.869831261",27.11398914871787,4.553025319703233,0.5156367669658324,0.4419642857142858,3.4313062862091366,33.936134984504,30.504828698294865,25.950246242996002,896
656811,"O'Hearn, Ryan","L","71.774204127",33.453997972603815,11.258998602057275,1.6187940608833564,0.43468715697036203,0.31022517337961203,26.357886560430828,26.0476613870512,29.255791051192734,911
664761,"Bohm, Alec","R","71.701332711",29.742105528610445,5.385204074216867,4.5103019307253,0.4695201037613488,0.8855707376689477,26.592810836942135,25.707240099273186,29.674265091963704,771
672640,"Lopez, Otto","R","71.695265097",29.923719004270293,7.418707836248797,-2.3355986584650794,0.4857142857142856,1.1914609286539817,30.493851969281316,29.302391040627334,28.513706497568034,875
693307,"Dingler, Dillon","R","71.677528513",39.756545432852405,10.763596427704398,-0.29820883173804746,0.49487179487179495,2.1430755401897623,27.76633296503584,25.623257424846066,28.347894137504834,780
664023,"Happ, Ian","R","71.626064618",32.72685536974303,10.244242229372126,-5.524177824464623,0.4646946564885496,2.7664886405937916,33.96145074521522,31.194962104621432,26.68972692737885,1048
650489,"Castro, Willi","R","71.601133577",37.28740297807253,7.648459605665661,-3.5201755560480525,0.43688118811881205,-1.8011940826444237,30.097832452554822,31.899026535199255,24.191443485522804,808
678662,"Tovar, Ezequiel","R","71.598959679",36.09215610195652,10.937532353516282,0.611418591571807,0.5244215938303339,0.7803163990335691,29.11059709787902,28.330280698845456,23.868332730667678,778
646240,"Devers, Rafael","L","71.555223354",29.89867631831423,9.94147585982231,4.5654962682765765,0.5941130906274209,6.044721599289031,28.52968621473784,22.484964615448803,25.92297389824542,1291
672275,"Bailey, Patrick","R","71.541014387",32.92159350326646,8.480320451483552,-3.4523569728677326,0.45333333333333325,2.7849420791487196,30.305941268953575,27.52099918980486,28.71242520310436,750
571448,"Arenado, Nolan","R","71.404740876",33.201009967130545,10.562669572977988,-9.000382175291632,0.5660919540229886,2.9602048814179143,34.92830413025191,31.968099248834008,29.30651398540134,696
687263,"Neto, Zach","R","71.389970097",39.04001007399433,17.998713863665866,-5.585688064184434,0.4827956989247312,17.871977477940447,36.26685776168956,18.394880283749117,21.569031823253486,930
669016,"Marsh, Brandon","L","71.369594754",38.525103426889864,9.41636155967222,-0.3618826815417267,0.40869565217391296,-0.3432915508106042,27.48899917765182,27.832290728462436,29.37887468605829,690
596146,"Kepler, Max","L","71.328294419",31.786460414990668,7.7867422529076915,-7.0035750080610715,0.44699872286079184,0.10754281734886989,32.51579563054924,32.408252813200384,30.1159341154279,783
671289,"Freeman, Tyler","R","71.253589137",35.54910413508455,2.84465629931959,0.5815782024372667,0.32511556240369793,-0.9279329320196158,29.54566416828515,30.473597100304765,28.381965632328466,649
467793,"Santana, Carlos","R","71.225783351",26.692707558500015,12.757884392778378,-5.479776821871517,0.6443298969072164,6.675870701098638,33.98967608976651,27.313805388667877,26.953075697314535,776
668901,"Vientos, Mark","R","71.181239478",31.90692574898036,14.505685225189003,1.2486544123454493,0.6231343283582089,1.4966263467512126,28.102315770681457,26.60568942393025,28.75669669368526,804
593871,"Polanco, Jorge","R","71.162815808",30.501961082060163,9.456516475935327,-10.58061369375084,0.5671641791044776,6.680950748178446,32.209719883256966,25.52876913507853,27.868885953295536,804
573262,"Yastrzemski, Mike","L","71.129544906",30.436093619995955,10.934462674005015,-2.673378473542828,0.6662735849056604,1.195891792846234,30.24073331022693,29.044841517380686,24.684085182493256,848
677950,"Thomas, Alek","L","71.128222182",27.573027528102745,9.968174307554738,0.3488275385465537,0.6025974025974025,12.886749216668012,33.398560627741176,20.511811411073147,26.987153909543235,770
663647,"Hayes, Ke'Bryan","R","71.127856619",26.45760525820772,4.238598871415876,1.5931047439011041,0.4301075268817204,1.4954679011203607,34.452523999544034,32.95705609842368,25.85097873892777,837
607208,"Turner, Trea","R","71.12702822",27.864816765457437,8.052920440740248,-2.83248448172382,0.5973904939422181,0.3801187070977399,29.259359704893818,28.87924099779608,28.78590350103463,1073
656775,"Mullins, Cedric","L","71.109822074",29.17985402525719,11.317448053234774,-6.0322977237945,0.6278801843317973,-3.109637336615589,28.653362710877797,31.76300004749339,24.145995136523364,868
571970,"Muncy, Max","L","71.104176275",34.660527206503716,17.848380658980968,-4.662276796975024,0.4917218543046359,10.658299913129655,37.62679901333474,26.96849910020508,28.234869401748114,604
457705,"McCutchen, Andrew","R","71.103640634",34.46324024442022,14.540057005848523,-0.8067940358415246,0.5322763306908268,-4.896158924257198,24.912830105248098,29.808989029505295,28.98256556409262,883
691026,"Winn, Masyn","R","71.071332996",29.091718762648092,5.471084158772806,-3.719510901008499,0.43318485523385303,0.35506294919083725,33.928223433788474,33.57316048459766,23.06885473499193,898
596115,"Story, Trevor","R","71.053762972",29.381343093884723,10.53283653069132,-4.491029047981614,0.46147332768839977,9.636734768990623,35.33956157223492,25.702826803244275,29.913402744520372,1181
641487,"Crawford, J.P.","L","71.029753761",36.03125815737755,4.666619575042855,1.7277505121140162,0.36669784845650133,1.6473344985205125,36.570459344590056,34.92312484606955,27.638410598896385,1069
664034,"France, Ty","R","71.010424422",34.8030946589994,10.658390060781475,5.264934490141971,0.47141190198366395,-0.84613454791413,27.507134586227174,28.353269134141307,26.482193827326192,857
678882,"Rafaela, Ceddanne","R","71.007767184",32.60840910936556,11.532373690182125,-1.404107794480388,0.5703971119133575,2.974620891266268,33.470670926798576,30.49605003553231,26.78339324085934,1108
608324,"Bregman, Alex","R","71.001324846",28.089345582231388,13.524342711104723,-5.10401177701646,0.658263305322129,3.1446407823101614,31.805366229482143,28.66072544717199,24.77729023890483,714
663757,"Grisham, Trent","L","70.993824765",30.875744958421045,16.668559273457163,1.8008603239025822,0.5814814814814814,-9.186547181839178,24.126163240227296,33.312710422066466,31.007428861186245,810
630105,"Cronenworth, Jake","L","70.938401161",31.14748916129561,7.444196644544003,-0.6878548469229248,0.3645443196004993,-2.800004566488569,30.607775306977594,33.40777987346617,28.303564302458923,801
596019,"Lindor, Francisco","R","70.937918425",33.85058018387872,11.074479961728631,-1.4955742993911232,0.5105307497893851,2.212105177270287,29.2881070710535,27.076001893783204,26.013939661026306,1187
608070,"Ramírez, José","R","70.930908344",29.80600793338369,8.865511072027335,-9.436587877230753,0.608095676172953,2.3631463422385983,32.58297945961394,30.219833117375323,22.685622764955202,1087
647304,"Naylor, Josh","L","70.930558559",31.336931523094815,7.472829523167255,-8.237227069938232,0.4397849462365592,-0.13780756366626257,25.265783538823715,25.40359110248998,26.590175493365347,930
682177,"Schneemann, Daniel","L","70.909629426",34.8894244151181,14.03874620235306,3.2755945667263555,0.5015105740181269,4.767419988617158,33.79039817195041,29.02297818333325,26.09263122223517,662
621020,"Swanson, Dansby","R","70.900739885",34.56420456750337,15.617818293891347,-1.4773466586351907,0.5957634598411298,1.9047708064277957,32.37079580847368,30.466025002045892,27.566557473453045,1133
668715,"Steer, Spencer","R","70.864523306",28.32964058150837,12.40704150704457,-4.076679570406486,0.5801217038539555,3.673251184027069,32.71354374374251,29.040292559715436,25.62644268836439,986
690993,"Keith, Colt","L","70.749716049",32.900161377453344,11.796872666429923,-2.540368480900319,0.48910081743869216,8.706464266323108,31.502879897062602,22.796415630739506,28.714783840711686,734
643446,"McNeil, Jeff","L","70.725144063",33.05768046624572,8.623885136484319,-4.9064015220299275,0.4716981132075471,-0.9240743235432952,29.928708251090107,30.852782574633412,24.842691495339196,795
686668,"Doyle, Brenton","R","70.712825585",30.31477638808818,11.523873870709993,0.5719741908439852,0.6433486238532112,1.9811870436309162,26.05508886590107,24.07390182227016,29.0939499745633,872
683734,"Vaughn, Andrew","R","70.646951831",29.429738461104293,7.7581861247685575,-1.707531481717325,0.4840499306518724,-2.1954214778492442,29.450373374017282,31.645794851866523,29.090989629252814,721
668930,"Turang, Brice","L","70.631919479",31.178399320732673,6.92561604502728,8.256823755588039,0.4497206703910615,1.2429512609081688,31.838766697188227,30.595815436280066,26.810689224812176,1074
702616,"Holliday, Jackson","L","70.609348078",31.879902980396015,8.296772662122015,5.544373567058751,0.5265265265265267,0.31406242044111915,26.17752920479858,25.86346678435747,27.560822730978508,999
666971,"Gurriel Jr., Lourdes","R","70.59273173",36.87678389574417,10.497464529668315,-6.012682705886819,0.5059459459459459,2.3383255089371717,31.102913296711684,28.764587787774506,26.059970122715747,925
700932,"Manzardo, Kyle","L","70.576764866",37.018325755282,17.322989177189854,-0.5949315005638264,0.5226480836236933,10.907125318664331,33.62837245773485,22.72124713907051,31.396366378731244,861
678246,"Vargas, Miguel","R","70.573510719",35.428674276086824,11.948015726303666,-3.059873570273554,0.6448202959830869,4.785060631017623,35.37397473040823,30.588914099390628,28.066551304990565,946
672761,"Pérez, Wenceel","R","70.535845045",29.724432625558798,7.96913333047012,-4.055878964183396,0.517857142857143,2.9782728951808375,28.28718458652258,25.308911691341734,24.192997142638333,672
592206,"Castellanos, Nick","R","70.517567823",39.95575623371368,15.062796765850438,-4.528351518193714,0.47011596788581617,0.9842853068451077,30.78591308719842,29.801627780353318,29.036116603517815,1121
693304,"Gonzales, Nick","R","70.489319341",33.15238765004862,8.884677088965159,-0.021980813587337722,0.5343839541547278,-1.9633196121141254,29.9120647332163,31.875384345330435,26.94822682332919,698
666018,"Aranda, Jonathan","L","70.45068209",35.5592230039317,10.165100703147756,3.68855860467355,0.5630936227951153,0.07485355311037367,27.316849628524977,27.2419960754146,29.280360621364,737
608348,"Kelly, Carson","R","70.395724792",33.13222065935749,11.543803673441062,-3.836667596832259,0.5252976190476193,0.92153721698016,30.844514300249653,29.922977083269494,29.577095942270326,672
673962,"Jung, Josh","R","70.24831868",37.63362261110939,11.374544881927331,2.709223560450624,0.5267349260523324,9.505760692047097,32.076104334285596,22.57034364223851,25.019038246151535,879
669242,"Edman, Tommy","R","70.148919579",26.575641415888207,9.853143750396901,-1.3361984805437817,0.5964912280701753,1.1857964848961087,29.645231838684406,28.459435353788308,27.294214867992853,570
682657,"Martínez, Angel","R","70.14490455",33.74696889832823,12.363180335812608,-6.941567578942534,0.5596107055961071,6.773089523573575,37.41873410134868,30.645644577775112,24.454623855507712,822
650402,"Torres, Gleyber","R","70.100047219",34.11785911614063,9.288264197319029,4.1759943285296774,0.5625000000000001,-2.1765124065736066,30.36195217832749,32.5384645849011,26.389892405475077,960
641355,"Bellinger, Cody","L","70.099456931",32.361777354597606,12.870653702154698,-3.1336739775046087,0.5916370106761564,-2.6379288136980423,30.0779836918183,32.71591250551634,21.03053043866286,1124
677587,"Rocchio, Brayan","R","69.981694791",28.94848085060932,10.930645882374394,-5.818616603616593,0.508038585209003,8.334799242812762,34.21656702143363,25.88176777862087,23.857290079787568,622
670770,"Friedl, TJ","L","69.861389709",28.29370275475461,9.32753543142229,-7.818723461526769,0.5955307262569831,8.055784400443592,40.343111088663996,32.2873266882204,24.361932496142266,895
518692,"Freeman, Freddie","L","69.835693704",43.06820720153099,10.657129330923286,1.0212022624104429,0.46323529411764713,-2.192133666985159,26.95562333421949,29.147757001204646,30.383446314163216,1088
669257,"Smith, Will","R","69.732036393",33.986361772609314,11.746476628485626,0.9047324666495239,0.6270928462709284,-1.691303503650171,31.229002230122298,32.920305733772466,28.989300402976173,657
514888,"Altuve, Jose","R","69.651233409",28.78780845719647,15.300179707385688,-5.639412115577905,0.5530381050463442,17.25581231900905,30.09499123349418,12.839178914485135,30.143309844640687,971
683737,"Busch, Michael","L","69.620373613",36.745912649737825,16.34573205930629,-1.0560448956783102,0.5052521008403361,1.546588109674446,32.51888586052291,30.972297750848472,26.49026045866927,952
680574,"McLain, Matt","R","69.613203195",32.05682004807143,11.394833749594918,0.04200716946913887,0.5661434977578474,3.9913432882524056,32.10383527337588,28.11249198512347,27.060885179367318,892
807713,"Shaw, Matt","R","69.579410406",26.765576428778655,11.040384116389752,-1.8846700725222478,0.6540616246498597,1.8919637627949668,31.589819522942825,29.69785576014786,28.243192582078763,714
666023,"Fermin, Freddy","R","69.535072057",34.52773632431563,8.897078020884248,-0.7029549848946129,0.4960127591706539,-0.3539393140696638,28.737783567169117,29.09172288123878,27.606933804032398,627
666158,"Lux, Gavin","L","69.528860013",33.27536446397983,11.343614684402086,2.3871067446310823,0.4514066496163683,-1.1194426280820693,32.151498774145225,33.27094140222729,26.492514467943963,782
650859,"Rengifo, Luis","R","69.505862365",33.60085630882319,7.187632931862597,3.8423738263569773,0.4873487348734874,7.907409985147608,26.47188801114724,18.564478025999623,26.312449827880517,909
686797,"Lee, Brooks","R","69.485051778",30.889969510620816,11.252028536898804,-4.480577157861328,0.5766081871345027,3.263446456897038,29.978361525350902,26.71491506845387,27.90738335181926,855
621493,"Ward, Taylor","R","69.483565123",32.111733739823826,9.132291713172037,-2.89589877826166,0.5580357142857143,1.8106262586808468,33.4658395692666,31.65521331058575,25.718240112568054,896
681082,"Stott, Bryson","L","69.344000817",32.77119787827067,7.50089908463355,2.0513941818809647,0.5153234960272418,1.5920876720864188,28.217229522771092,26.625141850684667,23.713356843697877,881
680977,"Donovan, Brendan","L","69.302597568",30.359469679708756,7.841936061624807,1.8816920381812887,0.4931693989071038,-1.5400269272502032,24.862799234508252,26.402826161758465,28.48141281396951,732
665926,"Giménez, Andrés","L","69.299103323",31.362738925915032,8.252365731018454,3.0327719914387123,0.48461538461538467,2.2273600657315016,29.19206931009691,26.964709244365405,29.3406913013215,650
666182,"Bichette, Bo","R","69.075368175",37.48136894396149,4.314259772572863,1.5843604622408958,0.33207902163687675,-3.001957668732355,24.368588690694338,27.37054635942669,25.098372527471962,1063
643565,"Tauchman, Mike","L","69.048286873",34.211265980985914,8.409355826103264,1.2215927513177487,0.47734138972809675,-3.065690321554872,30.366112289349598,33.43180261090446,29.631001317847254,662
669701,"Smith, Josh","L","69.01794567",36.47975270580309,8.511336987358705,-1.7052881985949382,0.4296703296703297,-1.0678219265778508,30.696566046491508,31.764387973069365,27.11451662622601,910
641680,"Heim, Jonah","R","68.979309635",28.601007503291875,11.023708322421342,0.34365473338039587,0.5959459459459461,-0.8287797081446228,28.300419591998427,29.12919930014306,30.875423431632402,740
687363,"Scott II, Victor","L","68.969854833",32.22025166770258,9.668292576497288,-1.7205296718419718,0.533434650455927,8.23949032387544,31.686518941420218,23.447028617544767,24.082459679028663,658
670623,"Paredes, Isaac","R","68.957270214",32.4839128601671,15.534500121715771,-15.373779190496256,0.5526717557251909,6.908961994698859,37.774156268912584,30.86519427421372,25.82998810594177,655
645277,"Albies, Ozzie","R","68.953930684",34.904763326599976,12.745784822671148,-5.36047588408107,0.5861456483126107,2.2672478030173653,36.867125430517284,34.5998776274999,21.592743558238098,1126
605141,"Betts, Mookie","R","68.938975708",34.58363037281043,9.2363134459334,-5.393568308043778,0.5604142692750288,7.4178102943975475,33.12653219162861,25.70872189723107,28.647139513610952,869
643217,"Benintendi, Andrew","L","68.732955156",32.47813265049979,15.822484955704882,-5.0474370206501336,0.5468750000000001,4.344123785178875,35.221786584383146,30.877662799204263,22.40530137727831,768
543760,"Semien, Marcus","R","68.450021555",34.79677558236706,15.77199027428427,-3.8524134396231666,0.5679723502304147,2.4937948021496816,30.501973006986056,28.008178204836373,23.99038827264709,868
663538,"Hoerner, Nico","R","68.427532177",33.291751506072366,5.854095869443321,-1.9063480510098316,0.4798387096774193,-2.6375075623694877,27.120778251837283,29.758285814206776,27.55856905375124,992
687462,"Horwitz, Spencer","L","68.427090424",35.85151335410402,9.839217013371345,-1.6864643685913672,0.4473684210526316,0.5185324200987881,29.94211411715985,29.423581697061064,25.22602811297873,684
808982,"Lee, Jung Hoo","L","68.330734617",39.450500688959906,5.197958065603952,-4.615646682309549,0.4070021881838074,3.5132672104740865,30.197303386739073,26.684036176264986,21.117677216196505,914
672695,"Perdomo, Geraldo","R","68.234754545",35.4036644667845,7.376756414350221,-1.7599837738534083,0.4975514201762977,6.604491789706509,25.255569772934667,18.65107798322815,25.55152502548707,1021
686217,"Frelick, Sal","L","68.148373639",28.144734677758546,8.521229205064458,-1.6749149914920771,0.5204081632653063,-3.192238093509913,27.718258872346855,30.910496965856776,27.369571548165364,882
664770,"Lukes, Nathan","L","68.002938512",31.692171145743224,7.352273429814333,8.125559252333732,0.4349710982658961,-0.6303565927169499,26.19609314389747,26.826449736614425,30.677223778560137,692
702332,"Durbin, Caleb","R","67.911098762",27.576826158130878,8.04560019977154,-3.9523364361196,0.6372688477951635,-4.536857754988832,27.83346542441957,32.370323179408395,27.159515597226296,703
676391,"Clement, Ernie","R","67.593091087",32.18572885501651,11.583404789446183,-3.0773608108758763,0.5953757225433528,8.509094682518715,31.129765452629684,22.620670770110966,28.26026034794914,865
700337,"Quero, Edgar","R","67.50617448",31.548478473489585,5.9363847327807315,9.596297892254874,0.518348623853211,-9.08022467882415,25.105368440169663,34.18559311899381,29.622737926787277,654
656716,"McKinstry, Zach","L","67.505684994",37.39781389663766,9.8284641094897,1.4408345161833789,0.4314185228604923,-0.10466778789120484,27.2442451628504,27.3489129507416,26.448818886285313,853
805367,"Meidroth, Chase","R","67.417728329",29.394795252795692,6.614172980697269,2.1447371953211305,0.4855907780979826,-2.486735249334286,29.100385029615744,31.587120278950028,28.22448198055829,694
694384,"Schanuel, Nolan","L","67.373447646",38.42568031448687,8.563187330994817,-0.7427394198253667,0.4587378640776699,0.6228574623681928,30.630412920146462,30.00755545777827,23.24210384800782,824
663968,"Mangum, Jake","R","67.2559597",29.275320053252038,2.253735059898239,11.541222747137859,0.3120104438642297,-5.418170419237139,21.025638102281935,26.44380852151908,28.524605992485682,766
669364,"Edwards, Xavier","R","66.852160643",31.126052632207195,2.689122819153005,2.425685027870246,0.34297963558413724,8.769443142185699,28.495714376226175,19.72627123404048,24.3977778359536,933
643396,"Kiner-Falefa, Isiah","R","66.543822032",32.451505746973105,4.408200552472649,3.719621535303609,0.374455732946299,-0.7185803220325502,28.810769763421696,29.52935008545425,27.798864006405623,689
624428,"Frazier, Adam","L","65.841784994",39.14535809338473,11.36264528622925,3.108697116559518,0.4539877300613497,2.902286454197803,24.011250553796977,21.108964099599177,22.087729466136,815
527038,"Flores, Wilmer","R","65.464557446",32.1437814543766,11.097837594132638,-6.36573616892257,0.49680715197956576,3.5576730817089195,31.245472060613206,27.687798978904283,25.255121026628828,783
805779,"Wilson, Jacob","R","63.843312609",35.10166912301785,2.823980690216945,-0.9635433484674524,0.35928961748633864,2.0171338476161362,30.532992397978393,28.51585855036225,25.679189503251838,732
680757,"Kwan, Steven","L","63.526836544",35.61741134911453,3.0969321959787837,-2.337765398537623,0.3507157464212679,6.8227965458896485,29.675771311214493,22.852974765324845,22.670413788753184,978
650333,"Arraez, Luis","L","62.537491405",37.35777012660558,5.588051375320587,4.771993320690893,0.40423484119345515,-2.9315406809688125,31.40042589188742,34.331966572856224,26.021435902630454,1039