"player_id","player_name","team_name","start_year","end_year","key_target_base","runs_stolen_on_running_act","n_init","rate_sbx","n_sb","n_cs","n_pk","n_bk","n_fb","n_plus","n_minus","net_act_plus","net_act_minus","r_primary_lead","r_secondary_lead","r_sec_minus_prim_lead","r_primary_lead_sbx","r_secondary_lead_sbx","r_sec_minus_prim_lead_sbx"
663586,"Riley, Austin","ATL",2024,2024,"All",-0.5636074335544782,663,0,0,0,0,0,0,0,0,-7.476290502600361,2.070334815479097,"11.956680556","14.878925926","2.92224537",,,
665926,"Giménez, Andrés","CLE",2024,2024,"All",1.8066724446350886,998,0.031062124248496994,26,5,1,0,0,26,6,15.046583293647748,-2.672542697987691,"11.500475463","14.558379498","3.057904035","11.979645161","22.477935484","10.498290323"
687231,"Hernaiz, Darell","ATH",2024,2024,"All",-0.49292908507152633,178,0.011235955056179775,1,1,0,0,0,1,1,-1.3040585661817283,-0.5158163818559571,"11.404856287","15.192293413","3.787437126","10.101","22.6595","12.5585"
457759,"Turner, Justin","SEA",2024,2024,"All",-1.6270945290493461,776,0.002577319587628866,0,2,0,0,0,0,2,-9.20246840218641,0.4742203364176353,"11.078878748","15.007756193","3.928877445","11.267","21.2465","9.9795"
641680,"Heim, Jonah","TEX",2024,2024,"All",-0.9461249155177606,483,0.002070393374741201,0,1,0,0,0,0,1,-6.046343064903027,0.5847637721396552,"9.977591579","14.320341053","4.342749474","8.629","12.2","3.571"
672695,"Perdomo, Geraldo","AZ",2024,2024,"All",0.7866919141822103,569,0.015817223198594025,8,1,0,0,0,8,1,1.522488578043439,1.071542663496715,"10.913986891","14.929917603","4.015930712","10.925111111","24.252222222","13.327111111"
593160,"Merrifield, Whit","ATL",2024,2024,"All",1.1186522189442325,509,0.025540275049115914,11,2,0,0,1,12,2,5.952155865686223,-0.15950878709558225,"11.978138702","15.416022371","3.437883669","12.373538462","26.415307692","14.041769231"
661388,"Contreras, William","MIL",2024,2024,"All",-0.12432356115508889,1172,0.005972696245733789,6,1,0,0,0,6,1,-7.677984835955655,3.1361631245245394,"11.058805479","15.115584475","4.056778995","11.371428571","27.938285714","16.566857143"
660707,"Montero, Elehuris","COL",2024,2024,"All",-0.16403510979550914,267,0,0,0,0,0,0,0,0,-2.6033249546477704,0.7925108469645445,"11.328667954","14.504416988","3.175749035",,,
673548,"Suzuki, Seiya","CHC",2024,2024,"All",-0.2555165651931989,738,0.02032520325203252,11,4,0,0,0,11,4,1.9355910986537865,-1.4280772998310134,"11.701446959","14.639859972","2.938413013","11.5614","23.072933333","11.511533333"
642731,"Estrada, Thairo","SF",2024,2024,"All",-0.38112194656093745,584,0.005136986301369863,2,1,0,0,0,2,1,-4.391348178226589,1.1047726424097344,"10.938987433","15.124118492","4.185131059","13.130333333","33.632666667","20.502333333"
641313,"Anderson, Tim","MIA",2024,2024,"All",-0.9239966559058042,292,0.02054794520547945,3,3,0,1,0,4,3,-0.511208885996883,-1.8261219526809505,"11.278988806","15.636884328","4.357895522","11.798666667","20.433333333","8.634666667"
592450,"Judge, Aaron","NYY",2024,2024,"All",1.1337834921507672,1186,0.008431703204047217,10,0,0,0,0,10,0,-3.356802714399555,4.011431188957064,"9.760432667","13.661295395","3.900862728","11.4091","25.7556","14.3465"
670541,"Alvarez, Yordan","HOU",2024,2024,"All",0.40527877325048917,839,0.0059594755661501785,5,0,0,1,0,6,0,-4.535582675413062,2.9164340185180024,"10.849716545","14.729610706","3.879894161","13.4768","27.2224","13.7456"
668885,"Martin, Austin","MIN",2024,2024,"All",-0.01328554374838592,436,0.01834862385321101,6,2,0,0,0,6,2,1.813967903955704,-0.8357313878656122,"12.726782383","15.863059585","3.136277202","13.00775","25.102375","12.094625"
592663,"Realmuto, J.T.","PHI",2024,2024,"All",-1.4059038821220826,597,0.005025125628140704,1,2,0,0,0,1,2,-7.122093515049701,0.04114404641746087,"11.533146643","16.015683746","4.482537102","10.223666667","19.124","8.900333333"
656976,"Smith, Pavin","AZ",2024,2024,"All",-0.0314153085717563,225,0.0044444444444444444,1,0,0,0,0,1,0,-1.7608555795198249,0.712790682960464,"11.347782805","14.956497738","3.608714932","14.071","34.493","20.422"
518735,"Grandal, Yasmani","PIT",2024,2024,"All",-0.28164039240363686,299,0,0,0,0,0,0,0,0,-3.238966070220142,0.8136729369786485,"9.776840136","12.560455782","2.783615646",,,
665742,"Soto, Juan","NYY",2024,2024,"All",-1.06172676200886,1458,0.006858710562414266,6,4,0,2,0,8,4,-9.754645465182692,1.9760051800615108,"8.926288184","13.882423631","4.956135447","11.4344","26.2714","14.837"
669016,"Marsh, Brandon","PHI",2024,2024,"All",0.9444296674738729,637,0.02197802197802198,12,2,0,0,0,12,2,5.186813711442892,-0.20651794403267576,"12.399039801","15.895069652","3.496029851","11.382571429","22.296428571","10.913857143"
663647,"Hayes, Ke'Bryan","PIT",2024,2024,"All",0.3690388368903091,589,0.015280135823429542,7,2,0,1,0,8,2,0.8535803215988266,0.44071727237898883,"11.511983486","16.254212844","4.742229358","12.421444444","27.440666667","15.019222222"
673490,"Kim, Ha-Seong","SD",2024,2024,"All",0.44068084618936443,596,0.03355704697986577,16,4,1,0,0,16,5,9.109177454783215,-3.0692325439272876,"12.322240326","15.210556008","2.888315682","13.000368421","24.914052632","11.913684211"
694359,"Kavadas, Niko","LAA",2024,2024,"All",-0.27142938673654804,210,0,0,0,0,0,0,0,0,-3.087457075221877,0.76902672957295,"10.842063107","14.464257282","3.622194175",,,
620443,"Torrens, Luis","NYM",2024,2024,"All",-0.5567514561444427,177,0.005649717514124294,0,1,0,0,0,0,1,-1.8426589380805058,-0.4182659300629815,"10.748335366","14.781371951","4.033036585","12.051","23.384","11.333"
691406,"Caminero, Junior","TB",2024,2024,"All",-0.3168561134682654,282,0,0,0,0,0,0,0,0,-3.6979967308455914,0.9394294060018971,"12.213641304","14.288927536","2.075286232",,,
686527,"Canzone, Dominic","SEA",2024,2024,"All",0.11726008938711609,185,0.005405405405405406,1,0,0,0,0,1,0,-1.0641416944267255,0.7335298406054694,"10.631550562","15.377876404","4.746325843","10.004","21.52","11.516"
668901,"Vientos, Mark","NYM",2024,2024,"All",-0.2304003840438637,616,0,0,0,0,0,0,0,0,-7.038318168968697,2.616140554999723,"11.56278511","14.157328257","2.594543147",,,
641857,"McMahon, Ryan","COL",2024,2024,"All",-0.7103979646721796,863,0.0034762456546929316,2,1,0,0,0,2,1,-7.951419247076604,1.9553019660958708,"10.92584","15.597193939","4.671353939","11.8365","35.655","23.8185"
666182,"Bichette, Bo","TOR",2024,2024,"All",0.6876265409826858,426,0.011737089201877934,5,0,0,0,0,5,0,0.7570243694147241,1.1916037046660912,"11.988878109","15.230912935","3.242034826","13.0924","27.908","14.8156"
641343,"Bauers, Jake","MIL",2024,2024,"All",1.4760400335741588,427,0.03044496487119438,12,1,1,1,1,14,2,8.595748292122805,-0.5402436107786711,"12.680555","16.87355","4.192995","11.661230769","25.442461538","13.781230769"
691023,"Walker, Jordan","STL",2024,2024,"All",0.09443045884823972,190,0.005263157894736842,1,0,0,0,0,1,0,-0.6794489142372511,0.5118227593237564,"13.326709497","16.862324022","3.535614525","12.578","26.052","13.474"
669357,"Gorman, Nolan","STL",2024,2024,"All",-0.38158358407316634,433,0.011547344110854504,4,1,1,0,0,4,2,-0.7041409765403343,-0.5350119750335567,"11.490881643","15.014615942","3.5237343","12.7842","28.16","15.3758"
672284,"Kelenic, Jarred","ATL",2024,2024,"All",-0.10322290018456445,605,0.008264462809917356,4,1,0,0,0,4,1,-2.5042456687114685,0.8836138523505097,"11.920795494","15.474332756","3.553537262","12.3016","21.601","9.2994"
608385,"Winker, Jesse","NYM",2024,2024,"All",-0.6156919567758747,733,0.013642564802182811,7,3,1,1,0,8,4,-1.1287939438395815,-0.8665181511287978,"11.636743814","15.434705968","3.797962154","12.8138","25.2361","12.4223"
677587,"Rocchio, Brayan","CLE",2024,2024,"All",-1.6121548266830104,611,0.022913256955810146,8,6,0,0,0,8,6,0.5692588436647563,-3.8355702120354715,"11.359723592","15.161466549","3.801742958","10.746785714","21.432","10.685214286"
660271,"Ohtani, Shohei","LAD",2024,2024,"All",5.8573678909989,1240,0.04032258064516129,45,5,1,3,0,48,6,33.57748923915274,-1.9069554596258789,"13.075573296","16.897126984","3.821553688","13.367857143","23.666591837","10.298734694"
624503,"Gordon, Nick","MIA",2024,2024,"All",-1.8156386766499641,296,0.030405405405405407,4,5,0,0,0,4,5,0.20168040284360544,-4.124388349374875,"11.053266423","15.578273723","4.525007299","12.481777778","21.448","8.966222222"
596142,"Sánchez, Gary","MIL",2024,2024,"All",-0.35043355314094227,319,0,0,0,0,0,0,0,0,-4.232801850333529,1.1025040376128072,"9.423768987","13.055056962","3.631287975",,,
657557,"DeJong, Paul","KC",2024,2024,"All",-0.9799558508554989,564,0.0070921985815602835,2,2,0,0,0,2,2,-5.022595634590811,0.05458505791702828,"11.445072464","15.374911232","3.929838768","11.228","22.8205","11.5925"
679529,"Torkelson, Spencer","DET",2024,2024,"All",-0.59848874937035,491,0,0,0,0,1,0,1,0,-5.9523045173918305,1.315493675795591,"11.799651261","15.497819328","3.698168067",,,
571912,"Maile, Luke","CIN",2024,2024,"All",0.12110254328412665,229,0.008733624454148471,2,0,0,0,0,2,0,-1.135234863358356,0.7736655910128843,"12.13124","15.863515556","3.732275556","13.7535","32.3065","18.553"
673237,"Diaz, Yainer","HOU",2024,2024,"All",-0.7204078400395276,813,0.0012300123001230013,1,0,0,0,0,1,0,-9.264108922447118,2.5164754321108793,"10.88665404","14.115467172","3.228813131","10.424","20.986","10.562"
542932,"Berti, Jon","NYY",2024,2024,"All",0.19249005422266677,200,0.025,4,1,0,0,0,4,1,1.4853262781850418,-0.23238933647631485,"13.829075269","17.125586022","3.296510753","13.952","24.909","10.957"
665839,"Valdez, Enmanuel","BOS",2024,2024,"All",-0.14055800774973712,230,0.004347826086956522,1,0,0,0,0,1,0,-2.464824540141594,0.7831264450635161,"11.794647619","15.211695238","3.417047619","10.959","21.432","10.473"
671218,"Ramos, Heliot","SF",2024,2024,"All",-0.15277043035423232,807,0.006195786864931847,4,1,0,0,0,4,1,-5.617492064509266,2.1571732945502613,"11.086169291","14.422047244","3.335877953","10.935","23.362","12.427"
670623,"Paredes, Isaac","CHC",2024,2024,"All",-0.739439756283693,834,0.002398081534772182,1,1,0,1,0,2,1,-7.861518783001501,1.850808889592461,"10.476403659","14.121329268","3.64492561","12.08","23.1275","11.0475"
672279,"Siani, Michael","STL",2024,2024,"All",0.7792257138794859,460,0.03695652173913044,14,3,1,1,0,15,4,9.54512852917043,-2.5106666487880016,"12.06177512","14.310047847","2.248272727","13.236647059","26.449823529","13.213176471"
572191,"Taylor, Michael A.","PIT",2024,2024,"All",1.3320265603316048,424,0.02358490566037736,10,0,1,1,0,11,1,5.991468061778902,0.297184328835165,"13.659413437","17.293953488","3.634540052","15.6662","30.3297","14.6635"
670764,"Walls, Taylor","TB",2024,2024,"All",0.34843183865325444,329,0.0486322188449848,12,4,0,0,0,12,4,8.755980566750958,-3.1172539437709736,"13.141565789","16.863269737","3.721703947","11.9535625","22.446375","10.4928125"
694192,"Chourio, Jackson","MIL",2024,2024,"All",0.8998539956306264,970,0.024742268041237112,20,4,1,0,0,20,5,9.996857459698749,-2.44337221402026,"11.863686253","14.485820399","2.622134146","11.232125","20.910583333","9.678458333"
671056,"Herrera, Iván","STL",2024,2024,"All",-0.0256730201533949,374,0.0106951871657754,4,0,1,0,0,4,1,-1.2221897352563893,0.48614428199529564,"10.626771978","14.028975275","3.402203297","11.05475","26.91275","15.858"
680757,"Kwan, Steven","CLE",2024,2024,"All",0.39985848340832864,1221,0.012285012285012284,12,3,0,1,0,13,3,-0.7887859841096252,1.2391459560672313,"10.813657778","15.021496","4.207838222","11.204333333","22.918266667","11.713933333"
607732,"Stallings, Jacob","COL",2024,2024,"All",0.1213898788989971,360,0,0,0,0,2,0,2,0,-1.947620521530629,1.135364407122495,"11.059909091","14.334155425","3.274246334",,,
668904,"Lewis, Royce","MIN",2024,2024,"All",-0.5046291772616129,375,0,0,0,0,0,0,0,0,-5.347336334375848,1.2551957546967945,"10.319671271","12.792074586","2.472403315",,,
592518,"Machado, Manny","SD",2024,2024,"All",-0.9912335218530458,735,0.00816326530612245,4,2,1,0,0,4,3,-4.558966028707399,-0.17653403580348018,"12.925278499","16.680018759","3.75474026","12.8315","22.691","9.8595"
666397,"Julien, Edouard","MIN",2024,2024,"All",0.767574875047305,508,0.00984251968503937,5,0,0,1,0,6,0,-0.32422434739740297,1.8498216545039723,"11.761783058","15.59506405","3.833280992","12.4334","24.1494","11.716"
669242,"Edman, Tommy","LAD",2024,2024,"All",1.7456108654930367,301,0.029900332225913623,9,0,0,1,0,10,0,6.748026903747026,0.8800121883191807,"11.843548043","16.046822064","4.203274021","12.738777778","28.098222222","15.359444444"
608369,"Seager, Corey","TEX",2024,2024,"All",-0.6664369366395099,700,0,0,0,0,0,0,0,0,-9.651663396125329,2.8086572057456816,"10.659937226","13.350826277","2.690889051",,,
656555,"Hoskins, Rhys","MIL",2024,2024,"All",-0.060830310242748646,528,0.003787878787878788,2,0,0,0,0,2,0,-4.177027836223166,1.7212783488930763,"12.642003899","16.506471735","3.864467836","12.484","30.322","17.838"
682998,"Carroll, Corbin","AZ",2024,2024,"All",3.721214971090749,1106,0.03345388788426763,31,6,0,4,1,36,6,24.16083825284234,-2.4687837321727177,"10.87237749","14.849311753","3.976934263","11.551054054","22.542297297","10.991243243"
673357,"Robert Jr., Luis","CWS",2024,2024,"All",0.6517734741770589,632,0.04272151898734177,21,6,1,0,0,21,7,15.020310538424447,-5.2273080744618445,"11.631045685","15.80157022","4.170524535","12.25462963","22.367925926","10.113296296"
686681,"Massey, Michael","KC",2024,2024,"All",-0.5872548893610179,454,0.0022026431718061676,1,0,1,0,0,1,1,-4.81458969642194,0.834806777607493,"12.341800926","14.348847222","2.007046296","11.693","20.343","8.65"
553993,"Suárez, Eugenio","AZ",2024,2024,"All",-1.0831396803471107,712,0.004213483146067416,2,1,1,0,0,2,2,-5.851000535356476,0.19346761494263284,"11.319762178","14.877406877","3.557644699","10.012333333","23.372666667","13.360333333"
641355,"Bellinger, Cody","CHC",2024,2024,"All",0.7344848285218565,708,0.00847457627118644,6,0,0,1,0,7,0,-1.6953490797014301,2.38567698769365,"11.125241071","13.97991369","2.854672619","11.398333333","23.206166667","11.807833333"
641598,"Garver, Mitch","SEA",2024,2024,"All",-0.5465737310610548,528,0,0,0,0,0,0,0,0,-6.869649036636514,1.8385690583694398,"10.069610895","13.516291829","3.446680934",,,
608348,"Kelly, Carson","TEX",2024,2024,"All",-0.22798022901244014,353,0,0,0,0,1,0,1,0,-4.77726608049809,1.6166066379715076,"10.149325714","13.5511","3.401774286",,,
453568,"Blackmon, Charlie","COL",2024,2024,"All",-0.39413551137521874,728,0.009615384615384616,5,2,0,1,0,6,2,-3.178368789933646,0.5367516591366899,"11.980458874","17.28944733","5.308988456","11.503857143","25.782142857","14.278285714"
666150,"Fletcher, Dominic","CWS",2024,2024,"All",-0.6861431596419211,271,0,0,0,1,0,0,0,1,-3.7708338051561214,0.15116355864290054,"11.367909449","14.68288189","3.314972441",,,
668715,"Steer, Spencer","CIN",2024,2024,"All",0.9820132089818459,866,0.016166281755196306,13,1,1,0,0,13,2,3.2823403549235675,0.7234336399936244,"11.798047912","15.463141278","3.665093366","11.676785714","23.509714286","11.832928571"
683021,"Stefanic, Michael","LAA",2024,2024,"All",-0.1715143463275001,179,0,0,0,0,0,0,0,0,-2.2812496662169517,0.6327457487019776,"11.258560694","14.796971098","3.538410405",,,
655316,"Monasterio, Andruw","MIL",2024,2024,"All",0.1360977927089227,187,0.026737967914438502,4,1,0,0,0,4,1,1.772979775402941,-0.4855514719370345,"12.939817143","16.774005714","3.834188571","13.7374","26.1592","12.4218"
679845,"Loftin, Nick","KC",2024,2024,"All",-0.1566377450958783,206,0.0048543689320388345,1,0,0,0,0,1,0,-2.5591776743386694,0.7893284217152363,"11.47590625","15.713276042","4.237369792","9.916","19.846","9.93"
671289,"Freeman, Tyler","CLE",2024,2024,"All",-1.6976713808925827,476,0.023109243697478993,6,5,1,1,0,7,6,1.649092597690762,-4.505533112068294,"11.724318501","15.244484778","3.520166276","12.536090909","22.908363636","10.372272727"
595879,"Báez, Javier","DET",2024,2024,"All",0.6138477754341934,315,0.025396825396825397,7,1,0,0,0,7,1,3.2593775273956282,-0.08450606676651645,"10.583379791","14.798926829","4.215547038","12.173125","25.098875","12.92575"
680118,"Blanco, Dairon","KC",2024,2024,"All",3.8406656177987775,386,0.08808290155440414,30,4,0,0,0,30,4,25.84162618034294,-2.9503547072662575,"13.187735905","17.374252226","4.18651632","12.808264706","23.772617647","10.964352941"
645302,"Robles, Victor","SEA",2024,2024,"All",5.599855678465162,602,0.05149501661129568,31,0,0,0,0,31,0,24.370100084178183,1.6129681369545015,"12.99396745","17.311084991","4.317117541","13.463645161","24.934806452","11.47116129"
595909,"Cave, Jake","COL",2024,2024,"All",-0.13523297407607276,424,0.014150943396226415,4,2,0,2,0,6,2,0.572594273087518,-0.5550040637634983,"12.39821447","17.965351421","5.567136951","11.823333333","26.242166667","14.418833333"
676391,"Clement, Ernie","TOR",2024,2024,"All",0.46297784356706906,625,0.0096,6,0,1,1,0,7,1,0.4103392445103744,0.8464666548110981,"11.626736395","15.340357143","3.713620748","12.63","27.083333333","14.453333333"
682657,"Martínez, Angel","CLE",2024,2024,"All",-0.13547756452498613,228,0.013157894736842105,2,1,0,0,0,2,1,-0.23162588612830082,-0.19811641622072318,"11.541506977","15.265302326","3.723795349","12.636333333","23.861333333","11.225"
668227,"Arozarena, Randy","SEA",2024,2024,"All",-1.3691099176444967,863,0.026651216685979143,17,6,3,0,0,17,9,6.633885271627218,-5.990859937710977,"12.410592593","15.828464286","3.417871693","12.175086957","23.256652174","11.081565217"
664774,"Wade Jr., LaMonte","SF",2024,2024,"All",-0.17973165201070193,688,0.0014534883720930232,1,0,0,0,1,2,0,-6.898406486187409,2.6665547671706222,"11.643499239","16.064931507","4.421432268","12.16","25.204","13.044"
666023,"Fermin, Freddy","KC",2024,2024,"All",0.035061614701363805,511,0.003913894324853229,2,0,0,1,0,3,0,-3.159167612331008,1.481989193705701,"12.254387879","16.060426263","3.806038384","11.478","18.1755","6.6975"
676694,"Meyers, Jake","HOU",2024,2024,"All",-0.48431440774560475,528,0.017045454545454544,6,3,0,0,0,6,3,0.40373857636942,-1.2556936067099616,"11.923294235","16.388379722","4.465085487","10.736444444","21.602888889","10.866444444"
656305,"Chapman, Matt","SF",2024,2024,"All",0.6206982579280282,832,0.01201923076923077,9,1,0,0,0,9,1,-0.7823437537461406,1.727037797060567,"11.724832258","15.806210323","4.081378065","11.9399","23.4302","11.4903"
457705,"McCutchen, Andrew","PIT",2024,2024,"All",-1.3970943244065994,874,0.003432494279176201,1,2,0,1,0,2,2,-8.618171991522695,0.725644608662087,"11.433845238","15.668807143","4.234961905","12.238","25.412","13.174"
592206,"Castellanos, Nick","PHI",2024,2024,"All",-1.399841670618245,970,0.005154639175257732,4,1,2,0,0,4,3,-7.700544712520636,0.3117050486352937,"12.065755274","15.561722574","3.4959673","12.1952","23.6678","11.4726"
668942,"Rojas, Josh","SEA",2024,2024,"All",0.02673619906940984,800,0.01625,10,3,0,0,0,10,3,0.914913021755493,-0.3472142339593034,"10.874090667","14.899554667","4.025464","11.247384615","22.487461538","11.240076923"
572761,"Carpenter, Matt","STL",2024,2024,"All",-0.30298707939052016,247,0,0,0,0,0,0,0,0,-2.944377019286738,0.6353073877040608,"10.96160166","14.011419087","3.049817427",,,
700250,"Rice, Ben","NYY",2024,2024,"All",-0.7250909044285166,209,0.004784688995215311,0,1,0,0,0,0,1,-3.0782204649546783,-0.2432151365279578,"10.118453608","12.862185567","2.743731959","13.944","32.44","18.496"
682985,"Greene, Riley","DET",2024,2024,"All",-1.4634400357258668,1052,0.0038022813688212928,2,2,1,1,0,3,3,-9.465061567857878,0.9546050618793621,"11.746493454","14.151712991","2.405219537","10.8575","18.939","8.0815"
666163,"Rortvedt, Ben","TB",2024,2024,"All",-0.1860605962050196,455,0.002197802197802198,1,0,0,0,0,1,0,-5.1849616487901855,1.8909594078955942,"10.326997743","15.267905192","4.940907449","8.945","21.664","12.719"
686765,"Sogard, Nick","BOS",2024,2024,"All",0.5237691797688571,167,0.011976047904191617,2,0,0,1,0,3,0,1.343935809917179,0.5666267061898269,"13.01244375","18.041425","5.02898125","13.476","22.5145","9.0385"
543877,"Vázquez, Christian","MIN",2024,2024,"All",0.11422174066523333,295,0.003389830508474576,1,0,0,0,0,1,0,-2.053680406482734,1.166572937692844,"10.915964664","15.363109541","4.447144876","11.463","26.324","14.861"
650859,"Rengifo, Luis","LAA",2024,2024,"All",1.8903876710278242,606,0.037953795379537955,19,4,0,2,0,21,4,14.058006616770964,-2.0471414496141533,"13.775890877","16.794257603","3.018366726","13.323521739","23.898652174","10.575130435"
514888,"Altuve, Jose","HOU",2024,2024,"All",1.2414966886745769,1080,0.023148148148148147,21,4,1,0,1,22,5,9.024644319016238,-1.25207150028594,"10.874926113","13.916638664","3.041712551","11.798791667","25.076083333","13.277291667"
650402,"Torres, Gleyber","NYY",2024,2024,"All",-1.3545208896144736,1235,0.004858299595141701,4,2,1,0,0,4,3,-10.999419014433602,1.8785842517161035,"9.52160766","13.82344766","4.30184","9.974166667","26.572166667","16.598"
605141,"Betts, Mookie","LAD",2024,2024,"All",1.151582508466738,1109,0.015329125338142471,16,1,1,0,0,16,2,3.075733093659357,1.192079754966369,"12.758027218","18.834896169","6.076868952","12.835529412","25.389294118","12.553764706"
573262,"Yastrzemski, Mike","SF",2024,2024,"All",-0.6626609278116066,460,0.010869565217391304,3,2,0,0,0,3,2,-2.276049498471221,-0.4610022847052511,"11.718311628","17.251116279","5.532804651","11.7176","22.2782","10.5606"
676356,"DeLuca, Jonny","TB",2024,2024,"All",0.886258209788839,449,0.042316258351893093,15,4,0,0,0,15,4,10.055845340630796,-2.4998019074162565,"11.837019656","15.663685504","3.826665848","11.840736842","21.16","9.319263158"
670770,"Friedl, TJ","CIN",2024,2024,"All",0.24059836042702795,382,0.020942408376963352,7,1,1,0,1,8,2,2.8621705767015504,-0.7374127886961835,"12.44833526","16.690401734","4.242066474","13.63175","24.558125","10.926375"
681546,"Outman, James","LAD",2024,2024,"All",-0.32163512823733287,192,0.015625,2,1,0,0,0,2,1,-0.6602221753551236,-0.4213126514806841,"12.643558282","17.696245399","5.052687117","10.851","21.557","10.706"
678882,"Rafaela, Ceddanne","BOS",2024,2024,"All",-0.9203791202617678,650,0.03538461538461538,15,8,0,1,0,16,8,9.111061003542465,-6.094647379933903,"11.702162252","15.34532947","3.643167219","12.05273913","22.266434783","10.213695652"
624512,"McGuire, Reese","BOS",2024,2024,"All",0.40183698719565775,216,0.013888888888888888,3,0,0,0,0,3,0,0.10637370419289552,0.8456938807935082,"10.66520398","13.846114428","3.180910448","15.442333333","31.136","15.693666667"
621439,"Buxton, Byron","MIN",2024,2024,"All",-0.03135338924871836,535,0.014953271028037384,6,2,0,0,0,6,2,0.7610676261273678,-0.407926476609317,"12.629190855","15.63128827","3.002097416","11.561625","19.973","8.411375"
667452,"Julks, Corey","CWS",2024,2024,"All",0.022325649755082208,293,0.017064846416382253,4,1,0,0,0,4,1,0.5620490242493281,-0.20018701132174044,"11.711835165","15.053432234","3.34159707","11.7354","22.6468","10.9114"
693304,"Gonzales, Nick","PIT",2024,2024,"All",-0.7375373642269809,542,0.007380073800738007,3,1,1,0,0,3,2,-4.077885672071597,0.17342171152741692,"10.587141199","14.038970986","3.451829787","10.516","20.334","9.818"
676059,"Westburg, Jordan","BAL",2024,2024,"All",0.2578547960614692,569,0.01054481546572935,5,1,0,1,0,6,1,-0.05567257701116679,0.5977540254749064,"12.458731707","15.370427767","2.91169606","11.458833333","22.237166667","10.778333333"
543309,"Higashioka, Kyle","SD",2024,2024,"All",0.2307014987410119,261,0.007662835249042145,2,0,0,0,0,2,0,-0.6790057811644978,0.8144503443864702,"10.862216216","14.427440154","3.565223938","16.023","38.0355","22.0125"
663697,"India, Jonathan","CIN",2024,2024,"All",0.010392901060256574,970,0.01134020618556701,9,2,0,1,0,10,2,-2.916290950903285,1.319224647202033,"11.968089602","15.663262168","3.695172566","12.255909091","21.783636364","9.527727273"
669003,"Mitchell, Garrett","MIL",2024,2024,"All",-0.24424619308573123,258,0.05813953488372093,11,4,1,0,0,11,5,7.658513654589208,-3.9465531644524057,"12.172201717","15.593433476","3.42123176","10.700533333","20.922933333","10.2224"
656811,"O'Hearn, Ryan","BAL",2024,2024,"All",-0.3513187888608944,612,0.006535947712418301,3,1,0,0,0,3,1,-4.19663319890512,1.084461890933621,"11.782488215","14.857208754","3.074720539","11.42925","21.70675","10.2775"
624641,"Sosa, Edmundo","PHI",2024,2024,"All",-0.18730344039512203,394,0.01015228426395939,3,1,0,0,0,3,1,-1.6345761408334227,0.31024841727013885,"12.757087571","16.199581921","3.44249435","11.6165","20.892","9.2755"
571745,"Haniger, Mitch","SEA",2024,2024,"All",-0.458816057520441,495,0,0,0,0,0,0,0,0,-6.512653116945415,1.874921257485871,"10.755819127","14.414638254","3.658819127",,,
592696,"Rosario, Eddie","ATL",2024,2024,"All",1.0504000047432178,245,0.036734693877551024,8,1,0,0,0,8,1,5.386838487732785,-0.05992820622964325,"11.868634361","16.035061674","4.166427313","12.765222222","25.478888889","12.713666667"
657077,"Verdugo, Alex","NYY",2024,2024,"All",-1.0026924211610377,884,0.0022624434389140274,1,1,0,0,0,1,1,-8.253334170407554,1.439943139823273,"10.387077922","13.556806375","3.169728453","10.2405","22.3085","12.068"
669707,"Triolo, Jared","PIT",2024,2024,"All",-0.4914324439458598,679,0.005891016200294551,3,1,0,0,0,3,1,-5.843415202418969,1.5050013256398558,"11.303288217","15.097816879","3.794528662","12.8795","27.48725","14.60775"
660844,"Rivas, Leo","SEA",2024,2024,"All",0.4917032032544343,169,0.01775147928994083,3,0,0,0,0,3,0,1.336301123721334,0.49876217446703935,"13.471426752","17.076656051","3.605229299","14.577666667","31.854666667","17.277"
700242,"Sweeney, Trey","DET",2024,2024,"All",0.39850180716455463,176,0.011363636363636364,2,0,0,1,0,3,0,0.7020249566466364,0.5735484796338397,"12.362572327","14.808339623","2.445767296","12.1","24.73","12.63"
660821,"Sánchez, Jesús","MIA",2024,2024,"All",1.0092215211147333,764,0.01832460732984293,12,2,0,0,0,12,2,3.1866400016304777,0.8264300461969784,"11.932067308","14.491129121","2.559061813","11.265857143","22.579142857","11.313285714"
624415,"Biggio, Cavan","ATL",2024,2024,"All",0.21866640723432304,338,0.005917159763313609,2,0,0,1,0,3,0,-1.424293848029989,1.1189448374229356,"12.744159375","15.700403125","2.95624375","11.256","19.378","8.122"
681297,"Cowser, Colton","BAL",2024,2024,"All",-0.615596029788522,850,0.011764705882352941,7,3,0,0,0,7,3,-3.4090257655755423,0.14713138517019633,"11.82539206","16.703","4.87760794","11.3736","21.7928","10.4192"
687597,"Beck, Jordan","COL",2024,2024,"All",0.2875129139872706,194,0.030927835051546393,5,1,0,0,0,5,1,2.3745101645402698,-0.4164202642684056,"11.976232955","17.012534091","5.036301136","12.746666667","24.051","11.304333333"
665750,"Taveras, Leody","TEX",2024,2024,"All",1.816709234540609,678,0.03392330383480826,19,4,0,1,1,21,4,13.380186239799196,-1.9096178075982881,"12.674990506","16.945473101","4.270482595","11.499181818","21.756318182","10.257136364"
677594,"Rodríguez, Julio","SEA",2024,2024,"All",-0.275732777067258,973,0.022610483042137718,18,4,3,0,0,18,7,6.0937723930681384,-3.3210827904019657,"11.53014238","14.770457175","3.240314794","12.224681818","23.248454545","11.023772727"
676914,"Schneider, Davis","TOR",2024,2024,"All",0.3364494496751169,446,0.008968609865470852,4,0,0,0,0,4,0,-1.3582139251258394,1.3513160771117492,"11.473050239","14.402574163","2.929523923","11.3115","22.594","11.2825"
571657,"Farmer, Kyle","MIN",2024,2024,"All",-1.1456554269878005,325,0.015384615384615385,2,3,0,0,0,2,3,-1.0618925327349111,-2.0739487120907074,"11.362349057","14.485562893","3.123213836","11.8626","24.3742","12.5116"
808982,"Lee, Jung Hoo","SF",2024,2024,"All",-0.784202551089356,313,0.012779552715654952,2,2,0,0,0,2,2,-1.9655004699795953,-0.8691165713187429,"11.731328814","16.349786441","4.618457627","11.60025","22.92775","11.3275"
664983,"McCarthy, Jake","AZ",2024,2024,"All",1.125931629079907,798,0.03007518796992481,22,2,4,0,0,22,6,13.916527762326016,-3.6830531630784424,"10.593391711","13.464316845","2.870925134","11.154666667","21.26175","10.107083333"
663662,"Cameron, Daz","ATH",2024,2024,"All",0.4002945845183799,261,0.011494252873563218,3,0,0,0,0,3,0,0.6151390018891758,0.6161484092012111,"11.745422594","14.854723849","3.109301255","10.937666667","20.712","9.774333333"
666181,"Benson, Will","CIN",2024,2024,"All",-0.41654572058730466,561,0.024955436720142603,10,4,1,1,0,11,5,4.823885878008741,-3.069606435975647,"12.597150097","16.257366472","3.660216374","12.345428571","21.863357143","9.517928571"
671213,"Casas, Triston","BOS",2024,2024,"All",-0.429952574685445,352,0,0,0,0,0,0,0,0,-6.077958655395117,1.74586479198573,"11.144376093","14.920900875","3.776524781",,,
547180,"Harper, Bryce","PHI",2024,2024,"All",-1.5611703836914659,838,0.0059665871121718375,3,2,2,1,0,4,4,-5.374493603975508,-1.0806036953252547,"11.212113256","16.315325611","5.103212355","14.07725","25.7385","11.66125"
669257,"Smith, Will","LAD",2024,2024,"All",-1.0149804692206699,753,0.00398406374501992,2,1,0,0,0,2,1,-7.657914801051046,1.1480055355323102,"11.972376238","14.56325884","2.590882603","11.121333333","27.606333333","16.485"
667670,"Rooker, Brent","ATH",2024,2024,"All",-0.13094409976303178,887,0.010146561443066516,7,2,0,0,0,7,2,-3.554860680906225,1.2889511920404781,"9.926773933","12.303829296","2.377055363","10.524888889","21.422555556","10.897666667"
678554,"Mead, Curtis","TB",2024,2024,"All",0.2210550154732098,179,0.0111731843575419,2,0,0,0,0,2,0,-0.23336291204390014,0.5949502175155317,"10.856687861","13.86732948","3.010641618","12.8565","23.2885","10.432"
670097,"Short, Zack","ATL",2024,2024,"All",-0.4757568631967026,172,0.011627906976744186,1,1,0,0,0,1,1,-1.420124167504281,-0.42607117710188114,"11.052628743","14.620077844","3.567449102","10.855","21.7125","10.8575"
518792,"Heyward, Jason","HOU",2024,2024,"All",0.2595857986368762,364,0.013736263736263736,5,0,1,0,0,5,1,0.2731459776013064,0.4554591180369215,"12.765715976","16.469050296","3.70333432","12.311","27.7268","15.4158"
664034,"France, Ty","CIN",2024,2024,"All",-0.4330603225825167,779,0.0012836970474967907,1,0,0,0,0,1,0,-9.273276111378284,3.1590997770958675,"10.409871222","14.419018397","4.009147175","18.933","34.038","15.105"
502054,"Pham, Tommy","KC",2024,2024,"All",-0.5244421556580554,810,0.009876543209876543,7,1,2,0,0,7,3,-1.4355944545426578,-0.5273850327767206,"11.907716556","16.305769536","4.39805298","13.125375","29.362625","16.23725"
621438,"Taylor, Tyrone","NYM",2024,2024,"All",0.8023463710986404,501,0.023952095808383235,10,2,0,0,0,10,2,4.794738147595334,-0.3480027964898376,"12.055401709","15.709318376","3.653916667","13.071583333","25.628583333","12.557"
650489,"Castro, Willi","MIN",2024,2024,"All",-2.56310313021448,910,0.01978021978021978,11,7,2,0,0,11,9,1.0497512723404685,-6.162340854850166,"10.298642604","14.433342012","4.134699408","11.478222222","22.429555556","10.951333333"
662139,"Varsho, Daulton","TOR",2024,2024,"All",0.15343394603799032,617,0.01620745542949757,8,2,1,1,1,10,3,3.374108706837067,-1.1586395451764953,"12.18342984","16.016891652","3.833461812","11.894","23.6509","11.7569"
686668,"Doyle, Brenton","COL",2024,2024,"All",2.5469146852886313,896,0.033482142857142856,26,4,1,2,0,28,5,18.362191990591878,-2.5011638062882415,"12.683406015","15.648550125","2.96514411","12.856","21.7322","8.8762"
643217,"Benintendi, Andrew","CWS",2024,2024,"All",-0.40449980280705433,663,0.006033182503770739,3,1,0,0,0,3,1,-4.697800633798184,1.1890229421168508,"11.095378336","13.282461538","2.187083203","10.4165","21.301","10.8845"
670242,"Wallner, Matt","MIN",2024,2024,"All",0.4998026213978072,405,0.007407407407407408,3,0,0,1,0,4,0,-0.5542739969063307,1.3570164906201616,"11.964170051","15.660989848","3.696819797","12.122","31.987","19.865"
605361,"Martini, Nick","CIN",2024,2024,"All",-1.0699447085396379,208,0.009615384615384616,0,2,0,0,0,0,2,-2.722868556421935,-1.167491105011674,"11.736581633","17.483678571","5.747096939","12.4255","22.303","9.8775"
553869,"Díaz, Elias","SD",2024,2024,"All",-0.24682662918916556,505,0,0,0,0,1,0,1,0,-4.589642748816112,1.491337601275681,"10.425656965","14.6195842","4.193927235",,,
669304,"Miranda, Jose F","MIN",2024,2024,"All",-0.6972058056992337,647,0.00463678516228748,2,1,0,0,0,2,1,-6.51270679346322,1.345190117763133,"11.545307448","16.044755943","4.499448494","11.896","26.990333333","15.094333333"
502671,"Goldschmidt, Paul","STL",2024,2024,"All",1.2983749441431989,915,0.01092896174863388,10,0,0,0,0,10,0,-0.30831768145620686,3.0223077342987548,"11.073476836","14.500331073","3.426854237","11.5914","28.3072","16.7158"
643396,"Kiner-Falefa, Isiah","PIT",2024,2024,"All",-0.4572236678990133,827,0.013301088270858524,9,2,1,0,0,9,3,-1.3495276588157674,-0.4162625247463554,"12.047633548","15.84804","3.800406452","12.034","23.796","11.762"
677649,"Duran, Ezequiel","TEX",2024,2024,"All",-0.071482465855447,403,0.0024813895781637717,1,0,0,0,0,1,0,-3.5713878321925687,1.428433556851261,"12.735555263","16.258947368","3.523392105","11.145","22.143","10.998"
669004,"Melendez, MJ","KC",2024,2024,"All",-1.2096130953496624,449,0.011135857461024499,3,2,1,0,0,3,3,-2.5395291685107004,-1.5593494703278332,"12.982078886","15.891948956","2.90987007","11.7802","21.5718","9.7916"
621043,"Correa, Carlos","MIN",2024,2024,"All",-0.6163676071713571,628,0,0,0,0,0,0,0,0,-7.065566797987417,1.7705461165025027,"10.141272431","13.856688418","3.715415987",,,
663728,"Raleigh, Cal","SEA",2024,2024,"All",-0.27702437305153527,693,0.007215007215007215,4,1,0,0,0,4,1,-4.282648450937524,1.2877895936354873,"11.163087021","14.8985","3.735412979","11.6462","23.7082","12.062"
606466,"Marte, Ketel","AZ",2024,2024,"All",0.25798174040965266,825,0.0048484848484848485,4,0,0,0,0,4,0,-5.212856638909191,2.8901179293144232,"9.886116751","13.005573604","3.119456853","9.26025","27.9835","18.72325"
608701,"Refsnyder, Rob","BOS",2024,2024,"All",-0.2312987488881902,537,0.00186219739292365,1,0,0,1,0,2,0,-4.855008290898999,1.6437842428702427,"12.327184466","15.429429126","3.10224466","19.883","43.546","23.663"
660688,"Ruiz, Keibert","WSH",2024,2024,"All",0.4091771599260912,442,0.006787330316742082,3,0,0,1,0,4,0,-2.094147725031847,1.8400148998499126,"11.018564815","15.177717593","4.159152778","12.689333333","26.48","13.790666667"
593871,"Polanco, Jorge","SEA",2024,2024,"All",-0.2817726647942328,543,0.007366482504604052,3,1,0,0,0,3,1,-3.32936502942157,0.853556313533514,"10.952490421","14.791704981","3.839214559","12.966","23.8905","10.9245"
656896,"Rivera, Emmanuel","BAL",2024,2024,"All",-0.31949598287636854,445,0.0022471910112359553,1,0,1,1,0,2,1,-2.9617007233294528,0.606320359532273,"11.257735632","15.653993103","4.396257471","14.901","34.213","19.312"
622534,"Margot, Manuel","MIN",2024,2024,"All",0.2238946255480614,456,0.006578947368421052,3,0,0,0,0,3,0,-1.2924158396570604,1.0719506521766073,"11.593899083","15.977612385","4.383713303","14.755","29.952333333","15.197333333"
647351,"Toro, Abraham","ATH",2024,2024,"All",-0.3805548624819507,532,0.007518796992481203,3,1,0,0,0,3,1,-3.6770880872986935,0.7885838999506404,"11.077790698","14.637765504","3.559974806","10.11125","22.88525","12.774"
678246,"Vargas, Miguel","CWS",2024,2024,"All",-0.3275120917771762,335,0.008955223880597015,2,1,0,0,0,2,1,-1.7280866201689113,0.040233849459125115,"11.482940252","15.650512579","4.167572327","12.203","21.915333333","9.712333333"
665862,"Chisholm Jr., Jazz","NYY",2024,2024,"All",1.5074092995794204,730,0.05342465753424658,31,8,2,2,0,33,10,23.570672743647872,-7.1260561092225565,"11.980979814","16.605121118","4.624141304","12.225794872","25.055205128","12.829410256"
542303,"Ozuna, Marcell","ATL",2024,2024,"All",-0.9744315588296955,1065,0.0009389671361502347,1,0,0,0,0,1,0,-13.531195201286119,3.848461069838951,"9.096604008","13.071625","3.975020992","12.065","26.764","14.699"
669911,"Toglia, Michael","COL",2024,2024,"All",0.3425286360722594,489,0.014314928425357873,7,0,1,0,0,7,1,0.17067168628443496,0.6853206640341614,"13.033090713","15.626423326","2.593332613","13.315285714","27.528142857","14.212857143"
669394,"Burger, Jake","MIA",2024,2024,"All",-0.9737016883520054,603,0.001658374792703151,0,1,0,0,0,0,1,-6.84194676307723,0.8770836983632009,"11.428875427","14.669564846","3.24068942","11.437","24.513","13.076"
671732,"Butler, Lawrence","ATH",2024,2024,"All",2.6584443315795094,600,0.03,18,0,1,0,0,18,1,10.95962102345365,1.0367113930861958,"12.346516187","16.257598921","3.911082734","11.913722222","22.258","10.344277778"
682622,"Marte, Noelvi","CIN",2024,2024,"All",-0.5599213053357069,181,0.055248618784530384,7,3,1,0,0,7,4,4.609189999162305,-3.2927984559292605,"12.213888889","16.842274854","4.628385965","12.6869","25.2557","12.5688"
664901,"Mendick, Danny","CWS",2024,2024,"All",1.1626391238426979,212,0.02830188679245283,6,0,0,1,0,7,0,4.488242226170295,0.5888681746858622,"10.425223881","14.999238806","4.574014925","10.0422","26.5998","16.5576"
666185,"Carlson, Dylan","TB",2024,2024,"All",-0.02060094596211194,276,0.0036231884057971015,1,0,0,0,0,1,0,-1.8499286295878208,0.776410622123227,"11.528594697","14.356912879","2.828318182","11.666","20.909","9.243"
665506,"Pache, Cristian","MIA",2024,2024,"All",-0.1459643467871435,205,0,0,0,0,0,0,0,0,-1.8325817836224247,0.490115577638537,"12.671","16.25195","3.58095",,,
640492,"Azócar, José","SD",2024,2024,"All",0.29136550192621397,167,0.023952095808383235,4,0,1,0,0,4,1,2.355926383923977,-0.3995994996857374,"12.590075342","17.308609589","4.718534247","11.23175","19.594","8.36225"
656413,"Fairchild, Stuart","CIN",2024,2024,"All",0.6557299797030052,355,0.016901408450704224,6,0,1,1,0,7,1,2.9188157644508683,0.15992628180629262,"12.483667712","16.518166144","4.034498433","12.465833333","23.004333333","10.5385"
676369,"Velázquez, Nelson","KC",2024,2024,"All",-0.2784266293167166,231,0.008658008658008658,2,0,1,0,0,2,1,-0.9220158044296664,-0.2089410409572999,"11.046535714","14.628857143","3.582321429","12.253","24.471","12.218"
643565,"Tauchman, Mike","CHC",2024,2024,"All",-0.3467630638017219,596,0.013422818791946308,6,2,0,0,0,6,2,-1.3951164563731313,-0.15053282783799277,"12.091731794","15.412998224","3.32126643","13.185","25.9025","12.7175"
572138,"Singleton, Jon","HOU",2024,2024,"All",-0.17628177576379295,515,0,0,0,0,1,0,1,0,-5.142273070235082,1.8937174184071646,"11.685213018","14.829869822","3.144656805",,,
621493,"Ward, Taylor","LAA",2024,2024,"All",-0.9759890014569459,927,0.008629989212513484,6,2,2,1,0,7,4,-3.776973225290498,-0.49020968088632183,"12.041927293","15.693705817","3.651778523","11.677875","20.987","9.309125"
623993,"Santander, Anthony","BAL",2024,2024,"All",-0.6146261826239964,683,0.0029282576866764276,2,0,1,0,0,2,1,-6.61731619459182,1.5751934584319305,"10.134473525","15.703700454","5.569226929","11.4025","21.41","10.0075"
663656,"Tucker, Kyle","HOU",2024,2024,"All",0.9493309240760103,436,0.016055045871559634,7,0,0,0,0,7,0,1.6080169286619188,1.3949500852080592,"11.134490814","13.716372703","2.58188189","12.582571429","25.355142857","12.772571429"
642715,"Adames, Willy","MIL",2024,2024,"All",1.9797758009175217,980,0.017346938775510204,16,1,0,1,0,17,1,4.3226911522673666,2.47830571214233,"11.907218986","15.728570658","3.821351672","11.977882353","21.854764706","9.876882353"
663757,"Grisham, Trent","NYY",2024,2024,"All",-1.1730166324015814,261,0.0038314176245210726,0,1,1,0,0,0,2,-3.3466873431445294,-1.1192870306059448,"9.814319328","14.070012605","4.255693277","10.682","21.598","10.916"
663897,"Williams, Luke","ATL",2024,2024,"All",0.5216932183085704,178,0.016853932584269662,3,0,0,0,0,3,0,0.8542424343999998,0.7796549587301552,"12.724151515","17.171418182","4.447266667","12.048","24.570666667","12.522666667"
641487,"Crawford, J.P.","SEA",2024,2024,"All",0.15359435482141415,790,0.006329113924050633,5,0,0,0,0,5,0,-5.011069945822344,2.568462986635295,"10.718759162","13.418048429","2.699289267","10.8236","21.4604","10.6368"
467793,"Santana, Carlos","MIN",2024,2024,"All",0.40213116403925053,715,0.005594405594405594,4,0,0,0,0,4,0,-3.9269761244254284,2.63894753094297,"11.091593931","15.545046243","4.453452312","10.03175","23.75125","13.7195"
696285,"Young, Jacob","WSH",2024,2024,"All",1.5941923129312927,745,0.04697986577181208,28,7,1,0,1,29,8,20.6024173941814,-5.613980368677747,"13.459810687","17.230581679","3.770770992","14.520028571","24.5724","10.052371429"
680474,"Schuemann, Max","ATH",2024,2024,"All",0.481296400613311,734,0.01907356948228883,13,1,2,0,0,13,3,2.901369062690075,-0.21994980427710548,"12.520922849","15.781857567","3.260934718","13.713642857","26.414785714","12.701142857"
444482,"Peralta, David","SD",2024,2024,"All",-0.18449815711478745,345,0,0,0,0,0,1,1,0,-3.9788008734931664,1.3583600390752122,"11.454493865","16.877328221","5.422834356",,,
671739,"Harris II, Michael","ATL",2024,2024,"All",-0.6038527238589262,771,0.011673151750972763,6,3,0,0,0,6,3,-3.3367860019851,0.14112105897354593,"11.343526243","15.395160221","4.051633978","11.153444444","21.542444444","10.389"
805779,"Wilson, Jacob","ATH",2024,2024,"All",0.052807360301315776,202,0,0,0,0,0,1,1,0,-1.2547036459347054,0.6749957544183478,"11.497541667","14.247583333","2.750041667",,,
695578,"Wood, James","WSH",2024,2024,"All",0.09382811584626578,494,0.03643724696356275,13,5,0,0,0,13,5,7.335673609269988,-3.0517924577949604,"12.630113537","16.311989083","3.681875546","12.574722222","22.326055556","9.751333333"
571448,"Arenado, Nolan","STL",2024,2024,"All",-1.261339895546928,844,0.004739336492890996,2,2,0,0,0,2,2,-8.68300324815135,1.0561350090740933,"8.423201681","12.617085234","4.193883553","9.289","21.947","12.658"
672515,"Moreno, Gabriel","AZ",2024,2024,"All",-0.2933437916064428,437,0.009153318077803204,3,1,0,0,0,3,1,-2.3354729372311454,0.3861128796439699,"10.459358314","13.833379391","3.374021077","9.40675","21.3415","11.93475"
665833,"Cruz, Oneil","PIT",2024,2024,"All",1.9204724144814427,809,0.019777503090234856,15,1,0,0,0,15,1,6.7957869509338575,1.2473667206548185,"11.384222656","15.25578776","3.871565104","11.6688125","22.161","10.4921875"
641658,"Hampson, Garrett","KC",2024,2024,"All",-0.5239517186961127,304,0.013157894736842105,3,1,1,0,0,3,2,0.17127956222199625,-1.2404614025344716,"13.50409854","17.148781022","3.644682482","13.62475","24.60525","10.9805"
683002,"Henderson, Gunnar","BAL",2024,2024,"All",1.7536881989335582,1321,0.015897047691143074,19,2,1,2,0,21,3,6.281131516005518,1.105470879405464,"12.993244243","16.524639803","3.531395559","12.553857143","24.136190476","11.582333333"
641584,"Fraley, Jake","CIN",2024,2024,"All",0.4512684278247797,641,0.031201248049921998,17,3,2,0,0,17,5,8.779081509609517,-2.898995275771381,"12.144020134","16.135597315","3.991577181","12.11905","22.38855","10.2695"
663898,"Rodgers, Brendan","COL",2024,2024,"All",-0.3527022584016244,818,0.0012224938875305623,1,0,0,1,0,2,0,-7.007510997334769,2.3306665357007286,"11.575361461","14.962201511","3.38684005","8.839","19.87","11.031"
624428,"Frazier, Adam","KC",2024,2024,"All",0.2376978911717337,381,0.005249343832020997,2,0,0,0,1,3,0,-1.1489620048164857,1.038867315855624,"12.659138122","17.641555249","4.982417127","12.0325","23.4535","11.421"
669134,"Campusano, Luis","SD",2024,2024,"All",0.09784458892042046,328,0,0,0,0,1,0,1,0,-2.3029141939526223,1.2409498393576555,"10.610222222","13.847350168","3.237127946",,,
624585,"Soler, Jorge","ATL",2024,2024,"All",-0.5303924092033924,805,0.0012422360248447205,1,0,0,0,0,1,0,-9.466054036887293,3.028485329275704,"10.056514249","14.095869171","4.039354922","10.107","28.475","18.368"
605170,"Caratini, Victor","HOU",2024,2024,"All",-0.7609258225074947,341,0.002932551319648094,0,1,0,0,0,0,1,-3.641550771338221,-0.072479262755224,"11.19480805","14.456247678","3.261439628","11.132","18.702","7.57"
607043,"Nimmo, Brandon","NYM",2024,2024,"All",2.1438134548170713,1002,0.012974051896207584,13,0,0,2,0,15,0,3.0044193781130817,3.4287323982099007,"11.163745512","14.186900739","3.023155227","12.298692308","25.039769231","12.741076923"
542194,"Bethancourt, Christian","CHC",2024,2024,"All",0.02896713888960189,172,0.005813953488372093,1,0,0,0,0,1,0,-0.6874150155053457,0.36988920442371326,"11.41691018","15.757083832","4.340173653","14.699","39.15","24.451"
596146,"Kepler, Max","MIN",2024,2024,"All",-0.3625482208323417,597,0,0,0,0,0,0,0,0,-6.261720710565182,1.9773242695126554,"11.553051195","15.332650171","3.779598976",,,
683011,"Volpe, Anthony","NYY",2024,2024,"All",2.5400237556545995,1126,0.028419182948490232,27,5,0,1,0,28,5,14.820756955475675,-0.9425058565345078,"10.386367026","14.727615309","4.341248283","11.39553125","26.66925","15.27371875"
660766,"Yepez, Juan","WSH",2024,2024,"All",-0.21877364955694378,277,0.010830324909747292,2,1,0,0,0,2,1,-0.9252673581035675,-0.07493372874718028,"12.697576208","16.887918216","4.190342007","11.848333333","23.285333333","11.437"
657136,"Wong, Connor","BOS",2024,2024,"All",-2.52334171246581,703,0.01849217638691323,7,6,1,0,0,7,7,-1.6372896896920297,-4.879741721172008,"12.838588415","15.824167683","2.985579268","12.718","21.451538462","8.733538462"
621035,"Taylor, Chris","LAD",2024,2024,"All",0.714275489742175,388,0.010309278350515464,4,0,0,0,1,5,0,0.9321716321427473,1.1729803629191684,"12.666444444","15.73968661","3.073242165","13.86475","26.78275","12.918"
672640,"Lopez, Otto","MIA",2024,2024,"All",1.5328486157409573,678,0.030973451327433628,18,3,1,1,0,19,4,11.045249768869976,-1.502669640073415,"13.139150242","18.303324717","5.164174475","12.685238095","23.790285714","11.105047619"
663853,"Gonzalez, Romy","BOS",2024,2024,"All",0.4179297937886065,385,0.033766233766233764,11,2,1,0,0,11,3,6.543267706745622,-1.9793861056900406,"12.766783862","16.58851585","3.821731988","13.313923077","25.264923077","11.951"
668939,"Rutschman, Adley","BAL",2024,2024,"All",-0.46686239792074313,878,0.0011389521640091116,1,0,0,0,0,1,0,-9.042405319667226,2.98137481336156,"10.014957176","12.785280093","2.770322917","8.819","16.165","7.346"
656941,"Schwarber, Kyle","PHI",2024,2024,"All",-2.4199675452646434,1131,0.002652519893899204,1,2,1,0,0,1,3,-13.758563533836579,0.7372114700059378,"10.62018972","14.66871215","4.04852243","11.623","25.785","14.162"
669261,"Suwinski, Jack","PIT",2024,2024,"All",0.06638347210928391,304,0.01644736842105263,4,1,0,0,0,4,1,0.5521285204467619,-0.09787162662237417,"11.912815331","15.560229965","3.647414634","10.8708","20.5026","9.6318"
592200,"Casali, Curt","SF",2024,2024,"All",-0.014307961262426169,173,0,0,0,0,0,0,0,0,-1.3316560547983685,0.5600516659938835,"10.752444444","13.874438596","3.121994152",,,
670032,"Lopez, Nicky","CWS",2024,2024,"All",-2.577755699600739,719,0.013908205841446454,4,6,0,0,0,4,6,-5.710585920033719,-3.190307812431098,"11.71883033","15.058396396","3.339566066","12.2625","22.6056","10.3431"
664238,"Moore, Dylan","SEA",2024,2024,"All",1.402903669125264,648,0.046296296296296294,24,6,1,1,1,26,7,18.967544370548914,-5.31245601107671,"13.769914141","18.421294613","4.651380471","12.456933333","22.852733333","10.3958"
672356,"Arias, Gabriel","CLE",2024,2024,"All",-0.28828579663538856,188,0.031914893617021274,4,2,0,0,0,4,2,2.0855683683079893,-1.5675543784377481,"11.797477273","14.983017045","3.185539773","11.132333333","22.837833333","11.7055"
608841,"Meneses, Joey","WSH",2024,2024,"All",-0.007520664357523021,337,0.002967359050445104,1,0,0,0,0,1,0,-2.9697428362868843,1.3031731175552306,"11.562206061","14.973272727","3.411066667","9.963","20.215","10.252"
650333,"Arraez, Luis","SD",2024,2024,"All",-1.4251596016716839,1189,0.005887300252312868,4,3,0,0,1,5,3,-9.738948211183862,1.16140009014464,"11.161943958","15.230301226","4.068357268","11.633571429","22.124428571","10.490857143"
596019,"Lindor, Francisco","NYM",2024,2024,"All",1.5461976176873617,1313,0.01904036557501904,22,3,2,2,0,24,5,9.084945546881606,-0.601758870419911,"12.918644748","17.798757472","4.880112724","14.164041667","27.171708333","13.007666667"
658668,"Olivares, Edward","PIT",2024,2024,"All",0.05642043269954893,197,0,0,0,0,1,0,1,0,-1.4110661507965212,0.7525192507974505,"12.264376344","14.966908602","2.702532258",,,
683737,"Busch, Michael","CHC",2024,2024,"All",-0.6838356115553199,797,0.002509410288582183,1,1,0,1,0,2,1,-7.219807099943619,1.6891684631853416,"12.915973545","17.377814815","4.46184127","11.951","24.158","12.207"
519317,"Stanton, Giancarlo","NYY",2024,2024,"All",0.04059747812374735,546,0.0018315018315018315,1,0,0,1,0,2,0,-3.3032581781996018,1.5583313639192604,"11.337980354","15.754098232","4.416117878","16.476","33.836","17.36"
592273,"Drury, Brandon","LAA",2024,2024,"All",-0.5409535714992272,421,0,0,0,0,0,0,0,0,-6.705005928213646,1.7778835869855598,"10.666932854","14.718503597","4.051570743",,,
682626,"Alvarez, Francisco","NYM",2024,2024,"All",-0.6102892728157513,450,0.0044444444444444444,1,1,0,0,0,1,1,-4.150667398207883,0.4885426818351684,"8.719309795","12.311006834","3.591697039","9.2605","21.8005","12.54"
572233,"Walker, Christian","AZ",2024,2024,"All",-0.37730705494784034,701,0.0014265335235378032,1,0,0,0,0,1,0,-7.838020417799933,2.6451045080269933,"10.851165179","14.2820625","3.430897321","11.393","29.385","17.992"
680776,"Duran, Jarren","BOS",2024,2024,"All",0.6340066631645944,1254,0.02073365231259968,20,6,0,0,1,21,6,8.515074393556247,-2.3755738123259,"12.488574431","16.029465849","3.540891419","12.023884615","22.186692308","10.162807692"
680700,"Palacios, Richie","TB",2024,2024,"All",1.5308516284400433,611,0.02618657937806874,15,1,2,0,1,16,3,9.484242765448384,-0.813326499221415,"12.56553176","17.640170599","5.074638838","10.394625","20.32","9.925375"
678009,"Meadows, Parker","DET",2024,2024,"All",0.7433716007342804,475,0.031578947368421054,12,3,0,0,0,12,3,7.1777878175218435,-1.5381910283779754,"11.508411085","14.827547344","3.319136259","11.991785714","23.170071429","11.178285714"
596117,"Stubbs, Garrett","PHI",2024,2024,"All",0.4369063968441623,220,0.013636363636363636,3,0,0,0,0,3,0,0.10703251200717384,0.9233330987616168,"11.772552381","14.489714286","2.717161905","13.837","20.861","7.024"
595777,"Profar, Jurickson","SD",2024,2024,"All",-0.4733400643330805,1078,0.008348794063079777,7,2,1,1,0,8,3,-4.889078229532311,1.1210568479408458,"12.194841691","15.413553589","3.218711898","12.818875","23.50275","10.683875"
681351,"O'Hoppe, Logan","LAA",2024,2024,"All",-1.4827628801856467,722,0.006925207756232687,2,3,0,0,0,2,3,-6.052330344204524,-0.6051040252105387,"11.097426346","13.914932011","2.817505666","11.2928","20.7936","9.5008"
641933,"O'Neill, Tyler","BOS",2024,2024,"All",-0.22650817428078707,685,0.00291970802919708,2,0,0,0,0,2,0,-6.073583470776548,2.196018933054494,"11.66470743","14.991834365","3.327126935","11.9115","24.3605","12.449"
668709,"Bleday, JJ","ATH",2024,2024,"All",-2.211191777323003,792,0.005050505050505051,1,3,1,0,0,1,4,-8.643719266204947,-1.0721064979600154,"11.208251969","15.883338583","4.675086614","11.14275","20.99225","9.8495"
608324,"Bregman, Alex","HOU",2024,2024,"All",-0.18055007952693433,812,0.0012315270935960591,1,0,0,1,0,2,0,-7.77775047079966,3.0555555880733283,"11.867595801","15.260115486","3.392519685","15.634","33.051","17.417"
592325,"Gamel, Ben","HOU",2024,2024,"All",0.07345096443780376,184,0.005434782608695652,1,0,0,0,0,1,0,-0.8249683897733455,0.5298769830943842,"12.614922619","15.320672619","2.70575","11.319","21.048","9.729"
456781,"Solano, Donovan","SD",2024,2024,"All",-0.797714071893905,477,0.0041928721174004195,1,1,0,0,0,1,1,-5.299884762616345,0.5828064013985872,"11.20844586","14.878101911","3.669656051","10.6345","24.202","13.5675"
518934,"LeMahieu, DJ","NYY",2024,2024,"All",-0.6016888943924228,213,0.004694835680751174,0,1,0,0,0,0,1,-2.337791257134901,-0.2980680954787615,"9.363692308","13.003427885","3.639735577","8.726","24.918","16.192"
666018,"Aranda, Jonathan","TB",2024,2024,"All",-0.23083195610500426,182,0,0,0,0,0,0,0,0,-2.5093309894414317,0.6022983150739603,"10.279666667","14.056844444","3.777177778",,,
607680,"Pillar, Kevin","LAA",2024,2024,"All",1.1702502061336375,421,0.028503562945368172,11,1,1,1,0,12,2,7.289494473711678,-0.63921930801933,"12.098140351","14.498238095","2.400097744","11.840416667","24.597","12.756583333"
665161,"Peña, Jeremy","HOU",2024,2024,"All",1.223679697056916,819,0.02197802197802198,15,3,0,1,0,16,3,7.084000598236791,-0.42915649464542,"12.441318841","16.042538867","3.601220026","11.589055556","21.731944444","10.142888889"
592885,"Yelich, Christian","MIL",2024,2024,"All",1.9038249797139013,474,0.03375527426160337,15,1,1,1,0,16,2,10.863545624415254,-0.59752032259811,"12.509750567","16.464941043","3.955190476","13","24.26975","11.26975"
672580,"Garcia, Maikel","KC",2024,2024,"All",5.622080982554975,872,0.04472477064220184,37,2,1,1,0,38,3,28.73464103371245,-0.2774382759722572,"13.565884363","17.781710907","4.215826544","13.923358974","26.576769231","12.653410256"
660670,"Acuña Jr., Ronald","ATL",2024,2024,"All",0.10417565695740386,477,0.033542976939203356,14,2,4,1,1,16,6,10.779860901614075,-4.559547829700914,"12.253758025","16.094595062","3.840837037","12.7071875","24.22","11.5128125"
680977,"Donovan, Brendan","STL",2024,2024,"All",-1.4921671021188965,992,0.006048387096774193,3,3,0,1,0,4,3,-9.084092996706866,0.7214477716055023,"10.568843816","13.761856394","3.193012579","10.857666667","22.4525","11.594833333"
681146,"Bride, Jonah","MIA",2024,2024,"All",-1.0434723294569799,479,0.0020876826722338203,0,1,0,0,0,0,1,-7.523751280287942,1.0250620591124693,"11.525195329","14.629872611","3.104677282","11.354","16.684","5.33"
686676,"Lee, Korey","CWS",2024,2024,"All",-0.7469640126637332,430,0.01627906976744186,5,2,1,0,0,5,3,0.005817389346785884,-1.662505534517981,"11.294725301","15.498759036","4.204033735","11.056714286","20.931857143","9.875142857"
677800,"Abreu, Wilyer","BOS",2024,2024,"All",0.04535812629543448,665,0.012030075187969926,7,1,1,0,0,7,2,0.05069719317050558,0.07826375035851717,"11.807601881","15.337274295","3.529672414","11.4965","21.613125","10.116625"
666134,"Jones, Nolan","COL",2024,2024,"All",-1.3115786995449856,428,0.02102803738317757,5,4,0,0,0,5,4,-0.8972140214266564,-2.515857545021439,"13.06070411","15.711547945","2.650843836","11.539555556","20.423777778","8.884222222"
679032,"Rojas, Johan","PHI",2024,2024,"All",1.2154599670800885,501,0.04590818363273453,20,3,3,1,0,21,6,16.100034588871964,-4.4545487793206675,"13.845139908","16.894559633","3.049419725","13.685217391","23.548608696","9.863391304"
663368,"Perkins, Blake","MIL",2024,2024,"All",1.2476520546086662,732,0.028688524590163935,18,3,1,0,1,19,4,10.282900496893804,-1.7976178772669422,"12.43777994","16.703592814","4.265812874","12.669142857","23.39447619","10.725333333"
682177,"Schneemann, Daniel","CLE",2024,2024,"All",0.08327110922290454,376,0.010638297872340425,3,1,0,0,0,3,1,-0.8754096153134315,0.5741178495235341,"12.26562069","15.286359195","3.020738506","12.04475","22.46275","10.418"
669720,"Hays, Austin","PHI",2024,2024,"All",-0.45278523072948296,361,0.00554016620498615,1,1,0,0,0,1,1,-3.2591824714455147,0.442336141243599,"12.070349854","14.492338192","2.421988338","10.39","20.61","10.22"
592192,"Canha, Mark","SF",2024,2024,"All",0.7537471244351581,751,0.006657789613848202,5,0,0,2,0,7,0,-1.3282376540364424,2.2653214560943256,"12.331777151","16.4101622","4.078385049","14.2116","31.694","17.4824"
622761,"Mateo, Jorge","BAL",2024,2024,"All",0.6645124454965041,284,0.03873239436619718,9,2,0,0,0,9,2,6.13361303037161,-1.24935591239515,"13.740975806","18.058762097","4.31778629","13.312272727","23.313727273","10.001454545"
518692,"Freeman, Freddie","LAD",2024,2024,"All",0.14031653110193684,1065,0.009389671361502348,8,2,0,2,0,10,2,-2.6990008266137275,1.5113704364992933,"13.190987141","18.172923838","4.981936696","12.7484","27.5774","14.829"
630105,"Cronenworth, Jake","SD",2024,2024,"All",-1.9911429775797675,851,0.0023501762632197414,0,2,1,0,0,0,3,-11.36062212982377,0.6244032186333036,"11.462692025","16.093519018","4.630826994","11.1885","22.2725","11.084"
545341,"Grichuk, Randal","AZ",2024,2024,"All",-0.7393636295684961,372,0,0,0,1,0,0,0,1,-3.9179068215924517,0.09826163277776521,"12.350209632","14.656042493","2.305832861",,,
690993,"Keith, Colt","DET",2024,2024,"All",-0.7382796764841395,833,0.007202881152460984,5,1,1,0,0,5,2,-5.467158792150785,0.7892268487689156,"11.038621554","14.490359649","3.451738095","11.077666667","22.591833333","11.514166667"
681393,"Norby, Connor","MIA",2024,2024,"All",-1.1654324318856182,233,0.02145922746781116,2,3,0,0,0,2,3,-0.6834918265786236,-2.286075703488655,"11.878298165","15.074619266","3.196321101","11.0312","20.607","9.5758"
676801,"McCormick, Chas","HOU",2024,2024,"All",0.4909489089187644,386,0.02849740932642487,9,2,0,0,0,9,2,4.115194425755432,-0.7379777249607111,"11.374081232","14.634557423","3.26047619","12.870090909","23.292272727","10.422181818"
643376,"Jansen, Danny","BOS",2024,2024,"All",-0.25559412537332615,388,0,0,0,0,0,0,0,0,-4.353568744146352,1.3669324965687646,"10.183760638","14.362739362","4.178978723",,,
665828,"Cabrera, Oswaldo","NYY",2024,2024,"All",-0.646195633505537,548,0.009124087591240875,3,2,0,1,0,4,2,-3.2167049404083383,-0.00634365649749169,"10.753518234","14.21528023","3.461761996","9.6212","21.004","11.3828"
666149,"Fitzgerald, Tyler","SF",2024,2024,"All",0.03975093296060467,574,0.029616724738675958,13,4,1,0,0,13,5,6.274514437342308,-2.7003376766841383,"12.451279116","16.307188755","3.855909639","12.856470588","24.281117647","11.424647059"
676475,"Burleson, Alec","STL",2024,2024,"All",-0.09516127034138075,824,0.009708737864077669,6,2,0,0,1,7,2,-3.8305107170652923,1.4909797179370607,"11.364160574","14.586304178","3.222143603","13.4705","27.54375","14.07325"
686611,"Crews, Dylan","WSH",2024,2024,"All",0.7091331619254704,196,0.05612244897959184,9,2,0,0,0,9,2,6.451763979198588,-1.2915991864761014,"12.431368984","14.96602139","2.534652406","13.453909091","24.980636364","11.526727273"
669127,"Langeliers, Shea","ATH",2024,2024,"All",-0.8812435001682349,611,0.006546644844517185,2,2,0,1,0,3,2,-4.813126311264635,0.18084836018820552,"11.102134228","14.421248322","3.319114094","10.693","19.45275","8.75975"
664040,"Lowe, Brandon","TB",2024,2024,"All",-0.34763248621158493,635,0.006299212598425197,3,1,0,0,0,3,1,-4.448725692040432,1.2046947826588918,"11.48080456","15.615177524","4.134372964","11.14125","25.0125","13.87125"
663993,"Lowe, Nathaniel","TEX",2024,2024,"All",-0.20944342693049856,726,0.0013774104683195593,1,0,0,1,0,2,0,-7.516368553228065,2.8751784082558087,"10.296342179","13.711231844","3.414889665","11.188","24.858","13.67"
621020,"Swanson, Dansby","CHC",2024,2024,"All",1.2861801164218614,831,0.019253910950661854,14,2,0,1,0,15,2,3.8567736297246173,1.1440564232820845,"12.224161538","16.432626923","4.208465385","12.434125","24.58525","12.151125"
624424,"Conforto, Michael","SF",2024,2024,"All",-0.5897986130595616,601,0,0,0,0,0,0,0,0,-6.654084395172625,1.646707257722141,"11.21821843","15.085209898","3.866991468",,,
666139,"Lowe, Josh","TB",2024,2024,"All",2.5851179815712286,558,0.03225806451612903,17,1,0,1,0,18,1,11.795575564721464,0.5022285969487479,"11.862361217","17.272410646","5.41004943","12.140944444","24.954055556","12.813111111"
681624,"Pages, Andy","LAD",2024,2024,"All",-1.6379052397485496,623,0.004815409309791332,1,2,1,0,0,1,3,-7.34145984068929,-0.37691838135708494,"11.514072269","15.985596639","4.47152437","11.286666667","20.687333333","9.400666667"
663616,"Larnach, Trevor","MIN",2024,2024,"All",0.4223369318084151,471,0.008492569002123142,4,0,0,0,0,4,0,-1.268132555374514,1.502140984185151,"11.4324869","14.842220524","3.409733624","11.42575","29.5235","18.09775"
571970,"Muncy, Max","LAD",2024,2024,"All",0.11276740218228488,420,0.004761904761904762,2,0,0,0,0,2,0,-2.8965630328431256,1.537955575002022,"11.036364796","15.145433673","4.109068878","12.8635","42.592","29.7285"
665804,"Amaya, Miguel","CHC",2024,2024,"All",-0.07078178109962874,424,0,0,0,0,2,0,2,0,-3.436940174554886,1.3702361195807737,"11.149825359","14.796662679","3.646837321",,,
594807,"Duvall, Adam","ATL",2024,2024,"All",-0.13186837591857573,379,0,0,0,0,1,0,1,0,-3.2524409936961627,1.152488495157015,"12.189823848","15.250642276","3.060818428",,,
624413,"Alonso, Pete","NYM",2024,2024,"All",-0.036849141655134525,1017,0.003933136676499509,4,0,0,0,0,4,0,-7.4649265213876905,3.2358581391608956,"10.591514691","13.994506586","3.402991895","15.34125","33.21525","17.874"
663527,"Nevin, Tyler","ATH",2024,2024,"All",-0.03719650912707127,363,0.0027548209366391185,1,0,0,1,0,2,0,-3.314385505416157,1.390401315458134,"12.21437931","15.202275862","2.987896552","12.118","26.482","14.364"
657656,"Laureano, Ramón","ATL",2024,2024,"All",0.21205642559227555,418,0.019138755980861243,7,1,1,0,0,7,2,2.069420960240967,-0.44850614767981817,"11.3898","14.235907692","2.846107692","12.451375","27.965625","15.51425"
608336,"Gallo, Joey","WSH",2024,2024,"All",0.07221294739139283,270,0.003703703703703704,1,0,0,0,0,1,0,-2.029676146629345,1.0625515038161375,"11.741173077","15.372892308","3.631719231","10.928","16.946","6.018"
642136,"Thaiss, Matt","LAA",2024,2024,"All",0.13558678158298856,245,0.00816326530612245,2,0,0,0,0,2,0,-1.1980615037524553,0.8337757385188438,"11.566793388","15.078524793","3.511731405","17.1785","38.4015","21.223"
656716,"McKinstry, Zach","DET",2024,2024,"All",2.0123486377679978,362,0.03867403314917127,14,0,1,0,0,14,1,9.178145677129285,0.39271000520475685,"11.885048048","16.112975976","4.227927928","12.177692308","23.227461538","11.049769231"
700932,"Manzardo, Kyle","CLE",2024,2024,"All",-0.11392045215677911,165,0,0,0,0,0,0,0,0,-1.6198119130008446,0.46675984542975535,"11.402839506","15.260907407","3.858067901",,,
672386,"Kirk, Alejandro","TOR",2024,2024,"All",-0.5371618350048678,514,0,0,0,0,0,0,0,0,-6.494140970633039,1.6925919091594217,"10.819533597","14.212478261","3.392944664",,,
570482,"Urshela, Gio","ATL",2024,2024,"All",-0.4738279654223373,657,0,0,0,0,0,0,0,0,-7.5427109223142645,2.299364931201144,"10.86444031","14.086565891","3.222125581",,,
669224,"Wells, Austin","NYY",2024,2024,"All",-0.3752469246451954,583,0.0017152658662092624,1,0,0,0,0,1,0,-6.377912762197652,2.000745839542965,"10.876579787","14.855861702","3.979281915","11.77","29.623","17.853"
645277,"Albies, Ozzie","ATL",2024,2024,"All",0.8034561960742149,654,0.009174311926605505,6,0,0,0,0,6,0,-0.7830478956962035,2.1334795004743445,"12.084512077","15.77752657","3.693014493","12.058666667","23.1745","11.115833333"
669289,"Espinal, Santiago","CIN",2024,2024,"All",1.3856682892072283,512,0.0234375,11,1,0,1,0,12,1,5.321112485478062,0.7143239824702586,"13.02602381","18.420575758","5.394551948","12.605083333","24.476833333","11.87175"
602104,"Urías, Ramón","BAL",2024,2024,"All",-1.2798564455088308,423,0.002364066193853428,0,1,1,0,0,0,2,-5.101007547035105,-0.5770109691151337,"11.508026895","14.622606357","3.114579462","9.829","18.803","8.974"
657041,"Thomas, Lane","CLE",2024,2024,"All",-1.442203913588236,750,0.05466666666666667,27,14,0,0,0,27,14,18.352210426326828,-11.361435553008002,"11.718234261","16.485475842","4.767241581","11.461512195","21.795756098","10.334243902"
643265,"Cooper, Garrett","BOS",2024,2024,"All",-0.22457642851763962,165,0,0,0,0,0,0,0,0,-2.7113212885172957,0.7059729537462656,"10.409939394","14.477109091","4.067169697",,,
696100,"Goodman, Hunter","COL",2024,2024,"All",-0.41434880041091604,188,0.010638297872340425,1,1,0,0,0,1,1,-1.0828276929409522,-0.43951835960605734,"12.802781421","17.269721311","4.466939891","13.177","25.129","11.952"
669234,"Malloy, Justyn-Henry","DET",2024,2024,"All",-0.5609095062399869,359,0.005571030640668524,1,1,0,0,0,1,1,-3.6570521383930155,0.378890936530255,"11.50033526","13.02332659","1.522991329","11.7905","22.002","10.2115"
643446,"McNeil, Jeff","NYM",2024,2024,"All",0.4867436849336318,742,0.006738544474393531,5,0,0,0,0,5,0,-2.7006848049777683,2.2819569909537445,"9.910242199","11.935612184","2.025369985","11.1214","32.2304","21.109"
543685,"Rendon, Anthony","LAA",2024,2024,"All",-0.048958570542837795,374,0.0106951871657754,3,1,0,0,0,3,1,-0.5273981327487458,0.1256023466820254,"12.327119114","16.543293629","4.216174515","11.9635","23.6025","11.639"
673962,"Jung, Josh","TEX",2024,2024,"All",0.20391307263847908,184,0.010869565217391304,2,0,0,0,0,2,0,-0.6779012417935701,0.7544296022159853,"10.757657459","15.403348066","4.645690608","12.1295","23.865","11.7355"
666310,"Naylor, Bo","CLE",2024,2024,"All",-0.24054243750115623,451,0.013303769401330377,4,2,0,1,0,5,2,-0.08533928072070573,-0.49661018079336744,"12.455221709","15.178715935","2.723494226","11.970833333","24.978833333","13.008"
543807,"Springer, George","TOR",2024,2024,"All",1.4221801280704955,890,0.017977528089887642,15,1,1,0,0,15,2,5.031002238615508,0.924399289660877,"12.193473939","15.919158788","3.725684848","12.3459375","24.279625","11.9336875"
664761,"Bohm, Alec","PHI",2024,2024,"All",-0.6886204450354441,722,0.002770083102493075,1,1,0,1,0,2,1,-6.365180706727193,1.2987015473555443,"12.223013333","15.078848889","2.855835556","11.322","24.874","13.552"
606192,"Hernández, Teoscar","LAD",2024,2024,"All",-0.04084489637697464,931,0.01288936627282492,10,2,1,1,0,11,3,0.17962741413521432,-0.17060084267559372,"12.279556314","17.104423208","4.824866894","10.853583333","24.045","13.191416667"
672012,"Black, Tyler","MIL",2024,2024,"All",0.5108768405873321,173,0.017341040462427744,3,0,0,0,0,3,0,1.4578183009914976,0.487362623086738,"12.964327273","16.153151515","3.188824242","12.903333333","21.932","9.028666667"
670042,"Raley, Luke","SEA",2024,2024,"All",0.33017323604337534,679,0.013254786450662739,7,2,0,2,1,10,2,1.7856922786068066,-0.05992271039552022,"11.227533128","14.957469954","3.729936826","11.032","20.002666667","8.970666667"
683146,"Baty, Brett","NYM",2024,2024,"All",-0.13614504442355957,221,0,0,0,0,0,0,0,0,-2.896883116241648,0.9849590640550452,"11.185693396","15.47634434","4.290650943",,,
664056,"Bader, Harrison","NYM",2024,2024,"All",-0.28375893472600044,552,0.041666666666666664,16,7,0,0,0,16,7,9.770776841295174,-4.9731428955223045,"11.656032","15.039098","3.383066","12.427956522","23.97273913","11.544782609"
642180,"Wade, Tyler","SD",2024,2024,"All",-0.09667717247829946,289,0.020761245674740483,5,1,1,0,0,5,2,1.5663119601807045,-0.9109768100320904,"13.077668016","16.892688259","3.815020243","12.464833333","22.440333333","9.9755"
666176,"Adell, Jo","LAA",2024,2024,"All",-1.9238076401230249,519,0.04046242774566474,13,8,1,0,0,13,9,6.909590653929131,-7.3460572686863514,"12.382710417","15.8860375","3.503327083","13.071","23.077238095","10.006238095"
543257,"Grossman, Robbie","KC",2024,2024,"All",0.16648801286316547,356,0.0056179775280898875,2,0,0,0,0,2,0,-2.5680787865743575,1.5113417115067491,"12.122716814","14.846640118","2.723923304","11.695","23.4475","11.7525"
677951,"Witt Jr., Bobby","KC",2024,2024,"All",0.1419929022217099,1169,0.02737382378100941,25,7,2,0,0,25,9,12.4520744488988,-5.218715527906778,"12.247930902","16.579943378","4.332012476","11.82796875","21.20403125","9.3760625"
502110,"Martinez, J.D.","NYM",2024,2024,"All",-0.6400217345444694,683,0,0,0,0,0,0,0,0,-8.326618806155441,2.2784489481924872,"11.113688156","13.709815592","2.596127436",,,
642133,"Tellez, Rowdy","PIT",2024,2024,"All",0.09329914190802995,475,0.002105263157894737,1,0,0,1,0,2,0,-3.1700233968873306,1.6162307139677683,"11.128896552","14.198788793","3.069892241","12.058","28.992","16.934"
641432,"Calhoun, Willie","LAA",2024,2024,"All",-0.5927805324513027,328,0.003048780487804878,0,1,0,0,0,0,1,-3.678574277438872,0.31763182896993525,"11.829764331","14.253292994","2.423528662","9.581","17.253","7.672"
543760,"Semien, Marcus","TEX",2024,2024,"All",-1.3596448539818913,1135,0.007048458149779736,5,3,0,0,0,5,3,-9.097983428895622,1.0221151817716285,"11.062575445","14.650115276","3.587539831","10.541375","21.961125","11.41975"
702358,"Lipscomb, Trey","WSH",2024,2024,"All",0.40616371850448313,349,0.025787965616045846,7,2,0,0,1,8,2,4.137776407932053,-0.936425695737624,"13.616798137","17.799940994","4.183142857","12.501222222","23.356","10.854777778"
609280,"Andujar, Miguel","ATH",2024,2024,"All",-1.490865047787322,420,0.007142857142857143,1,2,1,0,0,1,3,-4.341359209036995,-1.3835404577331607,"11.721921951","14.157336585","2.435414634","11.328333333","22.056","10.727666667"
702616,"Holliday, Jackson","BAL",2024,2024,"All",0.19868612201591318,289,0.01384083044982699,4,0,1,0,0,4,1,0.8764703273098851,0.051982347897641,"11.921400735","15.737805147","3.816404412","12.14175","21.85575","9.714"
521692,"Perez, Salvador","KC",2024,2024,"All",-0.8536924116470885,803,0,0,0,0,0,0,0,0,-10.660526484868358,2.8409175229479633,"10.484632184","13.943366539","3.458734355",,,
681082,"Stott, Bryson","PHI",2024,2024,"All",4.2121221269336395,794,0.036523929471032744,27,2,0,2,0,29,2,19.75160920833287,0.5817784117045904,"11.303148299","15.723689796","4.420541497","11.951","22.926071429","10.975071429"
592626,"Pederson, Joc","AZ",2024,2024,"All",-0.19950436950820016,652,0.007668711656441718,4,1,0,0,0,4,1,-3.908762245574035,1.2938846213480153,"10.555509494","13.776765823","3.221256329","10.8292","23.7704","12.9412"
608671,"Jankowski, Travis","TEX",2024,2024,"All",1.3054125015096332,324,0.030864197530864196,9,1,0,1,0,10,1,6.951883941998862,-0.1888095264225326,"11.624773333","15.092316667","3.467543333","11.276","21.2311","9.9551"
669222,"Senzel, Nick","CWS",2024,2024,"All",-1.6256819659610797,301,0.0033222591362126247,0,1,2,0,0,0,3,-3.515765611986093,-2.050064096808583,"11.862429577","16.412066901","4.549637324","10.042","17.154","7.112"
624431,"Trevino, Jose","NYY",2024,2024,"All",-0.04833347339373624,237,0.004219409282700422,1,0,0,0,0,1,0,-1.88004296084704,0.7281669306126043,"10.009362069","13.768788793","3.759426724","9.367","18.781","9.414"
807799,"Yoshida, Masataka","BOS",2024,2024,"All",0.3304931230763238,617,0.0032414910858995136,2,0,0,1,0,3,0,-4.577206318283687,2.768743081629023,"11.126174204","14.659190955","3.53301675","10.6725","24.387","13.7145"
543510,"McCann, James","BAL",2024,2024,"All",-0.06489354007664151,282,0.0035460992907801418,1,0,0,0,0,1,0,-2.5103126053565874,0.9714866244326135,"10.744276978","14.89805036","4.153773381","11.366","32.826","21.46"
643289,"Dubón, Mauricio","HOU",2024,2024,"All",-0.45595595285167023,607,0.004942339373970346,2,1,0,0,0,2,1,-4.164097557323155,0.8374745746954673,"11.804726148","15.393706714","3.588980565","13.03","25.840333333","12.810333333"
647304,"Naylor, Josh","CLE",2024,2024,"All",-0.7487828817798398,842,0.0035629453681710215,2,1,0,0,0,2,1,-7.838162494675446,1.8196658159005534,"10.216964373","13.64241769","3.425453317","11.771","26.143666667","14.372666667"
650559,"De La Cruz, Bryan","PIT",2024,2024,"All",-0.5906733616849977,749,0.0053404539385847796,2,2,0,1,0,3,2,-5.2485381115287915,1.020076134712788,"11.454734807","14.587470994","3.132736188","11.707","22.89725","11.19025"
607208,"Turner, Trea","PHI",2024,2024,"All",1.8936716479782916,915,0.020765027322404372,17,2,0,1,0,18,2,6.853142669861054,1.1623180311246242,"12.506562053","16.518558473","4.01199642","12.677315789","26.121157895","13.443842105"
691718,"Crow-Armstrong, Pete","CHC",2024,2024,"All",4.404711826384308,322,0.07763975155279502,24,1,0,1,1,26,1,22.34496277381961,-0.1428460630658089,"13.973536842","18.679392982","4.70585614","13.05752","23.85172","10.7942"
595281,"Kiermaier, Kevin","LAD",2024,2024,"All",-0.4486721261541283,309,0.019417475728155338,4,2,0,0,0,4,2,-0.059860008368426476,-0.9704447210676517,"10.812566553","14.840163823","4.02759727","10.864833333","20.9045","10.039666667"
666971,"Gurriel Jr., Lourdes","AZ",2024,2024,"All",-0.09711104174411278,736,0.008152173913043478,5,1,0,0,0,5,1,-2.941011522266632,1.0913139171315855,"12.274186536","15.537698457","3.263511921","11.908166667","23.109666667","11.2015"
663538,"Hoerner, Nico","CHC",2024,2024,"All",2.330467872352666,1217,0.0238290879211175,25,4,0,1,1,27,4,12.122146208569234,-0.20880304302484543,"12.223313221","15.648694765","3.425381544","12.71937931","24.842","12.12262069"
687363,"Scott II, Victor","STL",2024,2024,"All",0.6561173116500958,169,0.023668639053254437,4,0,0,0,0,4,0,2.4456356520494706,0.37108929164489296,"12.85414557","16.890607595","4.036462025","12.752","23.651","10.899"
694671,"Langford, Wyatt","TEX",2024,2024,"All",0.45165613443703373,724,0.020718232044198894,12,3,0,1,0,13,3,2.938583657212834,-0.30235688223452256,"11.051535398","14.403738938","3.35220354","11.989266667","21.717666667","9.7284"
666160,"Moniak, Mickey","LAA",2024,2024,"All",-0.19405828981841644,430,0.020930232558139535,7,2,1,0,0,7,3,2.050873274629784,-1.3427398772097185,"11.616941606","16.230914842","4.613973236","10.938555556","20.552","9.613444444"
694384,"Schanuel, Nolan","LAA",2024,2024,"All",0.9004880665000765,888,0.009009009009009009,8,0,0,1,0,9,0,-3.429999759805691,3.5255289299138077,"11.937035921","14.8719073","2.934871379","13.333625","26.252625","12.919"
678877,"Noel, Jhonkensy","CLE",2024,2024,"All",-0.25352958771665063,304,0,0,0,0,0,0,0,0,-3.5760911804117557,1.025974774145999,"11.523023411","14.939675585","3.416652174",,,
669743,"Call, Alex","WSH",2024,2024,"All",0.05001306549307824,188,0.02127659574468085,3,1,0,0,0,3,1,1.0038705889686388,-0.33502456066811037,"13.046097561","16.82725","3.781152439","12.664","21.61175","8.94775"
666135,"Kirilloff, Alex","MIN",2024,2024,"All",-0.06789140516417047,220,0,0,0,0,0,0,0,0,-2.4660456252363936,0.9451504886291306,"12.016949074","16.283675926","4.266726852",,,
605204,"Davis, J.D.","NYY",2024,2024,"All",-0.24479694164324894,235,0,0,0,0,0,0,0,0,-3.2445413729842927,0.8980251843413547,"9.436103004","14.035690987","4.599587983",,,
680869,"Gelof, Zack","ATH",2024,2024,"All",3.5133498216771293,682,0.03812316715542522,24,2,0,0,0,24,2,16.46866042445491,0.4880394150803202,"10.882690363","15.977739336","5.095048973","11.630307692","22.729615385","11.099307692"
677870,"Jiménez, Leo","TOR",2024,2024,"All",-0.27779491745859525,302,0,0,0,0,0,0,0,0,-3.5298750218746275,0.9515113042585168,"12.23453125","14.274472222","2.039940972",,,
623912,"Ramírez, Harold","WSH",2024,2024,"All",-0.023757028435317823,284,0.02464788732394366,5,2,0,0,0,5,2,2.068822417995976,-0.9722700267433619,"11.975218519","16.567244444","4.592025926","12.878","24.433","11.555"
682829,"De La Cruz, Elly","CIN",2024,2024,"All",5.583347831850404,737,0.08683853459972862,55,9,3,1,2,58,12,49.54856719327375,-9.614145792898542,"12.810294309","16.754573984","3.944279675","13.017421875","21.902734375","8.8853125"
694388,"Loperfido, Joey","TOR",2024,2024,"All",-0.4096923054239342,367,0.01634877384196185,4,2,0,0,0,4,2,-0.29394085568923173,-0.7797869650801915,"12.106777778","16.528099415","4.421321637","11.5365","21.456","9.9195"
686823,"Brennan, Will","CLE",2024,2024,"All",-0.8647726871781073,522,0.007662835249042145,2,2,0,0,0,2,2,-4.093012748357008,-0.10260030557043642,"11.040419028","16.030163968","4.989744939","11.6645","21.402","9.7375"
663698,"Bart, Joey","PIT",2024,2024,"All",-0.2921857584773172,390,0,0,0,0,0,0,0,0,-4.989808867197123,1.5683911443602385,"9.551841146","12.970864583","3.419023438",,,
600869,"Candelario, Jeimer","CIN",2024,2024,"All",-1.1489040553387664,449,0.0066815144766146995,1,2,0,0,0,1,2,-4.922328180555733,-0.36541870939470994,"12.411886836","15.652025404","3.240138568","12.984333333","19.992333333","7.008"
666624,"Morel, Christopher","TB",2024,2024,"All",-2.8352839316663085,675,0.01925925925925926,6,7,0,0,0,6,7,-3.88810007297974,-4.572586482378597,"12.327151858","16.253061389","3.925909532","12.895230769","23.630461538","10.735230769"
621566,"Olson, Matt","ATL",2024,2024,"All",-0.7591955815889546,940,0,0,0,0,0,0,0,0,-10.710122534687669,3.0729531674412858,"10.933801518","14.208541215","3.274739696",,,
669364,"Edwards, Xavier","MIA",2024,2024,"All",3.1549983037696476,683,0.0424597364568082,27,2,2,0,0,27,4,18.767706435954945,-1.3300955187140866,"12.647874794","17.714869852","5.066995058","12.390689655","25.045793103","12.655103448"
686217,"Frelick, Sal","MIL",2024,2024,"All",0.23183235617514047,926,0.014038876889848811,12,1,2,0,0,12,3,1.267455538869554,-0.04813055910837774,"11.488468085","14.070783688","2.582315603","11.969384615","25.941615385","13.972230769"
642086,"Smith, Dominic","CIN",2024,2024,"All",-0.21119706799869922,382,0,0,0,0,0,0,0,0,-3.8504537900017093,1.2419859777814277,"11.571895442","15.770313673","4.198418231",,,
657757,"Sheets, Gavin","CWS",2024,2024,"All",-0.7503348736700328,687,0.002911208151382824,1,1,0,0,0,1,1,-7.309471603313507,1.5812432155392633,"11.408600884","14.102808542","2.694207658","10.0765","21.113","11.0365"
656537,"Hill, Derek","MIA",2024,2024,"All",0.6065913960960528,193,0.02072538860103627,4,0,0,0,0,4,0,1.7659534301483166,0.5631126890364223,"12.431719101","16.404938202","3.973219101","11.9355","22.49975","10.56425"
575929,"Contreras, Willson","STL",2024,2024,"All",-0.7501880320204273,528,0.003787878787878788,1,1,0,0,0,1,1,-5.435412827477225,0.7486545188333723,"11.263712871","14.945324752","3.681611881","16.527","33.4565","16.9295"
660644,"Bruján, Vidal","MIA",2024,2024,"All",-1.8312028168684682,375,0.029333333333333333,5,6,0,0,1,6,6,1.6318481591574463,-4.794605441555468,"13.0349","16.692447059","3.657547059","13.751363636","25.039727273","11.288363636"
680779,"Davis, Henry","PIT",2024,2024,"All",-0.11252979301515528,171,0,0,0,0,0,0,0,0,-1.813488994053397,0.555928901767831,"10.093035294","14.072435294","3.9794",,,
545121,"Vargas, Ildemaro","WSH",2024,2024,"All",-0.19752189507029577,406,0.014778325123152709,4,2,0,0,0,4,2,-0.41546117525704473,-0.25428813337530365,"13.388960526","17.394731579","4.005771053","13.897166667","24.185333333","10.288166667"
518595,"d'Arnaud, Travis","ATL",2024,2024,"All",-0.008564797624057117,361,0.002770083102493075,1,0,0,0,0,1,0,-2.621378810275706,1.146024365402409,"10.777955307","14.235284916","3.457329609","11.328","31.978","20.65"
578428,"Iglesias, Jose","NYM",2024,2024,"All",-0.32363775860673166,597,0.011725293132328308,5,2,0,0,0,5,2,-1.627843245168812,0.004290867615624361,"10.898956522","14.123622609","3.224666087","12.248571429","25.069857143","12.821285714"
663886,"Stephenson, Tyler","CIN",2024,2024,"All",-0.8376002044062896,810,0,0,0,0,0,0,0,0,-11.086133684178781,3.0658367387321475,"10.378503778","15.297806045","4.919302267",,,
519203,"Rizzo, Anthony","NYY",2024,2024,"All",-0.3342077549708748,590,0,0,0,0,0,0,0,0,-6.991598371010531,2.3646931538471803,"10.127012027","13.232584192","3.105572165",,,
527038,"Flores, Wilmer","SF",2024,2024,"All",-0.23015988690338332,281,0,0,0,0,0,0,0,0,-2.9271984028749314,0.789510652603562,"11.79231769","13.997483755","2.205166065",,,
642708,"Rosario, Amed","CIN",2024,2024,"All",-0.396848233570582,622,0.02090032154340836,9,4,0,1,0,10,4,2.9993109460737406,-2.2149120506340667,"11.725755172","15.508912069","3.783156897","11.510307692","22.598461538","11.088153846"
668832,"McCann, Kyle","ATH",2024,2024,"All",-0.2773984448550257,182,0,0,0,0,0,0,0,0,-2.5779968644246978,0.5293353956220327,"12.733104396","15.730895604","2.997791209",,,
677588,"Tena, José","WSH",2024,2024,"All",0.035529020984003776,179,0.0223463687150838,3,1,0,0,0,3,1,1.0209749494927827,-0.37481326425456335,"12.518","16.431676829","3.913676829","11.15225","19.772","8.61975"
701538,"Merrill, Jackson","SD",2024,2024,"All",0.48825454551243297,846,0.013002364066193853,10,1,1,0,0,10,2,0.16616941828649243,1.0111570263447391,"12.17067013","16.399242857","4.228572727","11.653090909","21.771272727","10.118181818"
608070,"Ramírez, José","CLE",2024,2024,"All",3.8585533455129113,799,0.04380475594493116,31,4,0,0,0,31,4,23.370005653529763,-1.8121061893178707,"12.409482947","17.528377899","5.118894952","12.673228571","23.3972","10.723971429"
664728,"Isbel, Kyle","KC",2024,2024,"All",-1.2204618188864629,443,0.022573363431151242,7,3,2,0,0,7,5,1.700044562911664,-3.4677127365973206,"13.032224691","16.758597531","3.72637284","12.0948","22.1067","10.0119"
665489,"Guerrero Jr., Vladimir","TOR",2024,2024,"All",-2.4680570418101597,1015,0.0019704433497536944,0,2,1,0,0,0,3,-12.90884674665175,0.2526940167115347,"11.336158586","14.990770707","3.654612121","12.4265","18.8295","6.403"
682928,"Abrams, CJ","WSH",2024,2024,"All",2.5304487188633145,799,0.04005006257822278,27,5,1,2,0,29,6,20.111958300411438,-3.315428758264386,"12.601246518","16.394806407","3.793559889","13.14321875","24.3844375","11.24121875"
628451,"Ibáñez, Andy","DET",2024,2024,"All",-1.3327250620746351,384,0.013020833333333334,2,3,0,0,0,2,3,-2.963427858037232,-1.6445322010381993,"12.300393352","15.966880886","3.666487535","11.8062","21.4502","9.644"
672761,"Pérez, Wenceel","DET",2024,2024,"All",-1.1120969508356549,466,0.023605150214592276,7,4,1,1,0,8,5,2.430096155751819,-3.5513692933022853,"12.024551069","15.205900238","3.181349169","11.7407","21.4812","9.7405"
682641,"Matos, Luis","SF",2024,2024,"All",-0.1379776469692512,181,0,0,0,0,0,0,0,0,-2.0463567754723355,0.6028749069449271,"11.526267442","14.508104651","2.981837209",,,
689172,"Wisely, Brett","SF",2024,2024,"All",-0.8624474101099349,375,0.008,2,1,1,0,0,2,2,-3.0568521323444355,-0.5579488525356602,"11.60802029","16.53886087","4.93084058","10.973","23.535666667","12.562666667"
592178,"Bryant, Kris","COL",2024,2024,"All",-0.12145343168035802,237,0,0,0,0,0,0,0,0,-2.6857097639804657,0.9237522691460782,"11.608815451","14.577347639","2.968532189",,,
596103,"Slater, Austin","BAL",2024,2024,"All",-0.8228853941573708,433,0.011547344110854504,3,2,1,1,0,4,3,-0.639615848148627,-1.5443604989503223,"12.324190244","15.381068293","3.056878049","12.0568","22.8136","10.7568"
663624,"Mountcastle, Ryan","BAL",2024,2024,"All",0.1426079060171237,591,0.005076142131979695,3,0,0,0,0,3,0,-3.536491219083196,1.8886803329639177,"11.012788562","14.266155979","3.253367418","9.682333333","21.358","11.675666667"
646240,"Devers, Rafael","BOS",2024,2024,"All",-0.36555306357064704,788,0.0025380710659898475,2,0,0,0,0,2,0,-8.582313693671718,3.0020215003637687,"9.668912874","12.890392718","3.221479844","10.4135","25.616","15.2025"
666152,"Hamilton, David","BOS",2024,2024,"All",4.46315139881939,421,0.08076009501187649,31,3,0,0,0,31,3,26.15936965057181,-1.7082722917666102,"13.259375691","18.483477901","5.22410221","13.110882353","25.101294118","11.990411765"
663743,"Fortes, Nick","MIA",2024,2024,"All",-0.3327419310539749,324,0,0,0,0,0,0,0,0,-3.6925208719442564,0.9016938740775032,"11.063799363","14.041452229","2.977652866",,,
656582,"Joe, Connor","PIT",2024,2024,"All",-0.8869399828074876,546,0.0018315018315018315,0,1,0,1,0,1,1,-6.106201771508247,0.7428897144314681,"12.273038986","16.114452242","3.841413255","10.829","21.136","10.307"
686780,"Pagés, Pedro","STL",2024,2024,"All",0.12605814765116313,272,0.007352941176470588,2,0,0,0,0,2,0,-1.5826923721603512,0.9835480490738534,"10.993310861","15.352902622","4.35959176","11.406","31.164","19.758"
621466,"Stewart, DJ","NYM",2024,2024,"All",-0.23311192759265398,226,0,0,0,0,0,0,0,0,-3.917636928807678,1.223145462597515,"11.466873874","15.818981982","4.352108108",,,
677942,"Alexander, Blaze","AZ",2024,2024,"All",-0.09356521535739795,337,0.011869436201780416,3,1,0,0,0,3,1,-0.4437448340328758,-0.010702774557383624,"12.219066246","15.585157729","3.366091483","12.527","24.39075","11.86375"
665487,"Tatis Jr., Fernando","SD",2024,2024,"All",0.4347266257696793,653,0.015313935681470138,8,2,0,0,0,8,2,0.5109269579485265,0.738980520399943,"10.776114671","14.826482293","4.050367622","11.9636","23.6839","11.7203"
687401,"Ortiz, Joey","MIL",2024,2024,"All",-1.3419489529391395,748,0.013368983957219251,6,4,0,0,0,6,4,-2.115037796925988,-2.0420919856754294,"13.097797654","15.944869501","2.847071848","12.9437","22.0315","9.0878"
664770,"Lukes, Nathan","TOR",2024,2024,"All",0.06485199305594827,202,0.0049504950495049506,1,0,0,0,0,1,0,-0.6047245635569444,0.41288201281630477,"12.190654255","14.433324468","2.242670213","10.832","21.158","10.326"
668804,"Reynolds, Bryan","PIT",2024,2024,"All",-0.21126400723417288,1050,0.005714285714285714,5,1,0,1,0,6,1,-6.78475316391121,2.5459702789957097,"11.292719124","14.449129482","3.156410359","10.091333333","21.279833333","11.1885"
605113,"Ahmed, Nick","SD",2024,2024,"All",0.2786896578823193,309,0.006472491909385114,2,0,0,0,0,2,0,-1.5862756093112949,1.3243217327657293,"10.672278523","15.111583893","4.439305369","14.421","34.2335","19.8125"
681481,"Carpenter, Kerry","DET",2024,2024,"All",-1.214742110657871,461,0.004338394793926247,0,2,0,0,0,0,2,-5.172925450684478,-0.40034893449104986,"11.405178571","14.395522321","2.99034375","11.464","20.351","8.887"
676609,"Caballero, José","TB",2024,2024,"All",-0.4285544814932938,723,0.07192254495159059,39,13,4,0,0,39,17,30.972034605528727,-14.71769200577566,"12.846699029","16.640343042","3.793644013","13.71928","24.26294","10.54366"
650490,"Díaz, Yandy","TB",2024,2024,"All",-1.0116144587628788,1194,0,0,0,0,1,0,1,0,-14.441506983678563,4.170415417717408,"9.558521851","13.570928877","4.012407027",,,
680777,"Jeffers, Ryan","MIN",2024,2024,"All",-0.0714943367424554,550,0.0018181818181818182,1,0,0,1,0,2,0,-3.7858863597559673,1.5237398560194182,"11.436282243","15.251570093","3.81528785","9.173","31.253","22.08"
672820,"Sosa, Lenyn","CWS",2024,2024,"All",-0.12922154215532383,360,0.008333333333333333,3,0,1,0,0,3,1,-1.453527941107443,0.35885343570258954,"11.610434783","16.144043478","4.533608696","12.178666667","22.574666667","10.396"
686469,"Pasquantino, Vinnie","KC",2024,2024,"All",-0.6274079703109933,635,0,0,0,0,0,0,0,0,-7.955476742444903,2.1415275070621935,"11.949625","13.837887987","1.888262987",,,
665877,"Fermín, José","STL",2024,2024,"All",-0.3152305553228981,170,0.01764705882352941,2,1,0,0,0,2,1,-0.7823988058257487,-0.35277954257277383,"12.701857143","15.413272109","2.711414966","15.244666667","31.269333333","16.024666667"
680718,"Barger, Addison","TOR",2024,2024,"All",0.16338501143445702,235,0.00851063829787234,2,0,0,0,0,2,0,-0.9949413585190611,0.8052739625294876,"11.155889868","14.623453744","3.467563877","11.4455","20.031","8.5855"
686797,"Lee, Brooks","MIN",2024,2024,"All",-0.03215256208761913,285,0.0035087719298245615,1,0,0,0,0,1,0,-2.462973140626279,1.0232045911947505,"11.079246377","14.237061594","3.157815217","11.368","22.833","11.465"
516782,"Marte, Starling","NYM",2024,2024,"All",3.0008293255456238,530,0.03018867924528302,16,0,0,0,0,16,0,10.771368548950232,1.881234701679063,"12.619320833","16.30296875","3.683647917","11.282066667","21.828266667","10.5462"
672275,"Bailey, Patrick","SF",2024,2024,"All",0.013637963976159934,602,0.006644518272425249,4,0,0,0,0,4,0,-4.834996019591333,2.179193706432059,"9.591271605","14.950414462","5.359142857","11.092","30.6625","19.5705"
666158,"Lux, Gavin","LAD",2024,2024,"All",-0.6223257937293536,672,0.008928571428571428,4,2,0,0,0,4,2,-4.445125468678068,0.5926651111250241,"10.803638199","15.149357143","4.345718944","11.789333333","23.690666667","11.901333333"
642350,"Siri, Jose","TB",2024,2024,"All",-0.1415833504939418,532,0.03571428571428571,13,6,0,1,0,14,6,8.853399504368268,-4.249473891927994,"11.114547974","15.462294243","4.347746269","12.364842105","23.376315789","11.011473684"
671277,"García Jr., Luis","WSH",2024,2024,"All",1.452957088522901,776,0.02577319587628866,17,3,0,0,0,17,3,8.89642026303706,-0.7251710312989132,"12.68758209","16.796620081","4.109037992","12.193684211","26.165263158","13.971578947"
650391,"Jiménez, Eloy","BAL",2024,2024,"All",-0.08274454298704612,332,0.0030120481927710845,1,0,0,0,0,1,0,-2.7828031292122066,1.052924628567545,"11.246710769","14.906664615","3.659953846","12.596","24.011","11.415"
687462,"Horwitz, Spencer","TOR",2024,2024,"All",-0.8564605526540015,532,0,0,0,1,0,0,0,1,-5.939234497491742,0.7364141040985486,"10.814067829","13.839428295","3.025360465",,,
592669,"Renfroe, Hunter","KC",2024,2024,"All",-0.4849526519498914,485,0,0,0,0,0,0,0,0,-6.564085494288682,1.8396987709063224,"10.514059829","14.239235043","3.725175214",,,
571771,"Hernández, Enrique","LAD",2024,2024,"All",-1.4961785465531312,667,0.0014992503748125937,0,1,1,0,0,0,2,-8.27374755544917,0.35237992119267364,"12.877792779","16.97199529","4.094202512","10.073","19.731","9.658"
678662,"Tovar, Ezequiel","COL",2024,2024,"All",-0.9577538464182628,881,0.01021566401816118,6,3,1,1,0,7,4,-2.9951635406500055,-0.7971580850850157,"12.199163793","16.934554187","4.735390394","12.245777778","23.622888889","11.377111111"
656775,"Mullins, Cedric","BAL",2024,2024,"All",2.0770033223177595,697,0.043041606886657105,25,5,0,0,0,25,5,17.45061366580843,-3.1402653574309474,"12.871533937","17.144710407","4.273176471","12.546833333","22.719733333","10.1729"
669065,"Stowers, Kyle","MIA",2024,2024,"All",-0.5836702324085178,175,0.005714285714285714,0,1,0,0,0,0,1,-2.1645155401934524,-0.33503805415517135,"12.285761905","14.967678571","2.681916667","12.424","22.667","10.243"
683734,"Vaughn, Andrew","CWS",2024,2024,"All",-0.762932106912249,763,0,0,0,0,0,0,0,0,-9.59942466336381,2.571006279467806,"11.488336461","15.128536193","3.640199732",,,
605131,"Barnes, Austin","LAD",2024,2024,"All",0.33408494937280697,231,0.012987012987012988,3,0,0,0,0,3,0,0.1466746333784207,0.677222272660273,"12.058844444","15.504306667","3.445462222","11.974","27.0155","15.0415"
663837,"Vierling, Matt","DET",2024,2024,"All",-0.39925666751047434,850,0.007058823529411765,5,1,1,1,0,6,2,-4.059486975316986,0.9169793945620568,"11.892828996","15.912778191","4.019949195","11.744833333","23.4955","11.750666667"
500743,"Rojas, Miguel","LAD",2024,2024,"All",0.20592301575874447,509,0.0137524557956778,6,1,0,0,0,6,1,-0.2820344594050398,0.5829553503105608,"12.06408159","16.773115063","4.709033473","13.443428571","29.947285714","16.503857143"
687263,"Neto, Zach","LAA",2024,2024,"All",1.9836533369736187,727,0.03851444291609354,24,4,1,0,1,25,5,16.2623235991957,-2.819580850812259,"12.327673375","16.795886997","4.468213622","12.660464286","25.893214286","13.23275"
691026,"Winn, Masyn","STL",2024,2024,"All",-1.0980445450876297,976,0.014344262295081968,9,5,0,0,0,9,5,-1.6977228652912524,-1.6855554933986243,"12.752327293","16.041807475","3.289480181","14.160571429","23.797142857","9.636571429"
681807,"Fry, David","CLE",2024,2024,"All",0.15851471738405964,541,0.005545286506469501,3,0,0,0,0,3,0,-3.3102363387998057,1.8234710780978243,"11.181782946","14.838920543","3.657137597","11.687666667","27.134333333","15.446666667"
656541,"Hilliard, Sam","COL",2024,2024,"All",-0.14322795392899557,227,0.030837004405286344,5,2,0,0,0,5,2,2.0969704188636795,-1.2502711948927323,"12.045630841","16.354359813","4.308728972","11.408714286","23.995285714","12.586571429"
593428,"Bogaerts, Xander","SD",2024,2024,"All",0.6204223227693798,665,0.016541353383458645,9,2,0,1,0,10,2,1.7784136792728125,0.5883101931440381,"11.304661812","15.57537055","4.270708738","12.064454545","24.763909091","12.699454545"
666969,"García, Adolis","TEX",2024,2024,"All",-1.9921226485424541,718,0.01532033426183844,6,5,1,0,0,6,6,-1.7611283781967446,-3.6442154953402293,"10.392639824","14.188800878","3.796161054","10.223727273","20.140909091","9.917181818"
669701,"Smith, Josh","TEX",2024,2024,"All",-0.5742495242002594,857,0.008168028004667444,5,2,0,0,0,5,2,-4.789296214420565,0.852466041519678,"10.765750617","14.822591358","4.056840741","8.589","20.742857143","12.153857143"
669221,"Murphy, Sean","ATL",2024,2024,"All",-0.2671068628957951,291,0,0,0,0,0,0,0,0,-3.9304189797482167,1.1532820734529967,"10.468232394","13.472538732","3.004306338",,,
621028,"Newman, Kevin","AZ",2024,2024,"All",0.9418774531859939,481,0.010395010395010396,5,0,0,1,0,6,0,0.6539168800113482,1.8024312826304982,"11.816652361","14.439002146","2.622349785","13.7712","30.69","16.9188"
605137,"Bell, Josh","AZ",2024,2024,"All",-0.6994514411087672,812,0,0,0,0,0,0,0,0,-10.175985265607968,2.9683235822507243,"10.836722637","13.048720149","2.211997512",,,
664913,"Brown, Seth","ATH",2024,2024,"All",-0.09237530564314167,499,0.01002004008016032,4,1,0,0,0,4,1,-2.582388896424306,0.9424499414260432,"11.529514344","14.718059426","3.188545082","10.7382","21.2384","10.5002"
664023,"Happ, Ian","CHC",2024,2024,"All",1.0147736061862827,961,0.008324661810613945,8,0,0,1,0,9,0,-1.2177960211758472,2.796295134269893,"10.896846238","15.669513631","4.772667394","11.46375","24.41725","12.9535"
668930,"Turang, Brice","MIL",2024,2024,"All",6.366285519233996,1133,0.04148278905560459,43,4,0,2,1,46,4,32.62105036354045,-0.35094345216464595,"12.070929412","14.844244118","2.773314706","12.734319149","23.930957447","11.196638298"
668670,"Rogers, Jake","DET",2024,2024,"All",-0.12524156366932115,421,0.0023752969121140144,1,0,0,0,0,1,0,-3.6963799891604183,1.3645209648061387,"10.327217604","13.868513447","3.541295844","9.787","25.079","15.292"
691016,"Soderstrom, Tyler","ATH",2024,2024,"All",-0.1792379257182805,251,0,0,0,0,0,0,0,0,-2.8684255677878916,0.876549306309552,"10.337812245","14.002469388","3.664657143",,,
641645,"Guillorme, Luis","AZ",2024,2024,"All",-0.8969204013976381,244,0.012295081967213115,1,2,0,0,0,1,2,-2.2818032553659795,-0.9790216673876473,"10.620286307","14.268481328","3.648195021","10.543","18.156","7.613"
663457,"Nootbaar, Lars","STL",2024,2024,"All",-0.6643437936255702,551,0.010889292196007259,4,2,0,0,0,4,2,-3.0583532810314593,-0.11705141648728373,"10.804754286","14.13471619","3.329961905","11.0395","23.7965","12.757"
606115,"Arcia, Orlando","ATL",2024,2024,"All",-0.6048679868485355,680,0,0,0,0,0,0,0,0,-8.199773904429957,2.300192875638792,"10.914628571","14.073348872","3.158720301",,,