"id","name","swings_competitive","percent_swings_competitive","contact","avg_bat_speed","hard_swing_rate","squared_up_per_bat_contact","squared_up_per_swing","blast_per_bat_contact","blast_per_swing","swing_length","swords","batter_run_value","whiffs","whiff_per_swing","batted_ball_events","batted_ball_event_per_swing"
519317,"Stanton, Giancarlo",715,0.9154929577464789,485,"81.211223259",0.9860139860139859,0.29690721649484536,0.2013986013986014,0.27422680412371137,0.18601398601398603,"8.562615678",13,-0.2135416098332954,230,0.32167832167832167,251,0.35104895104895106
665833,"Cruz, Oneil",884,0.91701244813278,594,"78.468960894",0.7488687782805429,0.3400673400673401,0.22850678733031674,0.2441077441077441,0.16402714932126697,"7.664099864",10,-10.354805188768546,290,0.32805429864253394,307,0.34728506787330315
656941,"Schwarber, Kyle",964,0.909433962264151,691,"77.467777977",0.7759336099585062,0.3227206946454414,0.23132780082987553,0.22865412445730826,0.16390041493775934,"7.706943662",35,-6.687253948403233,273,0.28319502074688796,345,0.3578838174273859
592450,"Judge, Aaron",1027,0.9268953068592057,735,"77.035325122",0.7351509250243428,0.3346938775510204,0.2395326192794547,0.254421768707483,0.18208373904576436,"8.165337877",14,53.11881513416065,292,0.28432327166504384,347,0.33787731256085685
666176,"Adell, Jo",800,0.9090909090909091,579,"76.639287325",0.65625,0.2504317789291883,0.18125,0.15198618307426598,0.11,"7.559390563",20,-18.721201079380588,221,0.27625,262,0.3275
656305,"Chapman, Matt",994,0.906934306569343,761,"76.559741167",0.6388329979879277,0.28252299605781866,0.21629778672032193,0.18528252299605782,0.14185110663983905,"7.449533531",21,-3.8669777813814914,233,0.23440643863179075,350,0.352112676056338
670541,"Alvarez, Yordan",918,0.9161676646706587,744,"76.510391155",0.6274509803921571,0.34274193548387094,0.2777777777777778,0.22446236559139784,0.18191721132897604,"7.582337015",1,22.600174911087983,174,0.1895424836601307,407,0.4433551198257081
660271,"Ohtani, Shohei",1127,0.9074074074074074,802,"76.315503248",0.639751552795031,0.3865336658354115,0.27506654835847383,0.2581047381546135,0.1836734693877551,"7.74021071",10,35.43331508247277,325,0.2883762200532387,420,0.37267080745341613
683002,"Henderson, Gunnar",1120,0.9120521172638436,875,"76.21227025",0.6383928571428571,0.3211428571428571,0.25089285714285714,0.22742857142857142,0.17767857142857144,"7.224908759",20,-4.129772012073051,245,0.21875,430,0.38392857142857145
677594,"Rodríguez, Julio",1104,0.9146644573322287,776,"76.166854248",0.6268115942028987,0.29510309278350516,0.20742753623188406,0.20489690721649484,0.14402173913043478,"7.887960154",30,-15.443012632294387,328,0.2971014492753623,363,0.328804347826087
666624,"Morel, Christopher",959,0.9081439393939394,639,"76.062746569",0.6454640250260689,0.3004694835680751,0.20020855057351408,0.1752738654147105,0.11678832116788321,"8.015285975",24,-34.567968528952484,320,0.33368091762252344,334,0.3482794577685089
665489,"Guerrero Jr., Vladimir",1056,0.9166666666666666,847,"75.813409403",0.5700757575757576,0.3447461629279811,0.2765151515151515,0.24203069657615112,0.19412878787878787,"7.73436518",9,25.642722972850628,209,0.19791666666666666,448,0.42424242424242425
665742,"Soto, Juan",924,0.9076620825147348,749,"75.415372532",0.58982683982684,0.3925233644859813,0.3181818181818182,0.253671562082777,0.20562770562770563,"7.284900812",28,14.860375310715748,175,0.1893939393939394,409,0.44264069264069267
624585,"Soler, Jorge",887,0.9144329896907216,650,"75.373565614",0.5625704622322434,0.29384615384615387,0.2153325817361894,0.15692307692307692,0.11499436302142052,"7.932661759",12,-8.66606126136213,237,0.26719278466741825,316,0.35625704622322435
592669,"Renfroe, Hunter",633,0.9160636758321273,497,"75.216051327",0.5260663507109005,0.2977867203219316,0.23380726698262244,0.15694164989939638,0.12322274881516587,"7.619718894",8,-9.813136836783748,136,0.21484992101105846,276,0.43601895734597157
663586,"Riley, Austin",756,0.9086538461538461,565,"75.202769563",0.5343915343915346,0.3292035398230089,0.24603174603174602,0.20176991150442478,0.15079365079365079,"7.508737817",24,-3.9724049149563267,191,0.2526455026455027,266,0.35185185185185186
624413,"Alonso, Pete",996,0.9029918404351768,765,"75.197267339",0.5160642570281126,0.29673202614379085,0.22791164658634538,0.18562091503267975,0.142570281124498,"7.316028343",19,-11.545061119149949,231,0.2319277108433735,388,0.3895582329317269
641933,"O'Neill, Tyler",737,0.9110012360939431,484,"75.185459539",0.5156037991858887,0.2809917355371901,0.18453188602442333,0.1797520661157025,0.11804613297150611,"7.59324844",11,3.053748740201205,253,0.34328358208955223,210,0.28493894165535955
592518,"Machado, Manny",1039,0.9098073555166375,816,"75.178306237",0.5226179018286812,0.31862745098039214,0.2502406159769009,0.20710784313725492,0.16265640038498555,"7.776859192",23,-3.9743017808913255,223,0.21462945139557266,421,0.4051973051010587
671218,"Ramos, Heliot",881,0.9139004149377593,660,"75.155081135",0.547105561861521,0.29848484848484846,0.22360953461975028,0.18333333333333332,0.1373439273552781,"6.925551339",28,-8.243916888639722,221,0.2508513053348468,321,0.36435868331441545
660821,"Sánchez, Jesús",894,0.9085365853658537,617,"75.129818859",0.5425055928411633,0.3225283630470016,0.2225950782997763,0.1912479740680713,0.1319910514541387,"7.143646387",13,-17.219412660365702,277,0.3098434004474273,303,0.3389261744966443
682829,"De La Cruz, Elly",1005,0.916970802919708,696,"75.042944836",0.5303482587064675,0.3175287356321839,0.21990049751243781,0.1896551724137931,0.13134328358208955,"7.273261134",31,1.7328710007675303,309,0.3074626865671642,352,0.3502487562189055
663624,"Mountcastle, Ryan",905,0.916919959473151,695,"75.009483293",0.5005524861878454,0.2762589928057554,0.2121546961325967,0.16115107913669063,0.12375690607734807,"7.483403768",14,-10.261863932585552,210,0.23204419889502761,319,0.3524861878453039
572233,"Walker, Christian",923,0.9075712881022615,711,"74.971996111",0.5232936078006499,0.2616033755274262,0.20151679306608883,0.1589310829817159,0.12242686890574214,"7.543396956",32,-13.53861967372208,212,0.2296858071505959,304,0.3293607800650054
670042,"Raley, Luke",758,0.9077844311377246,514,"74.909852018",0.503957783641161,0.26848249027237353,0.1820580474934037,0.16731517509727625,0.11345646437994723,"7.248046979",16,-4.918000078743024,244,0.32189973614775724,237,0.31266490765171506
671739,"Harris II, Michael",761,0.905952380952381,584,"74.719573377",0.47963206307490147,0.3065068493150685,0.2352168199737188,0.1952054794520548,0.1498028909329829,"8.060931905",11,-8.523556789890485,177,0.2325886990801577,300,0.39421813403416556
665487,"Tatis Jr., Fernando",637,0.9048295454545454,479,"74.696299294",0.4772370486656201,0.3736951983298539,0.28100470957613816,0.2254697286012526,0.1695447409733124,"7.329643108",29,-7.082384379117456,158,0.24803767660910517,253,0.39717425431711145
661388,"Contreras, William",1093,0.9093178036605657,816,"74.640264593",0.5022872827081427,0.3492647058823529,0.2607502287282708,0.20833333333333334,0.1555352241537054,"7.340145718",24,-3.9912133307863478,277,0.25343092406221407,420,0.38426349496797807
682985,"Greene, Riley",895,0.9132653061224489,663,"74.639304749",0.4547486033519553,0.30618401206636503,0.22681564245810057,0.1689291101055807,0.12513966480446928,"7.199865631",7,-7.279943049948882,232,0.25921787709497207,308,0.34413407821229053
669394,"Burger, Jake",935,0.9086491739552964,669,"74.636196439",0.4663101604278073,0.3333333333333333,0.23850267379679144,0.20029895366218237,0.14331550802139037,"7.483034086",17,0.06712376177301271,266,0.28449197860962566,343,0.36684491978609624
677951,"Witt Jr., Bobby",1116,0.9147540983606557,878,"74.623755645",0.48028673835125446,0.34851936218678814,0.27419354838709675,0.20273348519362186,0.15949820788530467,"7.09280828",16,20.043966802862077,238,0.2132616487455197,470,0.4211469534050179
677800,"Abreu, Wilyer",760,0.9123649459783914,560,"74.520288816",0.44342105263157894,0.30714285714285716,0.22631578947368422,0.15892857142857142,0.11710526315789474,"7.395442289",17,-10.074475631137895,200,0.2631578947368421,264,0.3473684210526316
673357,"Robert Jr., Luis",720,0.9090909090909091,484,"74.476846597",0.47222222222222215,0.2809917355371901,0.18888888888888888,0.15495867768595042,0.10416666666666667,"7.740154944",12,-12.403813987352512,236,0.3277777777777778,234,0.325
663728,"Raleigh, Cal",1121,0.9113821138211382,795,"74.45982248",0.44781445138269393,0.28176100628930817,0.19982158786797502,0.15723270440251572,0.11150758251561106,"7.756375201",15,-18.101297176738555,326,0.29081177520071366,338,0.3015165031222123
694671,"Langford, Wyatt",825,0.9095920617420066,635,"74.431948521",0.4787878787878789,0.31496062992125984,0.24242424242424243,0.1826771653543307,0.1406060606060606,"6.997715455",8,-15.582568409819677,190,0.23030303030303031,342,0.41454545454545455
621439,"Buxton, Byron",660,0.9078404401650619,461,"74.299297106",0.4166666666666667,0.31453362255965295,0.2196969696969697,0.16702819956616052,0.11666666666666667,"8.075409091",12,1.5096767806700488,199,0.3015151515151515,221,0.33484848484848484
669127,"Langeliers, Shea",854,0.9163090128755365,621,"74.128914368",0.41920374707259944,0.3252818035426731,0.23653395784543327,0.17713365539452497,0.1288056206088993,"7.275837904",7,-6.657480341463045,233,0.2728337236533958,311,0.36416861826697894
671732,"Butler, Lawrence",733,0.91625,544,"74.094337858",0.43110504774897684,0.3235294117647059,0.24010914051841747,0.17463235294117646,0.1296043656207367,"7.067915389",12,-0.5439996765518994,189,0.2578444747612551,275,0.37517053206002726
624424,"Conforto, Michael",730,0.9159347553324969,561,"74.030700178",0.4246575342465754,0.32798573975044565,0.25205479452054796,0.17290552584670232,0.13287671232876713,"7.371506",5,-14.159059966728591,169,0.23150684931506849,288,0.39452054794520547
547180,"Harper, Bryce",1103,0.91232423490488,829,"73.963975539",0.40707162284678144,0.27864897466827504,0.20942883046237534,0.17249698431845598,0.12964641885766093,"7.283892811",13,-6.795741398707194,274,0.2484134179510426,359,0.3254759746146872
542303,"Ozuna, Marcell",1135,0.912379421221865,781,"73.938610969",0.42114537444933914,0.3393085787451985,0.23348017621145375,0.2023047375160051,0.13920704845814977,"7.39035607",4,9.643424769805172,354,0.3118942731277533,381,0.3356828193832599
621566,"Olson, Matt",1242,0.9125642909625276,914,"73.7839407",0.38647342995169087,0.2636761487964989,0.19404186795491143,0.15098468271334792,0.1111111111111111,"7.350085741",11,-22.752836971091924,328,0.2640901771336554,372,0.2995169082125604
682998,"Carroll, Corbin",912,0.9138276553106213,724,"73.685555022",0.3684210526315789,0.34806629834254144,0.27631578947368424,0.18370165745856354,0.14583333333333334,"7.020756667",5,-17.091269184076722,188,0.20614035087719298,414,0.45394736842105265
681297,"Cowser, Colton",911,0.9155778894472362,665,"73.657196081",0.3995609220636663,0.3082706766917293,0.22502744237102085,0.16842105263157894,0.12294182217343579,"6.928821164",23,-7.229997641301605,246,0.270032930845225,310,0.3402854006586169
662139,"Varsho, Daulton",822,0.9102990033222591,608,"73.637052165",0.34306569343065696,0.24013157894736842,0.17761557177615572,0.11019736842105263,0.08150851581508516,"7.626683041",6,-22.266686209237726,214,0.26034063260340634,280,0.340632603406326
667670,"Rooker, Brent",1019,0.9163669064748201,703,"73.623990226",0.3680078508341511,0.32574679943101,0.22473012757605496,0.17923186344238975,0.12365063788027478,"7.078614289",29,14.148878990716788,316,0.310107948969578,347,0.34052993130520115
606466,"Marte, Ketel",857,0.9146211312700107,685,"73.612437713",0.4025670945157527,0.381021897810219,0.3045507584597433,0.20437956204379562,0.1633605600933489,"7.62897203",6,-3.575650330622372,172,0.20070011668611434,349,0.4072345390898483
642715,"Adames, Willy",1188,0.908256880733945,863,"73.573804209",0.3316498316498316,0.29200463499420626,0.21212121212121213,0.1332560834298957,0.0968013468013468,"8.10669915",9,-7.707601950087487,325,0.2735690235690236,405,0.3409090909090909
679529,"Torkelson, Spencer",606,0.9126506024096386,460,"73.563452657",0.30033003300330036,0.2673913043478261,0.20297029702970298,0.12608695652173912,0.09570957095709572,"7.53055599",10,-17.296229352775587,146,0.24092409240924093,205,0.33828382838283827
680776,"Duran, Jarren",1146,0.9175340272217775,884,"73.551151562",0.3595113438045376,0.2986425339366516,0.23036649214659685,0.1753393665158371,0.13525305410122165,"7.553401117",21,8.193572320395772,262,0.2286212914485166,448,0.39092495636998253
687401,"Ortiz, Joey",722,0.907035175879397,614,"73.431140609",0.35180055401662047,0.2703583061889251,0.2299168975069252,0.1270358306188925,0.10803324099722991,"7.528177784",8,-7.506811762610642,108,0.14958448753462603,311,0.4307479224376731
664040,"Lowe, Brandon",773,0.904093567251462,547,"73.404091759",0.35834411384217324,0.3053016453382084,0.21604139715394566,0.17184643510054845,0.12160413971539456,"7.120942587",27,-6.409047291155972,226,0.2923673997412678,253,0.32729624838292365
663993,"Lowe, Nathaniel",903,0.905717151454363,736,"73.312846667",0.2934662236987818,0.2826086956521739,0.23034330011074197,0.15217391304347827,0.12403100775193798,"7.269485692",23,-14.400047994541044,167,0.1849390919158361,348,0.3853820598006645
592626,"Pederson, Joc",666,0.9098360655737705,511,"73.306185225",0.3693693693693695,0.2876712328767123,0.22072072072072071,0.15655577299412915,0.12012012012012012,"7.691153093",10,1.6525132261524134,155,0.23273273273273273,224,0.33633633633633636
666139,"Lowe, Josh",765,0.9053254437869822,522,"73.29749417",0.32679738562091504,0.28160919540229884,0.19215686274509805,0.13409961685823754,0.0915032679738562,"7.15005617",9,-10.98507106458669,243,0.3176470588235294,214,0.2797385620915033
664913,"Brown, Seth",690,0.9175531914893617,502,"73.252040594",0.27971014492753626,0.3107569721115538,0.22608695652173913,0.14342629482071714,0.10434782608695652,"7.199362957",14,-16.693847276948325,188,0.27246376811594203,231,0.3347826086956522
607043,"Nimmo, Brandon",1052,0.9147826086956522,823,"73.227823317",0.3469581749049431,0.3086269744835966,0.2414448669201521,0.1543134872417983,0.12072243346007605,"7.28890193",15,-23.68416496934612,229,0.217680608365019,376,0.3574144486692015
521692,"Perez, Salvador",1142,0.9041963578780681,847,"73.221512207",0.33362521891418556,0.3364817001180638,0.24956217162872155,0.17591499409681227,0.13047285464098074,"7.930983774",15,-11.871225563127032,295,0.2583187390542907,420,0.36777583187390545
606192,"Hernández, Teoscar",1110,0.9083469721767594,745,"73.203151324",0.31621621621621604,0.2953020134228188,0.1981981981981982,0.18523489932885906,0.12432432432432433,"7.758892153",29,-3.183512338920895,365,0.32882882882882886,349,0.3144144144144144
650490,"Díaz, Yandy",908,0.9144008056394763,792,"73.200329504",0.34140969162995594,0.3648989898989899,0.31828193832599116,0.21843434343434343,0.1905286343612335,"7.515547885",2,-18.663250758158433,116,0.1277533039647577,417,0.4592511013215859
592663,"Realmuto, J.T.",653,0.9132867132867133,496,"73.136492083",0.35528330781010725,0.29838709677419356,0.22664624808575803,0.16532258064516128,0.12557427258805512,"7.642731608",8,-4.15558092959046,157,0.24042879019908117,240,0.3675344563552833
669911,"Toglia, Michael",754,0.9128329297820823,508,"73.130195676",0.2917771883289124,0.3188976377952756,0.21485411140583555,0.18503937007874016,0.1246684350132626,"7.534997493",21,-11.405657578150704,246,0.32625994694960214,235,0.3116710875331565
623993,"Santander, Anthony",1179,0.9076212471131639,950,"73.123204699",0.3375742154368108,0.2768421052631579,0.22307039864291772,0.13894736842105262,0.11195928753180662,"7.246136353",5,-1.2093727945276354,229,0.19423240033927056,424,0.359626802374894
666160,"Moniak, Mickey",757,0.9098557692307693,543,"73.103547543",0.28401585204755614,0.285451197053407,0.2047556142668428,0.13075506445672191,0.09379128137384413,"7.687874016",10,-15.086770822496645,214,0.28269484808454426,259,0.34214002642007924
694192,"Chourio, Jackson",868,0.9136842105263158,655,"73.069005645",0.33640552995391704,0.3435114503816794,0.25921658986175117,0.17404580152671756,0.1313364055299539,"7.371332753",22,-8.13748032422594,213,0.24539170506912442,354,0.4078341013824885
681624,"Pages, Andy",769,0.9068396226415094,578,"73.009817256",0.27568270481144336,0.2837370242214533,0.21326397919375814,0.14013840830449828,0.10533159947984395,"7.731491886",11,-16.312640008795583,191,0.2483745123537061,271,0.35240572171651496
664238,"Moore, Dylan",665,0.9122085048010974,513,"72.956253519",0.27518796992481204,0.26705653021442494,0.20601503759398496,0.10721247563352826,0.08270676691729323,"7.120481774",16,-22.936786826782843,152,0.22857142857142856,230,0.3458646616541353
669357,"Gorman, Nolan",649,0.9245014245014245,425,"72.950285686",0.29429892141756553,0.25882352941176473,0.1694915254237288,0.1388235294117647,0.09090909090909091,"7.515333128",16,-13.948053711212172,224,0.34514637904468415,190,0.29275808936825887
673548,"Suzuki, Seiya",857,0.9068783068783068,658,"72.905923536",0.34772462077012833,0.33282674772036475,0.2555425904317386,0.17933130699088146,0.13768961493582263,"7.19250063",17,12.324590878001725,199,0.2322053675612602,327,0.38156359393232203
502110,"Martinez, J.D.",850,0.9100642398286938,596,"72.866653424",0.2823529411764706,0.28523489932885904,0.2,0.14093959731543623,0.0988235294117647,"8.418461282",29,-20.146473114021976,254,0.2988235294117647,256,0.30117647058823527
647304,"Naylor, Josh",990,0.908256880733945,794,"72.829121242",0.3252525252525253,0.34005037783375314,0.2727272727272727,0.15869017632241814,0.12727272727272726,"7.636903101",11,-11.968391051814624,196,0.19797979797979798,412,0.4161616161616162
680777,"Jeffers, Ryan",756,0.9064748201438849,596,"72.796798598",0.3386243386243386,0.27181208053691275,0.21428571428571427,0.1325503355704698,0.10449735449735449,"7.463647698",23,-2.676083491255887,160,0.21164021164021163,298,0.3941798941798942
571745,"Haniger, Mitch",651,0.909217877094972,452,"72.795430998",0.25806451612903236,0.3473451327433628,0.2411674347158218,0.16371681415929204,0.11367127496159754,"7.093631444",22,-26.874205874350732,199,0.30568356374807987,233,0.3579109062980031
669004,"Melendez, MJ",847,0.9127155172413793,604,"72.773126375",0.3258559622195986,0.29635761589403975,0.21133412042502953,0.15066225165562913,0.10743801652892562,"7.66303327",14,-33.22445706022411,243,0.28689492325855964,265,0.31286894923258557
668227,"Arozarena, Randy",966,0.9019607843137255,706,"72.720274337",0.33333333333333326,0.3286118980169972,0.2401656314699793,0.15864022662889518,0.11594202898550725,"7.382819979",15,-12.864211731103866,260,0.2691511387163561,347,0.35921325051759834
457705,"McCutchen, Andrew",775,0.9096244131455399,577,"72.654720335",0.2503225806451613,0.3119584055459272,0.23225806451612904,0.14558058925476602,0.10838709677419354,"7.602969148",11,-9.998823371541455,198,0.25548387096774194,295,0.38064516129032255
665161,"Peña, Jeremy",1028,0.9089301503094607,776,"72.620449883",0.22470817120622574,0.33762886597938147,0.25486381322957197,0.14948453608247422,0.11284046692607004,"7.635290282",13,-23.104370850938757,252,0.245136186770428,435,0.42315175097276264
672284,"Kelenic, Jarred",735,0.9107806691449815,497,"72.619184122",0.24625850340136055,0.34808853118712274,0.23537414965986395,0.16297786720321933,0.11020408163265306,"7.306488558",18,-16.697071238940914,238,0.3238095238095238,246,0.3346938775510204
657757,"Sheets, Gavin",844,0.9065520945220193,675,"72.609073116",0.2950236966824644,0.28,0.22393364928909953,0.1259259259259259,0.10071090047393365,"7.565983827",27,-25.667776001719727,169,0.20023696682464456,322,0.3815165876777251
502054,"Pham, Tommy",702,0.9200524246395806,554,"72.559795299",0.2150997150997151,0.3664259927797834,0.28917378917378916,0.17870036101083034,0.14102564102564102,"6.873080228",14,-11.327167129800143,148,0.21082621082621084,307,0.4373219373219373
673237,"Diaz, Yainer",1051,0.9068162208800691,810,"72.53207981",0.23596574690770694,0.34444444444444444,0.2654614652711703,0.17160493827160495,0.13225499524262607,"7.413811893",17,-8.15071217594833,241,0.22930542340627974,427,0.40627973358705993
646240,"Devers, Rafael",1018,0.9105545617173524,726,"72.464170373",0.27701375245579557,0.32644628099173556,0.23280943025540274,0.19146005509641872,0.13654223968565815,"7.43965945",24,-5.932512332077387,292,0.2868369351669941,334,0.3280943025540275
641857,"McMahon, Ryan",1077,0.9103972950126796,770,"72.457978338",0.26090993500464243,0.312987012987013,0.22376973073351902,0.16233766233766234,0.11606313834726091,"7.202363203",28,-28.834911807213594,307,0.2850510677808728,338,0.3138347260909935
642350,"Siri, Jose",740,0.9024390243902439,455,"72.441154473",0.2716216216216216,0.2725274725274725,0.16756756756756758,0.14945054945054945,0.0918918918918919,"7.84316223",20,-15.656003599614978,285,0.38513513513513514,206,0.27837837837837837
502671,"Goldschmidt, Paul",1120,0.9157808667211774,831,"72.419823688",0.2410714285714286,0.3333333333333333,0.24732142857142858,0.17809867629362214,0.13214285714285715,"7.74820333",10,-11.575139522110305,289,0.2580357142857143,389,0.34732142857142856
596019,"Lindor, Francisco",1122,0.9144254278728606,860,"72.407116604",0.23529411764705882,0.37209302325581395,0.28520499108734404,0.1813953488372093,0.13903743315508021,"7.564095348",13,-7.614458506942224,262,0.23351158645276293,440,0.39215686274509803
669224,"Wells, Austin",688,0.9064558629776021,511,"72.404004535",0.2165697674418605,0.3131115459882583,0.23255813953488372,0.162426614481409,0.12063953488372094,"7.406674811",11,-16.718461927389168,177,0.25726744186046513,244,0.3546511627906977
664023,"Happ, Ian",1074,0.907861369399831,785,"72.331991527",0.2364990689013035,0.3184713375796178,0.23277467411545624,0.15159235668789808,0.11080074487895716,"6.956279646",18,-25.6408388034026,289,0.26908752327746743,359,0.33426443202979517
656811,"O'Hearn, Ryan",790,0.9186046511627907,661,"72.324297089",0.24177215189873413,0.3373676248108926,0.28227848101265823,0.14826021180030258,0.1240506329113924,"7.135771481",6,-11.076379116054111,129,0.16329113924050634,345,0.43670886075949367
516782,"Marte, Starling",580,0.9133858267716536,414,"72.304064034",0.253448275862069,0.33816425120772947,0.2413793103448276,0.17632850241545894,0.12586206896551724,"7.283141069",11,-12.141353900502057,166,0.28620689655172415,218,0.3758620689655172
608369,"Seager, Corey",831,0.9151982378854625,651,"72.203949844",0.2057761732851985,0.33640552995391704,0.26353790613718414,0.19508448540706605,0.15282791817087846,"6.63734296",14,-3.180534574842932,180,0.21660649819494585,323,0.38868832731648617
664761,"Bohm, Alec",897,0.9115853658536586,745,"72.190679777",0.21516164994425863,0.38926174496644295,0.3232998885172798,0.18523489932885906,0.15384615384615385,"7.383886466",9,-4.9777915089369245,152,0.16945373467112598,416,0.463768115942029
682928,"Abrams, CJ",1030,0.9066901408450704,798,"72.18104768",0.23786407766990292,0.3182957393483709,0.24660194174757283,0.13408521303258145,0.10388349514563107,"7.506258204",32,-18.1879183957424,232,0.22524271844660193,381,0.3699029126213592
553993,"Suárez, Eugenio",1031,0.9075704225352113,745,"72.152423094",0.2133850630455868,0.30604026845637583,0.22114451988360814,0.14899328859060404,0.10766246362754607,"7.783109825",34,-2.9537575825472473,286,0.27740058195926287,353,0.34238603297769155
701538,"Merrill, Jackson",1043,0.9125109361329834,847,"72.116688111",0.2138063279002876,0.30460448642266824,0.2473633748801534,0.1487603305785124,0.12080536912751678,"7.526563787",27,1.1255810640261843,196,0.18791946308724833,385,0.3691275167785235
657557,"DeJong, Paul",940,0.912621359223301,636,"72.015809457",0.15425531914893617,0.2688679245283019,0.1819148936170213,0.11949685534591195,0.08085106382978724,"6.902501383",11,-19.950049794475294,304,0.32340425531914896,275,0.2925531914893617
666181,"Benson, Will",659,0.9127423822714681,414,"71.983333839",0.20485584218512898,0.2584541062801932,0.16236722306525037,0.10628019323671498,0.06676783004552352,"7.867711168",17,-21.79497689595385,245,0.37177541729893776,163,0.2473444613050076
657136,"Wong, Connor",827,0.9087912087912088,597,"71.96994971",0.17412333736396615,0.2931323283082077,0.21160822249093109,0.1306532663316583,0.094316807738815,"7.342339988",11,-4.7933530331454826,230,0.2781136638452237,294,0.3555018137847642
543807,"Springer, George",953,0.9041745730550285,732,"71.855944397",0.2224554039874082,0.33060109289617484,0.2539349422875131,0.15163934426229508,0.11647429171038824,"7.430281857",24,-25.43945509630343,221,0.23189926547743966,368,0.3861490031479538
641487,"Crawford, J.P.",658,0.9138888888888889,529,"71.833243419",0.22948328267477203,0.29111531190926276,0.23404255319148937,0.12098298676748583,0.0972644376899696,"7.26414535",5,-28.3048175166443,129,0.196048632218845,253,0.3844984802431611
666969,"García, Adolis",1120,0.9127954360228199,757,"71.829999464",0.22589285714285717,0.332892998678996,0.225,0.16380449141347425,0.11071428571428571,"7.845196821",14,-39.52220306357641,363,0.32410714285714287,360,0.32142857142857145
592206,"Castellanos, Nick",1152,0.9085173501577287,817,"71.827896267",0.22656249999999997,0.3317013463892289,0.23524305555555555,0.12607099143206854,0.08940972222222222,"7.577894523",12,-17.232846880550582,335,0.2907986111111111,417,0.3619791666666667
668901,"Vientos, Mark",762,0.910394265232975,512,"71.819710827",0.20603674540682418,0.353515625,0.23753280839895013,0.1875,0.12598425196850394,"7.572299567",18,4.376172821829704,250,0.32808398950131235,252,0.33070866141732286
665862,"Chisholm Jr., Jazz",938,0.9214145383104125,658,"71.814437687",0.22921108742004256,0.32370820668693007,0.22707889125799574,0.1474164133738602,0.10341151385927505,"7.490372793",11,-18.00860216649448,280,0.29850746268656714,318,0.3390191897654584
669016,"Marsh, Brandon",704,0.9095607235142119,525,"71.812788622",0.14772727272727276,0.3333333333333333,0.24857954545454544,0.15047619047619049,0.11221590909090909,"7.190181307",4,-5.817104821046742,179,0.25426136363636365,244,0.3465909090909091
641584,"Fraley, Jake",666,0.9073569482288828,532,"71.755075841",0.19819819819819823,0.2575187969924812,0.2057057057057057,0.07330827067669173,0.05855855855855856,"7.081194384",1,-22.672793084017343,134,0.2012012012012012,252,0.3783783783783784
650559,"De La Cruz, Bryan",1078,0.9074074074074074,783,"71.746705798",0.19758812615955473,0.32567049808429116,0.23654916512059368,0.12643678160919541,0.09183673469387756,"7.692864063",20,-23.488968232515283,295,0.27365491651205937,374,0.3469387755102041
672820,"Sosa, Lenyn",643,0.9043600562587905,521,"71.737102955",0.16951788491446343,0.33397312859884837,0.27060653188180406,0.12476007677543186,0.10108864696734059,"7.36261577",6,-17.49679240512688,122,0.18973561430793157,260,0.40435458786936235
467793,"Santana, Carlos",900,0.9127789046653144,704,"71.696330589",0.19222222222222218,0.359375,0.2811111111111111,0.13494318181818182,0.10555555555555556,"7.569178067",8,-28.323400222733362,196,0.21777777777777776,376,0.4177777777777778
621020,"Swanson, Dansby",997,0.9096715328467153,729,"71.695295898",0.12738214643931797,0.3347050754458162,0.24473420260782347,0.1522633744855967,0.11133400200601805,"7.438156841",22,-23.733877159063837,268,0.2688064192577733,357,0.35807422266800404
668709,"Bleday, JJ",967,0.9071294559099438,733,"71.676518594",0.1644260599793175,0.3506139154160982,0.265770423991727,0.15416098226466576,0.11685625646328852,"7.279614064",24,-20.91050489721714,234,0.2419855222337125,400,0.4136504653567735
686469,"Pasquantino, Vinnie",880,0.9205020920502092,761,"71.64727025",0.19659090909090912,0.37056504599211565,0.32045454545454544,0.16031537450722733,0.13863636363636364,"7.397631591",10,-6.877135579261472,119,0.13522727272727272,393,0.4465909090909091
663898,"Rodgers, Brendan",809,0.9079685746352413,618,"71.64643691",0.2496909765142151,0.3155339805825243,0.24103831891223734,0.14401294498381878,0.1100123609394314,"7.136155513",26,-6.756197568532405,191,0.2360939431396786,304,0.3757725587144623
571771,"Hernández, Enrique",625,0.9137426900584795,488,"71.634301056",0.19360000000000005,0.33811475409836067,0.264,0.11475409836065574,0.0896,"7.36741408",6,-14.444177722033109,137,0.2192,251,0.4016
657041,"Thomas, Lane",780,0.9069767441860465,619,"71.633327244",0.16794871794871796,0.3247172859450727,0.25769230769230766,0.1518578352180937,0.12051282051282051,"6.754196538",19,-8.618531900810238,161,0.2064102564102564,311,0.39871794871794874
680869,"Gelof, Zack",896,0.9041372351160444,583,"71.632964643",0.11718749999999999,0.3018867924528302,0.19642857142857142,0.12006861063464837,0.078125,"7.326133683",23,-28.773908147973614,313,0.34933035714285715,285,0.31808035714285715
663697,"India, Jonathan",836,0.908695652173913,688,"71.603136388",0.22009569377990432,0.30523255813953487,0.2511961722488038,0.12354651162790697,0.10167464114832536,"7.16732878",25,-19.73058432903109,148,0.17703349282296652,344,0.41148325358851673
595777,"Profar, Jurickson",984,0.9111111111111111,825,"71.581198669",0.22459349593495942,0.32242424242424245,0.2703252032520325,0.12848484848484848,0.10772357723577236,"7.33623186",12,-19.829220728335013,159,0.16158536585365854,367,0.37296747967479676
671277,"García Jr., Luis",819,0.91,653,"71.56348265",0.22466422466422473,0.35222052067381315,0.28083028083028083,0.16079632465543645,0.1282051282051282,"7.284429255",10,-5.576610920772168,166,0.2026862026862027,358,0.4371184371184371
668715,"Steer, Spencer",993,0.9010889292196007,780,"71.540708187",0.13595166163141995,0.3269230769230769,0.256797583081571,0.1294871794871795,0.10171198388721048,"7.365236657",21,-21.983479342480685,213,0.21450151057401812,390,0.39274924471299094
668804,"Reynolds, Bryan",1098,0.9029605263157895,801,"71.522751184",0.17030965391621128,0.3682896379525593,0.2686703096539162,0.17478152309612985,0.12750455373406194,"6.844140647",31,-8.251339362156704,297,0.27049180327868855,416,0.3788706739526412
608070,"Ramírez, José",1140,0.9047619047619048,995,"71.508031912",0.18771929824561412,0.3256281407035176,0.28421052631578947,0.1407035175879397,0.12280701754385964,"7.267583228",17,3.6985109520706105,145,0.12719298245614036,486,0.4263157894736842
607208,"Turner, Trea",916,0.9132602193419741,690,"71.504157009",0.16921397379912662,0.3391304347826087,0.2554585152838428,0.1318840579710145,0.09934497816593886,"7.584962948",15,-3.091139270724739,226,0.24672489082969432,353,0.3853711790393013
686676,"Lee, Korey",738,0.9088669950738916,473,"71.376517886",0.1395663956639567,0.30021141649048627,0.19241192411924118,0.1416490486257928,0.09078590785907859,"7.200647791",17,-24.69903763242702,265,0.35907859078590787,232,0.3143631436314363
608324,"Bregman, Alex",909,0.907185628742515,809,"71.312552618",0.11881188118811883,0.377008652657602,0.3355335533553355,0.13226205191594562,0.11771177117711772,"7.003644917",7,-3.589449132546718,100,0.11001100110011001,447,0.49174917491749176
596146,"Kepler, Max",679,0.9077540106951871,528,"71.306019485",0.19293078055964658,0.32765151515151514,0.2547864506627393,0.13636363636363635,0.10603829160530191,"7.451168837",15,-22.94149285580945,151,0.22238586156111928,263,0.3873343151693667
672275,"Bailey, Patrick",728,0.9077306733167082,566,"71.273724396",0.13186813186813187,0.36042402826855124,0.2802197802197802,0.15547703180212014,0.12087912087912088,"7.275595783",9,-26.9040884274035,162,0.22252747252747251,275,0.37774725274725274
690993,"Keith, Colt",841,0.9033297529538131,658,"71.259526326",0.1426872770511296,0.3525835866261398,0.27586206896551724,0.12917933130699089,0.10107015457788347,"6.661205161",14,-11.73240638012932,183,0.21759809750297265,363,0.43162901307966706
678662,"Tovar, Ezequiel",1298,0.9121574139142656,886,"71.238633806",0.18721109399075503,0.3036117381489842,0.20724191063174113,0.11738148984198646,0.08012326656394453,"7.540834422",17,-6.542396388998383,412,0.31741140215716485,409,0.3151001540832049
665750,"Taveras, Leody",816,0.9066666666666666,601,"71.219359314",0.1470588235294118,0.3277870216306156,0.24142156862745098,0.13976705490848584,0.10294117647058823,"7.460074387",6,-24.803406972121458,215,0.26348039215686275,322,0.3946078431372549
666158,"Lux, Gavin",737,0.9110012360939431,579,"71.193641316",0.1546811397557666,0.32642487046632124,0.2564450474898236,0.1381692573402418,0.10854816824966079,"7.252190583",18,-14.351791147339153,158,0.21438263229308005,291,0.3948439620081411
676475,"Burleson, Alec",995,0.9012681159420289,829,"71.18511197",0.17989949748743728,0.3715319662243667,0.30954773869346736,0.13268998793727382,0.11055276381909548,"7.461290905",11,-16.0486550925899,166,0.16683417085427135,424,0.42613065326633165
656555,"Hoskins, Rhys",812,0.90625,619,"71.113127549",0.12931034482758624,0.3037156704361874,0.2315270935960591,0.11954765751211632,0.09113300492610837,"8.103714163",23,-13.958858111687753,193,0.2376847290640394,264,0.3251231527093596
664056,"Bader, Harrison",649,0.9102384291725105,502,"71.087666934",0.1972265023112481,0.3346613545816733,0.2588597842835131,0.1294820717131474,0.10015408320493066,"7.047819831",16,-18.100699006628634,147,0.22650231124807396,281,0.43297380585516176
663837,"Vierling, Matt",860,0.9052631578947369,697,"71.076178698",0.11744186046511627,0.3586800573888092,0.29069767441860467,0.15494978479196556,0.12558139534883722,"7.413210035",7,-12.614415876155503,163,0.18953488372093022,357,0.41511627906976745
664034,"France, Ty",882,0.9074074074074074,682,"71.015068787",0.14285714285714285,0.312316715542522,0.24149659863945577,0.12023460410557185,0.09297052154195011,"7.591614546",17,-31.009149537601587,200,0.22675736961451248,333,0.37755102040816324
693304,"Gonzales, Nick",679,0.9089692101740294,525,"71.010926892",0.1281296023564064,0.32761904761904764,0.2533136966126657,0.13904761904761906,0.10751104565537556,"7.270059367",16,-14.705164247496223,154,0.2268041237113402,270,0.39764359351988215
687263,"Neto, Zach",921,0.9029411764705882,692,"70.975951607",0.14657980456026062,0.33815028901734107,0.254071661237785,0.13872832369942195,0.10423452768729642,"7.108802226",37,-16.139681156001984,229,0.248642779587405,346,0.3756786102062975
669304,"Miranda, Jose F",697,0.9111111111111111,563,"70.948937245",0.15494978479196556,0.35879218472468916,0.2898134863701578,0.13321492007104796,0.10760401721664276,"7.577225352",25,-12.715242019450624,134,0.19225251076040173,299,0.42898134863701576
676059,"Westburg, Jordan",692,0.9117259552042161,501,"70.944382991",0.10838150289017341,0.37325349301397204,0.2702312138728324,0.16367265469061876,0.11849710982658959,"6.816262717",16,-6.80729486213705,191,0.27601156069364163,266,0.38439306358381503
573262,"Yastrzemski, Mike",759,0.9089820359281438,572,"70.931879974",0.05533596837944665,0.35664335664335667,0.26877470355731226,0.14160839160839161,0.1067193675889328,"7.553065744",11,-13.95660388442882,187,0.2463768115942029,285,0.37549407114624506
686668,"Doyle, Brenton",919,0.9045275590551181,651,"70.9203963",0.08052230685527748,0.3425499231950845,0.2426550598476605,0.15053763440860216,0.10663764961915125,"7.361842514",20,-10.571988466073035,268,0.2916213275299238,339,0.36887921653971706
656775,"Mullins, Cedric",825,0.9126106194690266,686,"70.913559382",0.07515151515151516,0.2886297376093295,0.24,0.10204081632653061,0.08484848484848485,"7.507540085",4,-16.343072765645957,139,0.1684848484848485,309,0.37454545454545457
686681,"Massey, Michael",614,0.9056047197640118,516,"70.845341873",0.08794788273615638,0.35852713178294576,0.30130293159609123,0.12015503875968993,0.10097719869706841,"7.175186352",6,-6.314889954272101,98,0.15960912052117263,268,0.4364820846905538
663886,"Stephenson, Tyler",726,0.9029850746268657,591,"70.824940096",0.09366391184573004,0.3739424703891709,0.3044077134986226,0.155668358714044,0.12672176308539945,"7.436611006",31,4.45896146464063,135,0.1859504132231405,306,0.4214876033057851
606115,"Arcia, Orlando",946,0.9096153846153846,712,"70.8064924",0.13424947145877378,0.34129213483146065,0.2568710359408034,0.12219101123595505,0.0919661733615222,"7.905998457",25,-35.09409784001065,234,0.24735729386892177,374,0.3953488372093023
676356,"DeLuca, Jonny",632,0.9067431850789096,489,"70.773712373",0.11075949367088607,0.25971370143149286,0.20094936708860758,0.07975460122699386,0.061708860759493674,"7.650191709",11,-20.343156603713613,143,0.22626582278481014,230,0.3639240506329114
672580,"Garcia, Maikel",850,0.9052183173588925,736,"70.7484464",0.10823529411764708,0.40896739130434784,0.35411764705882354,0.15896739130434784,0.1376470588235294,"7.146195882",12,-36.42959940637621,114,0.13411764705882354,422,0.4964705882352941
683734,"Vaughn, Andrew",988,0.9089236430542779,791,"70.736878279",0.11943319838056682,0.35398230088495575,0.2834008097165992,0.16182048040455121,0.12955465587044535,"7.546131579",12,-13.773982565548652,197,0.19939271255060728,399,0.40384615384615385
666023,"Fermin, Freddy",625,0.9124087591240876,498,"70.70913072",0.09760000000000002,0.3273092369477912,0.2608,0.11044176706827309,0.088,"7.484415168",21,-15.170611062960154,127,0.2032,245,0.392
664728,"Isbel, Kyle",613,0.9135618479880775,499,"70.701117847",0.10929853181076671,0.3346693386773547,0.2724306688417618,0.13026052104208416,0.10603588907014681,"7.141369347",5,-16.29176052867898,114,0.1859706362153344,259,0.42251223491027734
571448,"Arenado, Nolan",989,0.9065077910174152,843,"70.690371668",0.12740141557128407,0.32265717674970346,0.2750252780586451,0.09134045077105575,0.07785642062689585,"8.22224365",29,-15.813654266895764,146,0.14762386248736098,437,0.4418604651162791
593428,"Bogaerts, Xander",643,0.9005602240896359,536,"70.66567986",0.15241057542768274,0.3694029850746269,0.30793157076205285,0.1287313432835821,0.10730948678071539,"7.202580933",9,-8.340156452996176,107,0.16640746500777606,294,0.4572317262830482
672640,"Lopez, Otto",691,0.9056356487549148,549,"70.612855195",0.13892908827785821,0.3770491803278688,0.2995658465991317,0.14207650273224043,0.11287988422575977,"6.560308336",19,-6.579073657173701,142,0.20549927641099855,301,0.4356005788712012
681351,"O'Hoppe, Logan",862,0.9054621848739496,593,"70.600574142",0.1728538283062645,0.3305227655986509,0.2273781902552204,0.1467116357504216,0.10092807424593968,"7.292429594",41,-21.709197564252605,269,0.31206496519721577,281,0.3259860788863109
650489,"Castro, Willi",1099,0.9075144508670521,794,"70.582511392",0.153776160145587,0.2884130982367758,0.2083712465878071,0.11964735516372796,0.08644222020018198,"7.077645778",18,-16.997359427193437,305,0.2775250227479527,365,0.3321201091901729
666310,"Naylor, Bo",655,0.9046961325966851,482,"70.565262321",0.09770992366412215,0.3132780082987552,0.23053435114503817,0.12240663900414937,0.0900763358778626,"7.419671969",20,-24.55456570555193,173,0.2641221374045801,214,0.3267175572519084
691718,"Crow-Armstrong, Pete",727,0.904228855721393,513,"70.555812902",0.0797799174690509,0.33528265107212474,0.23658872077028886,0.12280701754385964,0.08665749656121045,"7.159038845",10,-17.41589145758307,214,0.29436038514442914,240,0.33012379642365886
681807,"Fry, David",647,0.9112676056338028,508,"70.495410572",0.09273570324574962,0.2933070866141732,0.2302936630602782,0.12598425196850394,0.09891808346213292,"7.777157187",17,-2.105128754108614,139,0.21483771251931993,227,0.3508500772797527
666971,"Gurriel Jr., Lourdes",896,0.9087221095334685,731,"70.490969219",0.09375,0.3146374829001368,0.25669642857142855,0.1326949384404925,0.10825892857142858,"7.477467634",12,-7.977989791490532,165,0.18415178571428573,363,0.40513392857142855
669707,"Triolo, Jared",703,0.9118028534370947,529,"70.383284168",0.06116642958748222,0.30245746691871456,0.22759601706970128,0.12476370510396975,0.09388335704125178,"7.823578919",19,-21.025839263631973,174,0.24751066856330015,247,0.35135135135135137
605137,"Bell, Josh",920,0.9081934846989141,695,"70.36500138",0.14891304347826087,0.36115107913669064,0.2728260869565217,0.15251798561151078,0.11521739130434783,"7.871272804",15,-16.101336748235624,225,0.24456521739130435,371,0.4032608695652174
641680,"Heim, Jonah",808,0.905829596412556,647,"70.222324233",0.09653465346534652,0.34775888717156106,0.2784653465346535,0.1143740340030912,0.09158415841584158,"7.424362859",9,-37.892539507163505,161,0.19925742574257427,319,0.3948019801980198
683737,"Busch, Michael",916,0.906930693069307,657,"70.188963428",0.11244541484716157,0.350076103500761,0.25109170305676853,0.1324200913242009,0.09497816593886463,"7.259485808",18,-12.150293067238366,259,0.2827510917030568,301,0.32860262008733626
672761,"Pérez, Wenceel",699,0.9066147859922179,557,"70.187649142",0.09155937052932761,0.31956912028725315,0.25464949928469244,0.09156193895870736,0.07296137339055794,"6.855229027",4,-15.37978154648617,142,0.20314735336194564,257,0.3676680972818312
691026,"Winn, Masyn",1007,0.9047619047619048,829,"70.167677686",0.11420059582919562,0.3220747889022919,0.26514399205561073,0.11942098914354644,0.09831181727904667,"7.3122872",14,-16.98784541942299,178,0.17676266137040714,425,0.42204568023833167
669701,"Smith, Josh",950,0.9039010466222646,742,"70.102498358",0.06736842105263158,0.35444743935309975,0.2768421052631579,0.11725067385444744,0.09157894736842105,"6.817058537",11,-12.77267184996344,208,0.21894736842105264,371,0.39052631578947367
650402,"Torres, Gleyber",1085,0.9087102177554439,859,"70.077987604",0.08940092165898618,0.3259604190919674,0.25806451612903225,0.10011641443538999,0.0792626728110599,"7.24523741",21,-26.39789959096807,226,0.20829493087557605,396,0.3649769585253456
678882,"Rafaela, Ceddanne",1085,0.9064327485380117,746,"70.028527548",0.06728110599078341,0.30563002680965146,0.21013824884792626,0.11394101876675604,0.07834101382488479,"7.462492295",24,-13.893579304125595,339,0.31244239631336407,344,0.3170506912442396
676914,"Schneider, Davis",686,0.9050131926121372,502,"69.816276997",0.061224489795918394,0.300796812749004,0.22011661807580174,0.10358565737051793,0.07580174927113703,"6.920432493",25,-24.82250265444732,184,0.26822157434402333,218,0.3177842565597668
621493,"Ward, Taylor",945,0.9069097888675623,729,"69.790785143",0.0835978835978836,0.38271604938271603,0.29523809523809524,0.14814814814814814,0.11428571428571428,"7.050575926",23,-21.915172971077215,216,0.22857142857142856,377,0.39894179894179893
593871,"Polanco, Jorge",725,0.9017412935323383,534,"69.754367352",0.0786206896551724,0.3202247191011236,0.23586206896551723,0.1198501872659176,0.08827586206896551,"7.195369503",17,-21.600419322559013,191,0.263448275862069,239,0.3296551724137931
518692,"Freeman, Freddie",1038,0.9057591623036649,846,"69.705641802",0.1001926782273603,0.33451536643026003,0.2726396917148362,0.12647754137115838,0.10308285163776493,"6.773327572",10,-16.05991107187837,192,0.18497109826589594,389,0.37475915221579964
676609,"Caballero, José",758,0.9088729016786571,553,"69.581037309",0.154353562005277,0.2820976491862568,0.20580474934036938,0.08860759493670886,0.06464379947229551,"6.954570554",18,-19.79203824877384,205,0.2704485488126649,251,0.3311345646437995
680977,"Donovan, Brendan",905,0.906813627254509,784,"69.573798939",0.07182320441988953,0.40433673469387754,0.35027624309392263,0.13520408163265307,0.11712707182320442,"6.886276707",14,-17.681300172382304,121,0.13370165745856355,454,0.5016574585635359
687462,"Horwitz, Spencer",628,0.8997134670487106,513,"69.509973551",0.09554140127388536,0.33528265107212474,0.27388535031847133,0.10721247563352826,0.0875796178343949,"6.998972373",10,-8.583805429635182,115,0.18312101910828024,234,0.37261146496815284
608385,"Winker, Jesse",761,0.911377245508982,629,"69.502822983",0.0735873850197109,0.32114467408585057,0.26544021024967146,0.11287758346581876,0.09329829172141918,"7.283851445",18,-9.811544531821035,132,0.17345597897503284,289,0.3797634691195795
677587,"Rocchio, Brayan",652,0.9080779944289693,500,"69.470294003",0.03220858895705523,0.304,0.2331288343558282,0.074,0.05674846625766871,"7.288216227",9,-30.143976139090793,152,0.2331288343558282,255,0.3911042944785276
663368,"Perkins, Blake",626,0.9138686131386862,453,"69.389883834",0.03194888178913738,0.4216335540838852,0.305111821086262,0.12582781456953643,0.09105431309904154,"7.30361246",13,-18.934359009413004,173,0.2763578274760383,247,0.39456869009584666
643289,"Dubón, Mauricio",753,0.9050480769230769,621,"69.388970863",0.06640106241699865,0.33172302737520126,0.2735723771580345,0.06763285024154589,0.055776892430278883,"7.624735073",14,-18.926207293691306,132,0.1752988047808765,312,0.41434262948207173
630105,"Cronenworth, Jake",1012,0.9100719424460432,846,"69.333580553",0.062252964426877486,0.3144208037825059,0.2628458498023715,0.11702127659574468,0.09782608695652174,"7.067163281",11,-26.071110773643774,166,0.16403162055335968,388,0.383399209486166
514888,"Altuve, Jose",1018,0.9081177520071365,800,"69.28912169",0.12868369351669942,0.33375,0.26227897838899805,0.085,0.06679764243614932,"7.787739175",10,-18.718092143069065,218,0.21414538310412573,402,0.3948919449901768
683011,"Volpe, Anthony",1122,0.8990384615384616,887,"69.285189563",0.03654188948306595,0.322435174746336,0.2549019607843137,0.0992108229988726,0.0784313725490196,"7.074642023",28,-36.06864430780453,235,0.20944741532976827,425,0.3787878787878788
668939,"Rutschman, Adley",990,0.9041095890410958,835,"69.008248313",0.06363636363636366,0.3568862275449102,0.301010101010101,0.10538922155688622,0.08888888888888889,"6.937872646",9,-16.611529432001966,155,0.15656565656565657,412,0.4161616161616162
645277,"Albies, Ozzie",766,0.9119047619047619,620,"69.003590783",0.07441253263707573,0.33064516129032256,0.26762402088772846,0.08064516129032258,0.06527415143603134,"7.21389017",7,-24.24257051459925,146,0.1906005221932115,277,0.36161879895561355
641355,"Bellinger, Cody",894,0.9030303030303031,710,"68.942826432",0.05145413870246086,0.3873239436619718,0.3076062639821029,0.09718309859154929,0.07718120805369127,"7.610448568",22,-6.809840785793263,184,0.2058165548098434,382,0.4272930648769575
605141,"Betts, Mookie",641,0.9028169014084507,562,"68.933215632",0.09516380655226209,0.42526690391459077,0.37285491419656785,0.11565836298932385,0.10140405616224649,"6.908386084",19,-13.163958931852,79,0.12324492979719189,324,0.5054602184087363
643446,"McNeil, Jeff",810,0.9142212189616253,691,"68.710197173",0.053086419753086415,0.32706222865412443,0.27901234567901234,0.07959479015918958,0.06790123456790123,"7.222647012",23,-17.239890378704825,119,0.1469135802469136,322,0.39753086419753086
676694,"Meyers, Jake",722,0.907035175879397,545,"68.50187097",0.0775623268698061,0.3192660550458716,0.2409972299168975,0.10458715596330276,0.07894736842105263,"6.996711343",30,-28.573043184529496,177,0.2451523545706371,279,0.3864265927977839
592192,"Canha, Mark",684,0.9107856191744341,545,"68.367840556",0.03947368421052633,0.3577981651376147,0.2850877192982456,0.10458715596330276,0.08333333333333333,"7.21864576",14,-22.31217290750511,139,0.20321637426900585,260,0.38011695906432746
657077,"Verdugo, Alex",846,0.9057815845824411,711,"68.3217913",0.07446808510638299,0.3980309423347398,0.33451536643026003,0.10970464135021098,0.09219858156028368,"6.315600177",5,-36.830294556980576,135,0.1595744680851064,385,0.45508274231678486
600869,"Candelario, Jeimer",761,0.9091995221027479,550,"68.31808707",0.04993429697766098,0.34,0.2457293035479632,0.09818181818181818,0.07095926412614981,"7.798656084",19,-9.090027658042555,211,0.27726675427069647,271,0.35611038107752957
543760,"Semien, Marcus",1116,0.9021827000808408,912,"68.308345152",0.04211469534050179,0.37390350877192985,0.3055555555555556,0.11951754385964912,0.09767025089605735,"7.658681559",27,-34.22022498147906,204,0.1827956989247312,483,0.4327956989247312
680474,"Schuemann, Max",669,0.9052774018944519,491,"68.280384783",0.020926756352765318,0.384928716904277,0.2825112107623318,0.08757637474541752,0.06427503736920777,"6.661344828",15,-28.509728311528242,178,0.26606875934230195,253,0.3781763826606876
570482,"Urshela, Gio",802,0.9021372328458943,648,"68.167762643",0.04114713216957606,0.35648148148148145,0.2880299251870324,0.09104938271604938,0.07356608478802992,"7.128394501",10,-20.091172871192516,154,0.19201995012468828,334,0.4164588528678304
665926,"Giménez, Andrés",1110,0.9083469721767594,851,"68.161883198",0.06846846846846845,0.31609870740305523,0.24234234234234234,0.07638072855464159,0.05855855855855856,"7.001068757",12,-46.13053493208732,259,0.23333333333333334,399,0.35945945945945945
663538,"Hoerner, Nico",958,0.9089184060721063,859,"68.157264311",0.028183716075156576,0.35273573923166474,0.3162839248434238,0.0710128055878929,0.06367432150313153,"7.126051002",11,-16.199433562720987,99,0.10334029227557412,455,0.47494780793319413
670623,"Paredes, Isaac",1075,0.904121110176619,901,"68.157054381",0.04744186046511629,0.290788013318535,0.24372093023255814,0.06437291897891231,0.053953488372093024,"7.995582995",13,-25.107107421733907,174,0.16186046511627908,384,0.3572093023255814
681082,"Stott, Bryson",863,0.9027196652719666,739,"68.154939015",0.01853997682502897,0.35182679296346414,0.30127462340672073,0.08795669824086604,0.07531865585168018,"7.069545527",22,-24.0429279396424,124,0.1436848203939745,377,0.43684820393974505
696285,"Young, Jacob",711,0.9045801526717557,584,"68.125510759",0.014064697609001402,0.3561643835616438,0.29254571026722925,0.08904109589041095,0.07313642756680731,"6.930145513",20,-20.46041342890885,127,0.17862165963431786,320,0.450070323488045
643217,"Benintendi, Andrew",810,0.9020044543429844,650,"68.028003741",0.009876543209876545,0.3984615384615385,0.3197530864197531,0.09076923076923077,0.0728395061728395,"6.707812679",12,-23.331184519383072,160,0.19753086419753085,345,0.42592592592592593
669257,"Smith, Will",849,0.9022316684378321,690,"67.796821979",0.030624263839811542,0.336231884057971,0.27326266195524146,0.1072463768115942,0.08716136631330977,"7.161348669",27,-26.163821900880215,159,0.1872791519434629,312,0.3674911660777385
453568,"Blackmon, Charlie",767,0.9066193853427896,623,"67.35751751",0.023468057366362455,0.29052969502407705,0.23598435462842243,0.06581059390048154,0.05345501955671447,"7.13640528",5,-13.868483433887299,144,0.1877444589308996,302,0.39374185136897
664983,"McCarthy, Jake",729,0.9101123595505618,608,"67.23582679",0.03017832647462278,0.31743421052631576,0.26474622770919065,0.06743421052631579,0.056241426611796985,"6.716018546",12,-14.797032857834518,121,0.16598079561042525,311,0.42661179698216734
643396,"Kiner-Falefa, Isiah",652,0.9042995839112344,560,"66.984525399",0.02147239263803681,0.40714285714285714,0.3496932515337423,0.1,0.08588957055214724,"6.815746518",11,-10.899967251966965,92,0.1411042944785276,330,0.5061349693251533
676391,"Clement, Ernie",692,0.9022164276401564,610,"66.743751344",0.010115606936416187,0.4180327868852459,0.3684971098265896,0.07213114754098361,0.06358381502890173,"6.812821171",13,-2.956510318896685,82,0.11849710982658959,349,0.5043352601156069
668942,"Rojas, Josh",733,0.9094292803970223,569,"66.496687231",0.008185538881309688,0.38137082601054484,0.296043656207367,0.0984182776801406,0.07639836289222374,"7.245525771",15,-31.734828575788953,164,0.22373806275579808,272,0.3710777626193724
660688,"Ruiz, Keibert",733,0.9027093596059114,654,"66.351675116",0.009549795361527967,0.37767584097859325,0.3369713506139154,0.07951070336391437,0.07094133697135062,"7.097894338",10,-24.7491548953716,79,0.1077762619372442,352,0.48021828103683495
686217,"Frelick, Sal",706,0.9028132992327366,621,"66.281717408",0.0254957507082153,0.3607085346215781,0.31728045325779036,0.057971014492753624,0.05099150141643059,"6.931399561",10,-14.30551142875348,85,0.12039660056657224,338,0.47875354107648727
668930,"Turang, Brice",937,0.9061895551257253,808,"66.068252615",0.03308431163287087,0.3378712871287129,0.2913553895410886,0.06188118811881188,0.05336179295624333,"6.068591259",12,-30.39867122348691,129,0.1376734258271078,377,0.4023479188900747
694384,"Schanuel, Nolan",790,0.9080459770114943,689,"65.090428481",0.02531645569620254,0.36429608127721336,0.31772151898734174,0.055152394775036286,0.04810126582278481,"6.563571038",13,-19.072733461385756,101,0.12784810126582277,347,0.43924050632911393
457759,"Turner, Justin",868,0.9079497907949791,746,"64.977720127",0.008064516129032261,0.32171581769436997,0.2764976958525346,0.049597855227882036,0.04262672811059908,"6.327518041",16,-18.778951409646147,122,0.14055299539170507,315,0.3629032258064516
680757,"Kwan, Steven",678,0.9137466307277629,627,"64.380951018",0.004424778761061947,0.4178628389154705,0.3864306784660767,0.06220095693779904,0.05752212389380531,"6.448123171",6,-8.156692933930971,51,0.0752212389380531,346,0.5103244837758112
670032,"Lopez, Nicky",644,0.9044943820224719,526,"64.094454534",0.004658385093167701,0.39923954372623577,0.32608695652173914,0.030418250950570342,0.024844720496894408,"6.703570062",16,-27.988522869875588,118,0.18322981366459629,277,0.4301242236024845
650333,"Arraez, Luis",965,0.9061032863849765,909,"63.098477938",0.0020725388601036273,0.45764576457645767,0.4310880829015544,0.0462046204620462,0.043523316062176166,"5.951184725",8,-14.008687820419123,56,0.058031088082901555,495,0.5129533678756477