"entity_id","entity_name","entity_code","team_id","total_pitches","total_pitches","total_pitches_empty","median_seconds_empty","total_pitches_onbase","median_seconds_empty","freq_hot","freq_warm","freq_cold"
608718,"Suter, Brent","Pit",144,635,635,395,11.526,240,11.526,0.7165354330708661,0.27086614173228346,0.012598425196850394
571927,"Matz, Steven","Pit",139,593,593,395,12.391,198,12.391,0.627318718381113,0.3625632377740304,0.01011804384485666
628452,"Iglesias, Raisel","Pit",144,368,368,229,12.78,139,12.78,0.5896739130434783,0.40217391304347827,0.008152173913043478
596001,"Junis, Jakob","Pit",140,368,368,223,13.097,145,13.097,0.5597826086956522,0.4320652173913043,0.008152173913043478
656794,"Newcomb, Sean","Pit",145,664,664,365,13.188,299,13.188,0.49849397590361444,0.47289156626506024,0.0286144578313253
804267,"Thornton, Zac","Pit",121,497,497,329,13.261,168,13.261,0.5251509054325956,0.448692152917505,0.026156941649899398
623211,"Brazobán, Huascar","Pit",145,399,399,253,13.316,146,13.316,0.531328320802005,0.45614035087719296,0.012531328320802004
693821,"Elder, Bryce","Pit",144,992,992,689,13.317,303,13.317,0.5625,0.42338709677419356,0.014112903225806451
607625,"Lugo, Seth","Pit",118,1290,1290,761,13.405,529,13.405,0.6,0.3875968992248062,0.012403100775193798
680736,"Wrobleski, Justin","Pit",119,898,898,571,13.466,327,13.466,0.5400890868596881,0.44988864142538976,0.01002227171492205
663903,"Singer, Brady","Pit",113,1328,1328,785,13.481,543,13.481,0.5022590361445783,0.4751506024096386,0.022590361445783132
696270,"Johnson, Ryan","Pit",108,753,753,486,13.564,267,13.564,0.4807436918990704,0.5046480743691899,0.014608233731739707
800048,"Messick, Parker","Pit",114,1230,1230,852,13.58,378,13.58,0.5382113821138211,0.45121951219512196,0.01056910569105691
805673,"Matthews, Zebby","Pit",142,917,917,638,13.635,279,13.635,0.5114503816793893,0.46673936750272627,0.021810250817884406
677976,"Dobnak, Randy","Pit",118,588,588,367,13.657,221,13.657,0.4744897959183674,0.5187074829931972,0.006802721088435374
690986,"Harrison, Kyle","Pit",158,881,881,592,13.748,289,13.748,0.47559591373439275,0.5062429057888763,0.018161180476730987
690997,"McLean, Nolan","Pit",121,1320,1320,860,13.751,460,13.751,0.46060606060606063,0.5227272727272727,0.016666666666666666
548384,"Raley, Brooks","Pit",143,368,368,208,13.769,160,13.769,0.5163043478260869,0.47554347826086957,0.008152173913043478
665795,"Cabrera, Edward","Pit",112,569,569,391,13.784,178,13.784,0.4850615114235501,0.5026362038664324,0.012302284710017574
640455,"Manaea, Sean","Pit",121,1006,1006,637,13.825,369,13.825,0.4900596421471173,0.4860834990059642,0.02385685884691849
663738,"Lynch IV, Daniel","Pit",118,550,550,336,13.892,214,13.892,0.5672727272727273,0.42727272727272725,0.005454545454545455
702070,"Cameron, Noah","Pit",118,1219,1219,810,13.948,409,13.948,0.4634946677604594,0.5209187858900738,0.015586546349466776
608379,"Wacha, Michael","Pit",118,1279,1279,836,13.961,443,13.961,0.4800625488663018,0.5035183737294762,0.01641907740422205
608566,"Márquez, Germán","Pit",135,387,387,279,13.965,108,13.965,0.5064599483204134,0.4780361757105943,0.015503875968992248
677952,"Ashcraft, Braxton","Pit",134,950,950,656,13.979,294,13.979,0.47578947368421054,0.508421052631579,0.015789473684210527
657612,"Hill, Tim","Pit",147,359,359,212,14.025,147,14.025,0.6044568245125348,0.3788300835654596,0.016713091922005572
607200,"Fedde, Erick","Pit",145,1159,1159,753,14.028,406,14.028,0.44779982743744606,0.5358067299396031,0.01639344262295082
694738,"Roupp, Landen","Pit",137,1271,1271,838,14.052,433,14.052,0.4996066089693155,0.4815106215578285,0.01888276947285602
663687,"Harris, Hogan","Pit",133,620,620,303,14.096,317,14.096,0.3596774193548387,0.6,0.04032258064516129
656849,"Peterson, David","Pit",112,1095,1095,653,14.097,442,14.097,0.40821917808219177,0.5835616438356165,0.00821917808219178
681892,"Funderburk, Kody","Pit",142,384,384,221,14.11,163,14.11,0.5260416666666666,0.453125,0.020833333333333332
571578,"Corbin, Patrick","Pit",141,594,594,386,14.15,208,14.15,0.41414141414141414,0.5757575757575758,0.010101010101010102
641927,"Ober, Bailey","Pit",142,864,864,563,14.189,301,14.189,0.4074074074074074,0.5787037037037037,0.013888888888888888
666200,"Luzardo, Jesús","Pit",143,1241,1241,842,14.222,399,14.222,0.49073327961321517,0.48751007252215955,0.021756647864625302
694361,"Klein, Will","Pit",119,342,342,192,14.245,150,14.245,0.35964912280701755,0.6111111111111112,0.029239766081871343
622663,"Severino, Luis","Pit",133,476,476,300,14.249,176,14.249,0.41596638655462187,0.5714285714285714,0.012605042016806723
671922,"Smith, Cade","Pit",114,508,508,314,14.285,194,14.285,0.5059055118110236,0.468503937007874,0.025590551181102362
695076,"Lowder, Rhett","Pit",113,1032,1032,613,14.351,419,14.351,0.4021317829457364,0.5852713178294574,0.012596899224806201
687911,"King, Bryan","Pit",117,447,447,221,14.36,226,14.36,0.38926174496644295,0.5794183445190156,0.03131991051454139
668984,"Legumina, Casey","Pit",139,463,463,278,14.361,185,14.361,0.41252699784017277,0.5766738660907127,0.01079913606911447
527048,"Pérez, Martín","Pit",144,1081,1081,666,14.393,415,14.393,0.40795559666975023,0.572617946345976,0.01942645698427382
680570,"Rodriguez, Grayson","Pit",108,756,756,475,14.431,281,14.431,0.38227513227513227,0.6005291005291006,0.017195767195767195
694918,"Tidwell, Blade","Pit",137,441,441,296,14.437,145,14.437,0.43537414965986393,0.54421768707483,0.02040816326530612
681517,"Leahy, Kyle","Pit",138,1016,1016,615,14.444,401,14.444,0.3956692913385827,0.5866141732283464,0.017716535433070866
643511,"Rogers, Tyler","Pit",141,444,444,261,14.484,183,14.484,0.4166666666666667,0.5698198198198198,0.013513513513513514
605288,"Houser, Adrian","Pit",137,784,784,501,14.509,283,14.509,0.40433673469387754,0.5803571428571429,0.015306122448979591
664141,"Brubaker, JT","Pit",137,412,412,272,14.548,140,14.548,0.42475728155339804,0.5606796116504854,0.014563106796116505
690928,"Dobbins, Hunter","Pit",138,432,432,277,14.548,155,14.548,0.38657407407407407,0.5995370370370371,0.013888888888888888
675660,"Drohan, Shane","Pit",158,852,852,536,14.561,316,14.561,0.3744131455399061,0.5985915492957746,0.02699530516431925
675512,"Melton, Troy","Pit",116,748,748,479,14.596,269,14.596,0.38636363636363635,0.5989304812834224,0.014705882352941176
689147,"Kerkering, Orion","Pit",143,525,525,259,14.654,266,14.654,0.38857142857142857,0.5980952380952381,0.013333333333333334
663969,"Phillips, Tyler","Pit",146,868,868,572,14.694,296,14.694,0.3709677419354839,0.6002304147465438,0.02880184331797235
668941,"Romero, JoJo","Pit",158,443,443,265,14.7,178,14.7,0.39503386004514673,0.582392776523702,0.022573363431151242
801139,"Tolle, Payton","Pit",111,882,882,566,14.705,316,14.705,0.3492063492063492,0.6383219954648526,0.012471655328798186
647336,"Soroka, Michael","Pit",109,716,716,471,14.707,245,14.707,0.3743016759776536,0.6145251396648045,0.0111731843575419
571510,"Boyd, Matthew","Pit",112,828,828,584,14.727,244,14.727,0.38164251207729466,0.5966183574879227,0.021739130434782608
681190,"Vásquez, Randy","Pit",135,902,902,553,14.735,349,14.735,0.3458980044345898,0.6319290465631929,0.022172949002217297
685299,"Gordon, Tanner","Pit",115,665,665,406,14.749,259,14.749,0.34887218045112783,0.6300751879699248,0.021052631578947368
671737,"Bradley, Taj","Pit",142,1288,1288,826,14.771,462,14.771,0.34627329192546585,0.6350931677018633,0.018633540372670808
682227,"Williamson, Brandon","Pit",113,391,391,233,14.818,158,14.818,0.3350383631713555,0.6547314578005116,0.010230179028132993
663554,"Mize, Casey","Pit",135,911,911,610,14.83,301,14.83,0.3578485181119649,0.6234906695938529,0.018660812294182216
669084,"Hall, DL","Pit",158,452,452,260,14.835,192,14.835,0.3561946902654867,0.6061946902654868,0.03761061946902655
592791,"Taillon, Jameson","Pit",141,638,638,445,14.835,193,14.835,0.3824451410658307,0.6050156739811913,0.012539184952978056
691725,"Painter, Andrew","Pit",143,899,899,602,14.848,297,14.848,0.3526140155728587,0.625139043381535,0.02224694104560623
621111,"Buehler, Walker","Pit",135,1157,1157,761,14.864,396,14.864,0.36732929991356955,0.6076058772687987,0.025064822817631807
681347,"Burrows, Mike","Pit",117,655,655,448,14.899,207,14.899,0.35419847328244275,0.616793893129771,0.02900763358778626
670036,"Festa, Matt","Pit",114,467,467,234,14.904,233,14.904,0.3169164882226981,0.6531049250535332,0.029978586723768737
669373,"Skubal, Tarik","Pit",119,940,940,671,14.918,269,14.918,0.3670212765957447,0.6170212765957447,0.015957446808510637
815083,"Farris, Mitch","Pit",108,416,416,270,14.929,146,14.929,0.40625,0.5745192307692307,0.019230769230769232
691799,"Taylor, Grant","Pit",145,589,589,359,14.935,230,14.935,0.31918505942275044,0.6434634974533107,0.03735144312393888
668678,"Gallen, Zac","Pit",109,775,775,510,14.936,265,14.936,0.3432258064516129,0.6451612903225806,0.011612903225806452
656605,"Keller, Mitch","Pit",134,826,826,538,14.956,288,14.956,0.3305084745762712,0.6585956416464891,0.010895883777239709
642547,"Peralta, Freddy","Pit",139,1248,1248,781,14.976,467,14.976,0.34615384615384615,0.6354166666666666,0.01842948717948718
669432,"Rogers, Trevor","Pit",110,1043,1043,727,14.986,316,14.986,0.3576222435282838,0.6299137104506232,0.012464046021093002
695549,"Jobe, Jackson","Pit",116,342,342,246,15.015,96,15.015,0.36257309941520466,0.6198830409356725,0.017543859649122806
593974,"Peralta, Wandy","Pit",135,502,502,314,15.055,188,15.055,0.3346613545816733,0.6454183266932271,0.0199203187250996
669456,"Bieber, Shane","Pit",141,441,441,308,15.064,133,15.064,0.3356009070294785,0.6349206349206349,0.02947845804988662
800311,"Fuentes, Didier","Pit",144,502,502,282,15.086,220,15.086,0.2788844621513944,0.703187250996016,0.017928286852589643
665871,"Assad, Javier","Pit",112,690,690,459,15.094,231,15.094,0.32753623188405795,0.6536231884057971,0.01884057971014493
518876,"Kelly, Merrill","Pit",109,1092,1092,699,15.098,393,15.098,0.31043956043956045,0.674908424908425,0.014652014652014652
593958,"Rodriguez, Eduardo","Pit",109,1337,1337,886,15.129,451,15.129,0.3231114435302917,0.6529543754674645,0.02393418100224383
663568,"Kolek, Stephen","Pit",118,370,370,226,15.167,144,15.167,0.2918918918918919,0.6972972972972973,0.010810810810810811
642121,"Sulser, Cole","Pit",139,355,355,233,15.178,122,15.178,0.4225352112676056,0.5549295774647888,0.022535211267605635
671096,"Abbott, Andrew","Pit",113,1276,1276,819,15.18,457,15.18,0.30094043887147337,0.682601880877743,0.016457680250783698
670950,"Richards, Trevor","Pit",145,524,524,338,15.185,186,15.185,0.3282442748091603,0.6545801526717557,0.01717557251908397
668909,"Williams, Gavin","Pit",114,1231,1231,838,15.196,393,15.196,0.31762794476035744,0.6588139723801787,0.023558082859463852
573124,"Rogers, Taylor","Pit",142,526,526,226,15.222,300,15.222,0.2262357414448669,0.7395437262357415,0.034220532319391636
624133,"Suarez, Ranger","Pit",111,1076,1076,721,15.265,355,15.265,0.34107806691449816,0.6338289962825279,0.02509293680297398
669276,"Lee, Dylan","Pit",144,408,408,282,15.266,126,15.266,0.3333333333333333,0.6372549019607843,0.029411764705882353
663436,"Martin, Davis","Pit",145,960,960,607,15.318,353,15.318,0.28020833333333334,0.7,0.019791666666666666
702275,"Ritchie, JR","Pit",144,572,572,335,15.323,237,15.323,0.2692307692307692,0.7185314685314685,0.012237762237762238
641329,"Baker, Bryan","Pit",139,387,387,250,15.332,137,15.332,0.2739018087855297,0.6821705426356589,0.04392764857881137
663767,"Shugart, Chase","Pit",143,410,410,236,15.367,174,15.367,0.32195121951219513,0.6487804878048781,0.02926829268292683
641835,"Mayza, Tim","Pit",143,486,486,297,15.382,189,15.382,0.2839506172839506,0.6831275720164609,0.03292181069958848
663556,"McClanahan, Shane","Pit",139,761,761,527,15.401,234,15.401,0.3745072273324573,0.6136662286465178,0.011826544021024968
694297,"Pfaadt, Brandon","Pit",109,887,887,592,15.402,295,15.402,0.2852311161217587,0.6933483652762119,0.02142051860202931
682254,"Montgomery, Mason","Pit",134,453,453,266,15.406,187,15.406,0.23178807947019867,0.7306843267108167,0.037527593818984545
656492,"Griffin, Foster","Pit",114,1232,1232,802,15.417,430,15.417,0.28733766233766234,0.6907467532467533,0.021915584415584416
621121,"McCullers Jr., Lance","Pit",158,365,365,232,15.426,133,15.426,0.29041095890410956,0.6876712328767123,0.021917808219178082
660271,"Ohtani, Shohei","Pit",119,599,599,418,15.439,181,15.439,0.3021702838063439,0.662771285475793,0.035058430717863104
681870,"Sabrowski, Erik","Pit",114,332,332,201,15.44,131,15.44,0.23795180722891565,0.7228915662650602,0.0391566265060241
657746,"Ryan, Joe","Pit",142,990,990,632,15.445,358,15.445,0.27070707070707073,0.7080808080808081,0.021212121212121213
687330,"Kelly, Kevin","Pit",139,429,429,256,15.448,173,15.448,0.26573426573426573,0.710955710955711,0.023310023310023312
607067,"Rea, Colin","Pit",112,983,983,632,15.456,351,15.456,0.28280773143438453,0.7019328585961343,0.015259409969481181
667755,"Soriano, José","Pit",141,1283,1283,816,15.466,467,15.466,0.2564302416212003,0.720966484801247,0.02260327357755261
686799,"Kochanowicz, Jack","Pit",108,501,501,297,15.483,204,15.483,0.25748502994011974,0.7265469061876247,0.015968063872255488
641816,"Mahle, Tyler","Pit",144,1127,1127,778,15.496,349,15.496,0.3052351375332742,0.6796805678793256,0.015084294587400177
679883,"Avila, Luinder","Pit",118,614,614,377,15.52,237,15.52,0.28827361563517917,0.6824104234527687,0.029315960912052116
678606,"Ferrer, José A.","Pit",136,435,435,244,15.531,191,15.531,0.2482758620689655,0.7149425287356321,0.0367816091954023
663623,"Irvin, Jake","Pit",120,797,797,570,15.547,227,15.547,0.30238393977415307,0.6800501882057717,0.01756587202007528
674841,"Alvarez, Andrew","Pit",120,831,831,529,15.554,302,15.554,0.2743682310469314,0.6955475330926595,0.030084235860409144
687562,"Bennett, Jake","Pit",111,642,642,430,15.589,212,15.589,0.2398753894080997,0.7461059190031153,0.014018691588785047
682608,"Gray, Peyton","Pit",140,394,394,218,15.614,176,15.614,0.19543147208121828,0.7715736040609137,0.03299492385786802
666157,"Lodolo, Nick","Pit",113,869,869,524,15.623,345,15.623,0.23130034522439585,0.7468354430379747,0.02186421173762946
668964,"Myers, Tobias","Pit",121,323,323,193,15.631,130,15.631,0.22910216718266255,0.7523219814241486,0.018575851393188854
694335,"Svanson, Matt","Pit",138,329,329,165,15.644,164,15.644,0.1884498480243161,0.7963525835866262,0.015197568389057751
686790,"McDonald, Trevor","Pit",137,486,486,287,15.645,199,15.645,0.22633744855967078,0.7613168724279835,0.012345679012345678
625643,"López, Reynaldo","Pit",144,608,608,384,15.654,224,15.654,0.23190789473684212,0.743421052631579,0.024671052631578948
554430,"Wheeler, Zack","Pit",143,1069,1069,737,15.662,332,15.662,0.23947614593077643,0.7408793264733395,0.019644527595884004
573204,"Thielbar, Caleb","Pit",112,333,333,213,15.682,120,15.682,0.21021021021021022,0.7657657657657657,0.024024024024024024
685126,"Eisert, Brandon","Pit",134,368,368,212,15.684,156,15.684,0.18206521739130435,0.7907608695652174,0.02717391304347826
682120,"Herrin, Tim","Pit",114,408,408,242,15.689,166,15.689,0.2647058823529412,0.7083333333333334,0.02696078431372549
547179,"Lorenzen, Michael","Pit",141,1099,1099,613,15.69,486,15.69,0.25932666060054593,0.7224749772520473,0.018198362147406732
656427,"Flaherty, Jack","Pit",116,706,706,432,15.718,274,15.718,0.24929178470254956,0.7337110481586402,0.0169971671388102
645261,"Alcantara, Sandy","Pit",146,1395,1395,871,15.725,524,15.725,0.21433691756272402,0.7569892473118279,0.02867383512544803
702056,"Yesavage, Trey","Pit",141,648,648,440,15.726,208,15.726,0.2515432098765432,0.7268518518518519,0.021604938271604937
657097,"Webb, Jacob","Pit",112,478,478,269,15.73,209,15.73,0.1589958158995816,0.8158995815899581,0.02510460251046025
592773,"Stanek, Ryne","Pit",138,424,424,265,15.746,159,15.746,0.2358490566037736,0.7264150943396226,0.03773584905660377
622491,"Castillo, Luis","Pit",145,980,980,597,15.749,383,15.749,0.22959183673469388,0.7459183673469387,0.024489795918367346
571945,"Mikolas, Miles","Pit",120,787,787,552,15.751,235,15.751,0.2782719186785261,0.6937738246505718,0.02795425667090216
674444,"Cruz, Steven","Pit",118,376,376,237,15.756,139,15.756,0.26063829787234044,0.7074468085106383,0.031914893617021274
663978,"Paddack, Chris","Pit",140,420,420,244,15.764,176,15.764,0.1880952380952381,0.780952380952381,0.030952380952380953
696149,"Chandler, Bubba","Pit",134,1154,1154,705,15.765,449,15.765,0.2972270363951473,0.6741767764298093,0.02859618717504333
663372,"Feltner, Ryan","Pit",115,824,824,511,15.791,313,15.791,0.24514563106796117,0.7281553398058253,0.02669902912621359
663947,"Holton, Tyler","Pit",116,511,511,282,15.793,229,15.793,0.15264187866927592,0.8317025440313112,0.015655577299412915
813349,"Early, Connelly","Pit",111,664,664,418,15.81,246,15.81,0.21686746987951808,0.7560240963855421,0.02710843373493976
669713,"Wesneski, Hayden","Pit",117,335,335,231,15.818,104,15.818,0.24776119402985075,0.7313432835820896,0.020895522388059702
687473,"Gusto, Ryan","Pit",146,627,627,408,15.832,219,15.832,0.21212121212121213,0.7416267942583732,0.046251993620414676
695505,"Burns, Chase","Pit",113,1046,1046,744,15.858,302,15.858,0.2323135755258126,0.7476099426386233,0.020076481835564052
660825,"Bazardo, Eduard","Pit",136,499,499,274,15.874,225,15.874,0.17835671342685372,0.7855711422845691,0.036072144288577156
623454,"Anderson, Drew","Pit",116,726,726,472,15.883,254,15.883,0.24104683195592286,0.7286501377410468,0.030303030303030304
695418,"Lord, Brad","Pit",120,611,611,350,15.889,261,15.889,0.18330605564648117,0.7855973813420621,0.031096563011456628
669020,"Rolison, Ryan","Pit",112,437,437,239,15.894,198,15.894,0.1853546910755149,0.7940503432494279,0.020594965675057208
696147,"Bachman, Sam","Pit",108,367,367,215,15.896,152,15.896,0.20435967302452315,0.782016348773842,0.013623978201634877
657514,"Bernardino, Brennan","Pit",115,452,452,242,15.9,210,15.9,0.17920353982300885,0.7853982300884956,0.035398230088495575
656271,"Burke, Brock","Pit",113,508,508,276,15.91,232,15.91,0.17716535433070865,0.797244094488189,0.025590551181102362
669923,"Kirby, George","Pit",136,1097,1097,717,15.914,380,15.914,0.20875113947128532,0.7739288969917958,0.01731996353691887
687312,"Hughes, Gabriel","Pit",115,489,489,295,15.915,194,15.915,0.17586912065439672,0.7893660531697342,0.034764826175869123
650633,"King, Michael","Pit",135,1317,1317,845,15.923,472,15.923,0.19741837509491267,0.782839787395596,0.019741837509491267
680573,"Woods Richardson, Simeon","Pit",141,526,526,348,15.925,178,15.925,0.20342205323193915,0.7775665399239544,0.019011406844106463
687273,"Mathews, Quinn","Pit",138,356,356,239,15.926,117,15.926,0.2247191011235955,0.7668539325842697,0.008426966292134831
687075,"Sproat, Brandon","Pit",158,750,750,474,15.935,276,15.935,0.20666666666666667,0.768,0.025333333333333333
694346,"Gibson, Trey","Pit",110,325,325,192,15.944,133,15.944,0.22153846153846155,0.7507692307692307,0.027692307692307693
544150,"Suárez, Albert","Pit",110,425,425,271,15.948,154,15.948,0.17882352941176471,0.8094117647058824,0.011764705882352941
543037,"Cole, Gerrit","Pit",147,816,816,533,15.968,283,15.968,0.2549019607843137,0.7230392156862745,0.022058823529411766
688642,"Agnos, Zach","Pit",115,616,616,371,15.998,245,15.998,0.2305194805194805,0.7532467532467533,0.016233766233766232
668674,"Erceg, Lucas","Pit",118,353,353,183,16.013,170,16.013,0.17280453257790368,0.8073654390934845,0.019830028328611898
663878,"Pearson, Nate","Pit",118,327,327,172,16.016,155,16.016,0.1651376146788991,0.8103975535168195,0.024464831804281346
641793,"Littell, Zack","Pit",109,834,834,524,16.021,310,16.021,0.21103117505995203,0.7673860911270983,0.02158273381294964
805299,"Garcia, Brandyn","Pit",109,325,325,193,16.025,132,16.025,0.18769230769230769,0.7815384615384615,0.03076923076923077
670059,"Holderman, Colin","Pit",114,399,399,207,16.027,192,16.027,0.20802005012531327,0.7644110275689223,0.02756892230576441
687570,"Prielipp, Connor","Pit",142,905,905,595,16.028,310,16.028,0.17458563535911603,0.8143646408839779,0.011049723756906077
623149,"Sewald, Paul","Pit",141,349,349,240,16.03,109,16.03,0.2492836676217765,0.7163323782234957,0.034383954154727794
607074,"Rodón, Carlos","Pit",147,624,624,449,16.05,175,16.05,0.23717948717948717,0.7387820512820513,0.02403846153846154
666661,"Morillo, Juan","Pit",109,424,424,244,16.052,180,16.052,0.14386792452830188,0.8183962264150944,0.03773584905660377
594798,"deGrom, Jacob","Pit",140,1130,1130,781,16.088,349,16.088,0.2168141592920354,0.7699115044247787,0.01327433628318584
657277,"Webb, Logan","Pit",137,1096,1096,726,16.109,370,16.109,0.19525547445255476,0.7864963503649635,0.01824817518248175
605280,"Holmes, Clay","Pit",112,733,733,478,16.111,255,16.111,0.1664392905866303,0.8117326057298773,0.021828103683492497
663542,"Hudson, Bryan","Pit",145,454,454,284,16.119,170,16.119,0.14537444933920704,0.8127753303964758,0.04185022026431718
681982,"Anderson, Grant","Pit",158,401,401,252,16.133,149,16.133,0.1596009975062344,0.8129675810473815,0.02743142144638404
656876,"Rasmussen, Drew","Pit",139,1105,1105,797,16.145,308,16.145,0.14570135746606336,0.8343891402714932,0.019909502262443438
662253,"Muñoz, Andrés","Pit",136,404,404,256,16.148,148,16.148,0.13366336633663367,0.8514851485148515,0.01485148514851485
676263,"Dreyer, Jack","Pit",119,418,418,224,16.158,194,16.158,0.16267942583732056,0.7942583732057417,0.0430622009569378
680742,"Bowlan, Jonathan","Pit",143,399,399,252,16.162,147,16.162,0.15288220551378445,0.8120300751879699,0.03508771929824561
656464,"Ginkel, Kevin","Pit",109,438,438,268,16.174,170,16.174,0.1598173515981735,0.821917808219178,0.0182648401826484
666171,"Zeferjahn, Ryan","Pit",112,594,594,319,16.18,275,16.18,0.16835016835016836,0.8063973063973064,0.025252525252525252
686973,"Varland, Louis","Pit",141,475,475,256,16.197,219,16.197,0.12631578947368421,0.8378947368421052,0.035789473684210524
676962,"Brown, Ben","Pit",112,435,435,270,16.197,165,16.197,0.16551724137931034,0.7954022988505747,0.03908045977011494
669461,"Liberatore, Matthew","Pit",138,1103,1103,725,16.201,378,16.201,0.20761559383499548,0.7742520398912058,0.01813236627379873
687396,"Headrick, Brent","Pit",147,480,480,282,16.202,198,16.202,0.175,0.8020833333333334,0.022916666666666665
700712,"Ureña, Walbert","Pit",108,1065,1065,653,16.227,412,16.227,0.15586854460093896,0.8291079812206573,0.015023474178403756
676534,"Faucher, Calvin","Pit",146,517,517,283,16.232,234,16.232,0.18375241779497098,0.7775628626692457,0.03868471953578337
676282,"Cantillo, Joey","Pit",114,1180,1180,728,16.234,452,16.234,0.17966101694915254,0.7898305084745763,0.030508474576271188
702193,"Morris, Andrew","Pit",142,529,529,315,16.257,214,16.257,0.17013232514177692,0.7996219281663516,0.030245746691871456
675848,"Mejia, Juan","Pit",115,576,576,308,16.263,268,16.263,0.13020833333333334,0.8350694444444444,0.034722222222222224
687064,"Young, Brandon","Pit",110,1072,1072,713,16.27,359,16.27,0.14832089552238806,0.8330223880597015,0.018656716417910446
607536,"Freeland, Kyle","Pit",115,875,875,546,16.273,329,16.273,0.14742857142857144,0.8342857142857143,0.018285714285714287
681810,"Warren, Austin","Pit",121,450,450,258,16.273,192,16.273,0.15777777777777777,0.8155555555555556,0.02666666666666667
663460,"Bubic, Kris","Pit",119,362,362,218,16.285,144,16.285,0.1132596685082873,0.8591160220994475,0.027624309392265192
607192,"Glasnow, Tyler","Pit",119,534,534,412,16.298,122,16.298,0.2602996254681648,0.7191011235955056,0.020599250936329586
805123,"Blubaugh, AJ","Pit",117,683,683,413,16.323,270,16.323,0.16105417276720352,0.8184480234260615,0.020497803806734993
643377,"Jax, Griffin","Pit",139,703,703,463,16.324,240,16.324,0.15362731152204837,0.8221906116642959,0.02418207681365576
595345,"Okert, Steven","Pit",117,454,454,304,16.335,150,16.335,0.14096916299559473,0.8348017621145375,0.024229074889867842
680767,"Vodnik, Victor","Pit",146,426,426,208,16.365,218,16.365,0.16901408450704225,0.7934272300469484,0.03755868544600939
641778,"Lauer, Eric","Pit",119,714,714,492,16.366,222,16.366,0.16106442577030813,0.8179271708683473,0.02100840336134454
681035,"Scott, Christian","Pit",121,847,847,527,16.389,320,16.389,0.1641086186540732,0.8134592680047226,0.02243211334120425
701519,"Adams, Travis","Pit",142,386,386,228,16.399,158,16.399,0.17357512953367876,0.7979274611398963,0.02849740932642487
680755,"Fisher, Braydon","Pit",141,544,544,331,16.421,213,16.421,0.11397058823529412,0.8363970588235294,0.04963235294117647
689254,"Fluharty, Mason","Pit",141,431,431,277,16.449,154,16.449,0.07424593967517401,0.9071925754060325,0.018561484918793503
684007,"Imanaga, Shota","Pit",112,1164,1164,855,16.452,309,16.452,0.16323024054982818,0.8221649484536082,0.014604810996563574
622554,"Domínguez, Seranthony","Pit",136,462,462,272,16.463,190,16.463,0.10822510822510822,0.8658008658008658,0.025974025974025976
622088,"Antone, Tejay","Pit",113,393,393,220,16.482,173,16.482,0.183206106870229,0.7837150127226463,0.03307888040712468
641302,"Alexander, Tyler","Pit",140,524,524,285,16.498,239,16.498,0.04961832061068702,0.9312977099236641,0.019083969465648856
683003,"Jones, Jared","Pit",134,665,665,449,16.511,216,16.511,0.13233082706766916,0.8421052631578947,0.02556390977443609
641743,"Kay, Anthony","Pit",145,1191,1191,729,16.513,462,16.513,0.13014273719563393,0.8396305625524769,0.030226700251889168
688107,"Gasser, Robert","Pit",158,785,785,536,16.517,249,16.517,0.1159235668789809,0.867515923566879,0.016560509554140127
676083,"Junk, Janson","Pit",146,806,806,545,16.544,261,16.544,0.10173697270471464,0.8660049627791563,0.03225806451612903
615698,"Quantrill, Cal","Pit",140,729,729,482,16.551,247,16.551,0.13031550068587106,0.850480109739369,0.019204389574759947
676617,"O'Brien, Riley","Pit",138,456,456,256,16.553,200,16.553,0.12938596491228072,0.831140350877193,0.039473684210526314
656550,"Holmes, Grant","Pit",144,1019,1019,662,16.555,357,16.555,0.13346418056918546,0.8420019627085378,0.02453385672227674
693686,"Miles, Spencer","Pit",141,626,626,398,16.563,228,16.563,0.12939297124600638,0.8482428115015974,0.022364217252396165
669022,"Gore, MacKenzie","Pit",140,1259,1259,764,16.564,495,16.564,0.15250198570293885,0.8220810166799047,0.025416997617156472
669062,"Miller, Erik","Pit",111,430,430,227,16.568,203,16.568,0.11395348837209303,0.8418604651162791,0.044186046511627906
607259,"Martinez, Nick","Pit",139,1009,1009,701,16.575,308,16.575,0.13478691774033696,0.8394449950445986,0.02576808721506442
663567,"Lambert, Peter","Pit",117,1065,1065,698,16.58,367,16.58,0.15023474178403756,0.8244131455399061,0.02535211267605634
701542,"Warren, Will","Pit",147,1220,1220,750,16.585,470,16.585,0.12377049180327869,0.8475409836065574,0.028688524590163935
656945,"Scott, Tanner","Pit",119,341,341,225,16.59,116,16.59,0.1378299120234604,0.8328445747800587,0.02932551319648094
670167,"Schreiber, John","Pit",147,478,478,287,16.62,191,16.62,0.11297071129707113,0.8640167364016736,0.02301255230125523
623474,"Herget, Jimmy","Pit",115,416,416,204,16.642,212,16.642,0.08653846153846154,0.8870192307692307,0.026442307692307692
681895,"Sisk, Evan","Pit",134,391,391,216,16.643,175,16.643,0.09462915601023018,0.8849104859335039,0.020460358056265986
621112,"Blackburn, Paul","Pit",147,553,553,317,16.679,236,16.679,0.08499095840867993,0.8842676311030742,0.03074141048824593
676760,"Marinaccio, Ron","Pit",113,445,445,238,16.684,207,16.684,0.035955056179775284,0.9438202247191011,0.020224719101123594
650556,"Abreu, Bryan","Pit",117,504,504,300,16.686,204,16.686,0.09126984126984126,0.8650793650793651,0.04365079365079365
592332,"Gausman, Kevin","Pit",112,1201,1201,821,16.688,380,16.688,0.20566194837635304,0.7726894254787677,0.02164862614487927
677960,"Weathers, Ryan","Pit",147,1056,1056,718,16.695,338,16.695,0.11079545454545454,0.8560606060606061,0.03314393939393939
700241,"McGreevy, Michael","Pit",138,1222,1222,856,16.703,366,16.703,0.15711947626841244,0.8216039279869067,0.02127659574468085
664199,"Clarke, Taylor","Pit",109,426,426,306,16.705,120,16.705,0.1056338028169014,0.8708920187793427,0.023474178403755867
680732,"Burke, Sean","Pit",145,1164,1164,770,16.726,394,16.726,0.16752577319587628,0.7903780068728522,0.04209621993127148
702273,"Schultz, Noah","Pit",145,551,551,340,16.733,211,16.733,0.0998185117967332,0.8784029038112523,0.021778584392014518
656638,"Lange, Alex","Pit",118,450,450,255,16.744,195,16.744,0.18222222222222223,0.7933333333333333,0.024444444444444446
670245,"Watson, Ryan","Pit",108,480,480,287,16.745,193,16.745,0.06458333333333334,0.9,0.035416666666666666
669199,"Bachar, Lake","Pit",134,639,639,449,16.759,190,16.759,0.11737089201877934,0.8607198748043818,0.02190923317683881
669387,"Mlodzinski, Carmen","Pit",134,917,917,547,16.773,370,16.773,0.07415485278080698,0.8996728462377317,0.026172300981461286
677958,"Rocker, Kumar","Pit",140,1055,1055,644,16.781,411,16.781,0.11943127962085308,0.8625592417061612,0.01800947867298578
669270,"Kuhnel, Joel","Pit",137,345,345,185,16.793,160,16.793,0.10144927536231885,0.8521739130434782,0.0463768115942029
664285,"Valdez, Framber","Pit",116,1177,1177,724,16.796,453,16.796,0.19201359388275277,0.7909940526762956,0.016992353440951572
676106,"Hancock, Emerson","Pit",136,873,873,625,16.806,248,16.806,0.10882016036655212,0.8751431844215349,0.016036655211912942
650644,"Civale, Aaron","Pit",112,853,853,507,16.81,346,16.81,0.13012895662368112,0.8499413833528722,0.01992966002344666
672456,"Montero, Keider","Pit",116,1022,1022,678,16.815,344,16.815,0.11741682974559686,0.8610567514677103,0.021526418786692758
667297,"Nance, Tommy","Pit",142,402,402,227,16.823,175,16.823,0.04228855721393035,0.9253731343283582,0.03233830845771144
656288,"Canning, Griffin","Pit",135,666,666,405,16.829,261,16.829,0.14264264264264265,0.8318318318318318,0.025525525525525526
677944,"Cecconi, Slade","Pit",114,906,906,605,16.842,301,16.842,0.06291390728476821,0.9072847682119205,0.029801324503311258
453286,"Scherzer, Max","Pit",141,565,565,361,16.861,204,16.861,0.11327433628318584,0.8584070796460177,0.02831858407079646
808967,"Yamamoto, Yoshinobu","Pit",119,1153,1153,873,16.87,280,16.87,0.14050303555941024,0.8412836079791848,0.01821335646140503
579328,"Kikuchi, Yusei","Pit",108,446,446,275,16.873,171,16.873,0.08071748878923767,0.8834080717488789,0.03587443946188341
663558,"Morán, Jovani","Pit",111,445,445,288,16.874,157,16.874,0.07415730337078652,0.9101123595505618,0.015730337078651686
676974,"Meyer, Max","Pit",146,768,768,491,16.885,277,16.885,0.09244791666666667,0.8854166666666666,0.022135416666666668
695243,"Miller, Mason","Pit",135,497,497,334,16.891,163,16.891,0.07243460764587525,0.8651911468812877,0.06237424547283702
694973,"Skenes, Paul","Pit",134,1196,1196,801,16.9,395,16.9,0.03511705685618729,0.9489966555183946,0.01588628762541806
677865,"Bruihl, Justin","Pit",138,578,578,301,16.916,277,16.916,0.04844290657439446,0.9342560553633218,0.01730103806228374
656302,"Cease, Dylan","Pit",141,1222,1222,852,16.959,370,16.959,0.16775777414075285,0.8052373158756138,0.027004909983633387
693855,"Seymour, Ian","Pit",139,868,868,563,16.971,305,16.971,0.12557603686635946,0.8513824884792627,0.02304147465437788
686930,"Barnett, Mason","Pit",133,408,408,264,16.984,144,16.984,0.09068627450980392,0.8774509803921569,0.031862745098039214
661395,"Duran, Jhoan","Pit",143,361,361,246,17,115,17,0.14127423822714683,0.8033240997229917,0.055401662049861494
670970,"Morejon, Adrian","Pit",135,501,501,285,17.037,216,17.037,0.06387225548902195,0.908183632734531,0.027944111776447105
808963,"Sasaki, Roki","Pit",119,845,845,582,17.042,263,17.042,0.08047337278106509,0.8946745562130177,0.02485207100591716
682052,"Lopez, Jacob","Pit",133,1035,1035,617,17.053,418,17.053,0.04734299516908213,0.9285024154589372,0.024154589371980676
676879,"Ashby, Aaron","Pit",158,729,729,440,17.06,289,17.06,0.18655692729766804,0.7750342935528121,0.038408779149519894
592662,"Ray, Robbie","Pit",135,1228,1228,803,17.102,425,17.102,0.10097719869706841,0.8778501628664495,0.021172638436482084
642397,"Soto, Gregory","Pit",134,516,516,267,17.106,249,17.106,0.10077519379844961,0.8430232558139535,0.0562015503875969
605488,"Springs, Jeffrey","Pit",133,1109,1109,683,17.138,426,17.138,0.0775473399458972,0.8963029756537421,0.026149684400360685
666974,"Cano, Yennier","Pit",110,366,366,215,17.164,151,17.164,0.07377049180327869,0.8961748633879781,0.030054644808743168
656234,"Bird, Jake","Pit",120,337,337,198,17.178,139,17.178,0.03857566765578635,0.9317507418397626,0.02967359050445104
669711,"Weissert, Greg","Pit",111,424,424,231,17.179,193,17.179,0.03773584905660377,0.9504716981132075,0.01179245283018868
820862,"Fermin, José","Pit",108,393,393,241,17.186,152,17.186,0.06615776081424936,0.905852417302799,0.027989821882951654
669467,"Pallante, Andre","Pit",138,1143,1143,768,17.187,375,17.187,0.04636920384951881,0.9361329833770778,0.017497812773403325
676440,"Bibee, Tanner","Pit",114,1272,1272,870,17.224,402,17.224,0.08018867924528301,0.8867924528301887,0.0330188679245283
678022,"Perkins, Jack","Pit",133,799,799,512,17.253,287,17.253,0.0425531914893617,0.9299123904881101,0.02753441802252816
642701,"Santana, Dennis","Pit",109,372,372,209,17.26,163,17.26,0.02956989247311828,0.9489247311827957,0.021505376344086023
694477,"Patrick, Chad","Pit",158,746,746,438,17.278,308,17.278,0.09517426273458444,0.8780160857908847,0.02680965147453083
621237,"Alvarado, José","Pit",143,488,488,294,17.29,194,17.29,0.055327868852459015,0.9098360655737705,0.03483606557377049
672282,"Detmers, Reid","Pit",108,1256,1256,884,17.295,372,17.295,0.06528662420382166,0.9187898089171974,0.01592356687898089
622608,"Senzatela, Antonio","Pit",158,502,502,300,17.304,202,17.304,0.0398406374501992,0.9322709163346613,0.027888446215139442
672335,"Pérez, Cionel","Pit",121,335,335,208,17.306,127,17.306,0.04776119402985075,0.9164179104477612,0.03582089552238806
518886,"Kimbrel, Craig","Pit",118,324,324,202,17.318,122,17.318,0,0.9722222222222222,0.027777777777777776
691587,"Pérez, Eury","Pit",146,1034,1034,710,17.335,324,17.335,0.09477756286266925,0.874274661508704,0.030947775628626693
519242,"Sale, Chris","Pit",144,1093,1093,721,17.348,372,17.348,0.08234217749313816,0.8975297346752058,0.020128087831655993
663855,"Hicks, Jordan","Pit",145,376,376,198,17.359,178,17.359,0.06914893617021277,0.898936170212766,0.031914893617021274
686218,"Sheehan, Emmet","Pit",119,801,801,566,17.385,235,17.385,0.08489388264669163,0.8963795255930087,0.018726591760299626
694819,"Misiorowski, Jacob","Pit",158,1046,1046,743,17.395,303,17.395,0.08126195028680688,0.8881453154875717,0.030592734225621414
837227,"Imai, Tatsuya","Pit",117,656,656,393,17.402,263,17.402,0.0701219512195122,0.8902439024390244,0.039634146341463415
663776,"Sandoval, Patrick","Pit",111,471,471,252,17.423,219,17.423,0.07006369426751592,0.9193205944798302,0.010615711252653927
669372,"Ginn, J.T.","Pit",133,973,973,609,17.428,364,17.428,0.08633093525179857,0.8920863309352518,0.02158273381294964
678906,"Teng, Kai-Wei","Pit",117,582,582,348,17.435,234,17.435,0.03264604810996564,0.9450171821305842,0.022336769759450172
672782,"Gómez, Yoendrys","Pit",142,488,488,268,17.519,220,17.519,0.03278688524590164,0.9241803278688525,0.0430327868852459
699134,"Rodriguez, Bradgley","Pit",135,473,473,299,17.528,174,17.528,0.06765327695560254,0.9069767441860465,0.02536997885835095
660853,"De Los Santos, Enyel","Pit",117,456,456,278,17.532,178,17.532,0.05701754385964912,0.9035087719298246,0.039473684210526314
670280,"Bednar, David","Pit",147,427,427,271,17.612,156,17.612,0.04215456674473068,0.9156908665105387,0.04215456674473068
683004,"Leiter, Jack","Pit",140,603,603,381,17.632,222,17.632,0.026533996683250415,0.9469320066334992,0.026533996683250415
689296,"Nunez, Anthony","Pit",110,402,402,219,17.697,183,17.697,0.06218905472636816,0.9079601990049752,0.029850746268656716
666277,"Soriano, George","Pit",138,479,479,255,17.697,224,17.697,0.010438413361169102,0.9603340292275574,0.029227557411273485
572955,"Johnson, Pierce","Pit",113,372,372,204,17.699,168,17.699,0.021505376344086023,0.9489247311827957,0.02956989247311828
656546,"Hoffman, Jeff","Pit",142,465,465,267,17.75,198,17.75,0,0.967741935483871,0.03225806451612903
656730,"Megill, Trevor","Pit",158,334,334,226,17.753,108,17.753,0.020958083832335328,0.9011976047904192,0.07784431137724551
801403,"Dollander, Chase","Pit",115,341,341,209,17.776,132,17.776,0.02932551319648094,0.9325513196480938,0.03812316715542522
683769,"Gaddis, Hunter","Pit",114,410,410,236,17.803,174,17.803,0.007317073170731708,0.9585365853658536,0.03414634146341464
641755,"Kinley, Tyler","Pit",116,402,402,238,17.828,164,17.828,0.014925373134328358,0.9552238805970149,0.029850746268656716
656641,"Latz, Jacob","Pit",140,437,437,321,17.837,116,17.837,0.04805491990846682,0.931350114416476,0.020594965675057208
681217,"Silseth, Chase","Pit",140,426,426,217,17.881,209,17.881,0.03286384976525822,0.9413145539906104,0.025821596244131457
664991,"Wolfram, Grant","Pit",110,362,362,200,17.897,162,17.897,0.016574585635359115,0.930939226519337,0.052486187845303865
701656,"Henderson, Logan","Pit",158,591,591,433,17.937,158,17.937,0.025380710659898477,0.9407783417935702,0.0338409475465313
665152,"Kremer, Dean","Pit",142,615,615,426,17.966,189,17.966,0.06829268292682927,0.9089430894308943,0.022764227642276424
690925,"Beeter, Clayton","Pit",120,331,331,185,17.972,146,17.972,0.027190332326283987,0.9063444108761329,0.06646525679758308
670329,"Garcia, Rico","Pit",110,423,423,264,17.989,159,17.989,0.002364066193853428,0.9527186761229315,0.04491725768321513
642232,"Yarbrough, Ryan","Pit",147,465,465,272,17.99,193,17.99,0.021505376344086023,0.9548387096774194,0.023655913978494623
678394,"Bello, Brayan","Pit",111,796,796,439,17.99,357,17.99,0.02512562814070352,0.9459798994974874,0.028894472361809045
547973,"Chapman, Aroldis","Pit",111,331,331,191,18.004,140,18.004,0.0030211480362537764,0.9486404833836858,0.04833836858006042
695611,"Jump, Gage","Pit",133,698,698,420,18.025,278,18.025,0.04297994269340974,0.9398280802292264,0.017191977077363897
665660,"Alvarado, Elvis","Pit",133,378,378,206,18.072,172,18.072,0.010582010582010581,0.9629629629629629,0.026455026455026454
650911,"Sánchez, Cristopher","Pit",143,1289,1289,831,18.212,458,18.212,0.031031807602792862,0.9526764934057409,0.016291698991466253
642528,"Loáisiga, Jonathan","Pit",109,383,383,252,18.241,131,18.241,0,0.9869451697127938,0.013054830287206266
669330,"Wells, Tyler","Pit",139,442,442,270,18.271,172,18.271,0.0022624434389140274,0.9751131221719457,0.02262443438914027
681293,"Arrighetti, Spencer","Pit",141,903,903,565,18.28,338,18.28,0.026578073089700997,0.9435215946843853,0.029900332225913623
673540,"Senga, Kodai","Pit",121,489,489,311,18.305,178,18.305,0.05725971370143149,0.9038854805725971,0.03885480572597137
669194,"Nelson, Ryne","Pit",109,539,539,366,18.318,173,18.318,0.00927643784786642,0.9591836734693877,0.03153988868274583
543135,"Eovaldi, Nathan","Pit",140,875,875,586,18.336,289,18.336,0.04,0.9394285714285714,0.02057142857142857
606996,"Hart, Kyle","Pit",135,460,460,287,18.355,173,18.355,0.015217391304347827,0.9456521739130435,0.0391304347826087
665622,"Medina, Luis","Pit",133,587,587,335,18.418,252,18.418,0.013628620102214651,0.9522998296422487,0.034071550255536626
608372,"Sugano, Tomoyuki","Pit",115,1115,1115,797,18.482,318,18.482,0.025112107623318385,0.9587443946188341,0.016143497757847534
693433,"Woo, Bryan","Pit",136,1079,1079,685,18.483,394,18.483,0.006487488415199258,0.9647822057460612,0.028730305838739572
669358,"Baz, Shane","Pit",110,1236,1236,802,18.514,434,18.514,0.012944983818770227,0.9538834951456311,0.03317152103559871
670990,"Ramírez, Yohan","Pit",134,605,605,280,18.525,325,18.525,0.003305785123966942,0.9586776859504132,0.03801652892561983
666808,"Doval, Camilo","Pit",134,430,430,221,18.526,209,18.526,0.002325581395348837,0.9418604651162791,0.05581395348837209
686613,"Brown, Hunter","Pit",117,867,867,574,18.53,293,18.53,0.08189158016147635,0.8788927335640139,0.0392156862745098
683618,"Henriquez, Edgardo","Pit",119,399,399,236,18.563,163,18.563,0.007518796992481203,0.9649122807017544,0.02756892230576441
693645,"Schlittler, Cam","Pit",147,1250,1250,890,18.585,360,18.585,0.0272,0.9448,0.028
669302,"Gilbert, Logan","Pit",136,1139,1139,828,18.59,311,18.59,0.007023705004389816,0.9675153643546971,0.025460930640913083
806188,"Gibson, Cade","Pit",146,400,400,205,18.611,195,18.611,0,0.955,0.045
594580,"Moll, Sam","Pit",113,500,500,252,18.611,248,18.611,0.03,0.912,0.058
700669,"Graceffo, Gordon","Pit",138,504,504,305,18.617,199,18.617,0.01984126984126984,0.9484126984126984,0.031746031746031744
605400,"Nola, Aaron","Pit",143,1334,1334,891,18.667,443,18.667,0.015742128935532233,0.9610194902548725,0.023238380809595203
656848,"Petersen, Michael","Pit",146,434,434,293,18.755,141,18.755,0,0.9746543778801844,0.02534562211981567
518585,"Cruz, Fernando","Pit",147,401,401,199,18.766,202,18.766,0.034912718204488775,0.9301745635910225,0.034912718204488775
682243,"Miller, Bryce","Pit",136,705,705,516,18.92,189,18.92,0.0070921985815602835,0.9730496453900709,0.019858156028368795
669160,"May, Dustin","Pit",158,1023,1023,654,18.974,369,18.974,0.0019550342130987292,0.9775171065493646,0.020527859237536656
682842,"Uribe, Abner","Pit",158,426,426,229,18.978,197,18.978,0.009389671361502348,0.9366197183098591,0.0539906103286385
680694,"Bradish, Kyle","Pit",110,1112,1112,752,19.042,360,19.042,0.002697841726618705,0.9721223021582733,0.025179856115107913
664126,"Fairbanks, Pete","Pit",146,340,340,221,19.06,119,19.06,0.0029411764705882353,0.9264705882352942,0.07058823529411765
640448,"Finnegan, Kyle","Pit",116,433,433,228,19.067,205,19.067,0,0.9745958429561201,0.025404157043879907
664299,"Javier, Cristian","Pit",117,443,443,269,19.128,174,19.128,0.009029345372460496,0.9571106094808126,0.033860045146726865
608331,"Fried, Max","Pit",147,774,774,536,19.135,238,19.135,0.014211886304909561,0.9496124031007752,0.03617571059431524
596133,"Weaver, Luke","Pit",134,348,348,214,19.262,134,19.262,0,0.9425287356321839,0.05747126436781609
660761,"Suarez, José","Pit",133,441,441,217,19.374,224,19.374,0.015873015873015872,0.9546485260770975,0.02947845804988662
605135,"Bassitt, Chris","Pit",110,771,771,422,19.404,349,19.404,0.023346303501945526,0.9507133592736705,0.02594033722438392
681911,"Vesia, Alex","Pit",119,417,417,234,19.476,183,19.476,0,0.9688249400479616,0.03117505995203837
543243,"Gray, Sonny","Pit",111,1047,1047,699,19.497,348,19.497,0.0028653295128939827,0.9675262655205349,0.029608404966571154
676917,"Cavalli, Cade","Pit",120,1130,1130,773,19.537,357,19.537,0.022123893805309734,0.9451327433628318,0.03274336283185841
673513,"Matsui, Yuki","Pit",135,443,443,279,20.341,164,20.341,0.002257336343115124,0.9345372460496614,0.06320541760722348