"last_name, first_name","player_id","year","player_age","p_formatted_ip","pa","k_percent","bb_percent","xwoba","exit_velocity_avg","barrel_batted_rate","hard_hit_percent","whiff_percent","oz_swing_percent","fastball_avg_speed","fastball_avg_spin","fastball_avg_break","n_fastball_formatted","n_breaking_formatted","n_offspeed_formatted","breaking_avg_speed","breaking_avg_spin","offspeed_avg_speed","offspeed_avg_spin"
"Rodón, Carlos",607074,2024,31,"175.0",736,26.5,7.7,".316","90.4",11,40.9,30.1,30.9,"95.2","2384","19.4","52.9","34.2","12.9","85.4","2640","85.5","1656"
"Gausman, Kevin",592332,2024,33,"181.0",756,21.4,7.4,".340","90.2",9.9,42.4,23.4,29.8,"93.9","2276","20.2","58.2","8.4","33.4","82.7","2239","86","1764"
"Webb, Logan",657277,2024,27,"204.2",841,20.5,5.9,".325","89.8",7,46.2,20.8,32.9,"92.5","1969","14.7","47.8","21.3","30.9","83.8","2605","87.4","1460"
"Eovaldi, Nathan",543135,2024,34,"170.2",696,23.9,6,".309","89.3",7.7,42.6,26.8,32.4,"94.2","2213","15.6","52.6","16.6","30.8","78.4","1966","88.4","1599"
"Gilbert, Logan",669302,2024,27,"208.2",803,27.4,4.6,".276","89.6",7.2,39.3,31.7,30.1,"95.5","2084","16.6","42.7","43.8","13.4","87","2010","84.5","640"
"Bassitt, Chris",605135,2024,35,"171.0",758,22.2,9.2,".331","87.8",7.5,37.1,21.7,24.6,"91.6","2148","15.6","65","25.5","9.6","73.9","2320","84.3","1621"
"King, Michael",650633,2024,29,"173.2",726,27.7,8.7,".295","85.7",6.2,30.3,29.3,30.6,"93.3","2274","16.9","52","23.4","24.6","82.9","2634","86.7","2045"
"Bibee, Tanner",676440,2024,25,"173.2",710,26.3,6.2,".303","88.4",7,36.9,26.9,26.8,"91.6","2500","14","69.5","12.5","18","81.8","2682","82.5","1992"
"Rea, Colin",607067,2024,33,"167.2",714,18.9,6,".342","90.4",8.8,42,19.3,24.5,"91.2","2166","13.9","69.8","21.4","8.9","81.3","2191","86.6","1413"
"Canning, Griffin",656288,2024,28,"171.2",739,17.6,8.9,".338","90.5",8.6,41.9,24.5,29.3,"93.4","2113","18.2","38.6","34.8","26.7","85.5","2582","88.6","1770"
"Morton, Charlie",450203,2024,40,"165.1",701,23.8,9.3,".331","88.7",9.3,38.4,26.1,28,"93","2256","15.5","46.6","42.4","11","81.5","3085","85","2172"
"Anderson, Tyler",542881,2024,34,"179.1",765,18.6,9.5,".326","87.2",7.9,33,27.8,29.6,"87.9","2234","17.9","61","1.9","37.1","80.9","2367","78.9","1886"
"Imanaga, Shota",684007,2024,30,"173.1",694,25.1,4,".288","88.6",8.6,39.3,28.3,34.7,"91.5","2418","20.8","54.6","10.8","34.6","78.9","2482","82.8","1181"
"Wheeler, Zack",554430,2024,34,"200.0",787,28.5,6.6,".262","86.5",8.3,33.6,27.5,33.8,"94.5","2401","16.7","70","22.7","7.3","83.6","2636","86.2","1555"
"Keller, Mitch",656605,2024,28,"178.0",773,21.5,6.5,".321","88.8",7.2,39.3,21.5,28.3,"93.3","2434","15.6","64.4","34.6","1","82.9","2669","89.6","2104"
"Manaea, Sean",640455,2024,32,"181.2",738,24.9,8.5,".304","88.6",7.5,37.8,26.1,28.6,"91.9","2026","17.4","63.1","25.3","11.7","79.5","2140","85.3","1502"
"Burnes, Corbin",669203,2024,29,"194.1",784,23.1,6.1,".286","87.5",6.7,31.6,28.6,33,"95.5","2704","13.5","52.8","36.2","11.1","83.1","2919","89.2","2037"
"Kikuchi, Yusei",579328,2024,33,"175.2",736,28,6,".302","90.1",9.7,45,29,28,"95.5","2289","18.8","47","41.9","11.1","85.7","2428","86.8","1655"
"Blanco, Ronel",669854,2024,30,"167.1",676,24.6,10.1,".312","88.7",9.4,35.5,29,30.3,"93.4","2228","20","38.3","39.5","22.1","84.9","2131","85.2","1485"
"Singer, Brady",663903,2024,27,"179.2",762,22.3,7.1,".337","88.9",8,41.7,25.1,26,"92.1","2295","16.8","52.8","45.5","1.7","82.9","2409","88","2072"
"Fried, Max",608331,2024,30,"174.1",714,23.2,8,".303","86.3",5,34.6,24.1,29,"93.3","2180","11.5","53.8","32.5","13.7","77.3","2797","85.7","1421"
"Crawford, Kutter",676710,2024,28,"183.2",759,23.1,6.7,".307","88.4",9.9,36.3,25.3,32.9,"90.1","2499","15.8","65.8","25.6","8.6","79.8","2251","82.4","1102"
"Gray, Sonny",543243,2024,34,"166.1",671,30.3,5.8,".300","89.6",9,37.9,29.8,30.8,"91.1","2533","11.1","59.5","34.1","6.4","82.8","2672","88.3","1704"
"Eflin, Zach",621107,2024,30,"165.1",684,19.6,3.5,".303","88.1",7.5,36.1,21.6,32.5,"90.3","2161","13.1","65.5","28.5","6","79.1","2476","85.6","1596"
"Ober, Bailey",641927,2024,28,"178.2",709,26.9,6.1,".284","87.5",8.3,34.3,29,33.5,"91.7","2303","18.7","38.1","32.5","29.4","83.7","2053","83.4","2038"
"Flaherty, Jack",656427,2024,28,"162.0",649,29.9,5.9,".298","88.4",8,35.9,32.1,30.6,"93.2","2249","16","46.4","50.8","2.7","81.6","2456","85.7","1610"
"Houck, Tanner",656557,2024,28,"178.2",743,20.7,6.5,".317","89.4",5.8,41.8,22.6,31.2,"93.3","2198","15.6","33.7","41.4","24.9","83.2","2534","88.4","1836"
"Skubal, Tarik",669373,2024,27,"192.0",753,30.3,4.6,".259","87.5",6.7,33.9,31.9,31.1,"96.8","2184","18.2","53.7","19.1","27.1","86.5","2153","86.3","1686"
"Corbin, Patrick",571578,2024,34,"174.2",764,18.2,7.1,".359","90.8",8.3,46.7,22.4,29.8,"89.6","2157","13.8","60.6","36","3.4","79.5","2189","81","1570"
"Gibson, Kyle",502043,2024,36,"169.2",722,20.9,9.4,".340","88.2",9.3,39.1,25.9,26.3,"90.1","2180","13.6","60.8","29.2","9.9","80","2397","84.9","1712"
"Lugo, Seth",607625,2024,34,"206.2",836,21.7,5.7,".304","88.5",8,39,22.5,27.9,"91.8","2396","16.3","51.3","39.2","9.4","81.3","3054","86.9","1730"
"Pfaadt, Brandon",694297,2024,25,"181.2",760,24.3,5.5,".303","89.4",8.2,39.4,25.4,29.5,"93.8","2493","16.3","55.5","32.6","11.9","84.2","2799","87.6","2053"
"Peralta, Freddy",642547,2024,28,"173.2",725,27.6,9.4,".307","87.6",8.7,36.9,31.1,28.1,"94.3","2436","18.1","53.9","28.6","17.5","80.6","2310","87.7","1731"
"Valdez, Framber",664285,2024,30,"176.1",703,24,7.8,".292","90.2",5.3,45,27.2,28.7,"94.1","2153","17.8","46.9","35.6","17.5","80.3","2863","89.9","1677"
"Bello, Brayan",678394,2024,25,"162.1",702,21.8,9.1,".330","88.5",7.4,41.1,25.9,29.6,"95.7","2061","17.6","45","28","26.9","86.8","2364","87.6","1810"
"Taillon, Jameson",592791,2024,32,"165.1",675,18.5,4.9,".314","89.7",7.2,38.8,19.5,27.8,"90.1","2370","15","65.6","30.2","4.3","80","2713","86","1899"
"Castillo, Luis",622491,2024,31,"175.1",719,24.3,6.5,".313","89.7",8.5,41.9,25.9,31.1,"95.6","2112","17.9","63.4","22.4","14.3","85.7","2296","88.1","1894"
"Nola, Aaron",605400,2024,31,"199.1",820,24,6.1,".304","88.5",7.2,38.2,25.2,32.2,"91.3","2280","17.4","57.5","32.9","9.6","79.1","2604","85.7","1558"
"Feltner, Ryan",663372,2024,27,"162.1",692,19.9,7.5,".326","88.1",6.5,36.8,23.9,25.7,"94.5","2329","14.8","49.7","35.6","14.7","85.1","2517","85.2","1590"
"Berríos, José",621244,2024,30,"192.1",786,19.5,6.9,".336","89.6",7.8,41.8,21.1,29.5,"93.5","2101","18.4","55.5","28.6","16","83.2","2336","84.8","1588"
"Sánchez, Cristopher",650911,2024,27,"181.2",754,20.3,5.8,".298","87.4",5.4,34.5,24.3,36.4,"94.4","2111","19.3","47.6","16.8","35.7","84.4","2019","85.1","2018"
"Severino, Luis",622663,2024,30,"182.0",761,21.2,7.9,".307","87.1",5.7,35.6,22,29.7,"95.5","2182","16.6","68.4","24.1","7.5","85.6","2578","86.1","1583"
"Mikolas, Miles",571945,2024,35,"171.2",720,16.9,3.5,".334","88.8",8.1,42.3,16.4,27.9,"92.8","2208","16.1","51","40.5","8.5","82.9","2388","85.6","1676"
"Sale, Chris",519242,2024,35,"177.2",702,32.1,5.6,".263","86.5",5.6,31.2,31,33.6,"94.7","2215","18.1","45.5","40.3","14.2","78.6","2334","86.9","1881"
"Brown, Hunter",686613,2024,25,"170.0",712,25.1,8.4,".286","86.2",4.5,30.3,25.1,27.3,"95.1","2264","17","68.2","19.3","12.5","85.4","2370","88.4","1463"
"Cease, Dylan",656302,2024,28,"189.1",762,29.4,8.5,".286","89",8.5,38.6,32.4,30.5,"96.8","2558","18.5","44.1","55","0.9","86.5","2780","69.7","1554"
"Sears, JP",676664,2024,28,"180.2",758,18.1,6.5,".328","89.3",10.2,40.2,21.8,27.6,"91.5","2042","18.6","46.9","33.9","19.2","78.9","2417","84","1675"
"Quintana, Jose",500779,2024,35,"170.1",717,18.8,8.8,".330","88",6.7,38.2,22.2,28,"90.7","2068","18.1","52.9","27.8","19.3","77.7","2234","85.7","1323"
"Fedde, Erick",607200,2024,31,"177.1",726,21.2,7.2,".309","88.6",7.6,37.7,21.6,24.4,"91.4","2071","10.5","63.4","20.2","16.4","83.5","2356","87.7","1730"
"Gomber, Austin",596295,2024,30,"165.0",696,16.7,5.5,".350","90.2",9.6,41.2,19.9,26,"90.4","2180","18.8","40.4","39.1","20.5","80.2","2493","81.1","1664"
"Miller, Bryce",682243,2024,25,"180.1",704,24.3,6.4,".301","90.3",9.8,41.2,24.4,27.1,"94.9","2465","19.3","61.7","21.3","17.1","84.6","2384","84.4","912"
"López, Pablo",641154,2024,28,"185.1",772,25.6,5.3,".302","87.9",8.2,37.5,27,32.9,"94.9","2189","15.8","48.1","31.8","20.1","83.8","2514","88.5","2108"
"Gore, MacKenzie",669022,2024,25,"166.1",731,24.8,8.9,".318","88",6.8,38.1,28.6,27.4,"95","2251","16.7","69.5","21.2","9.3","83.1","2381","85.9","2018"
"Cortes, Nestor",641482,2024,29,"174.1",710,22.8,5.5,".298","89.7",7.9,43.6,24.2,27.4,"90.3","2346","16.1","73.6","16.7","9.6","78.2","2569","83.6","1406"
"Kirby, George",669923,2024,26,"191.0",778,23,3,".290","89",8.1,36.3,24.1,32,"96","2228","18.9","58","31.9","10.2","86.2","2388","86","946"
"Wacha, Michael",608379,2024,32,"166.2",685,21.2,6.6,".314","86.9",8.2,32.5,23.3,27.8,"92.5","2092","17.3","50.4","17.4","32.2","79.9","2144","81.2","1549"
"Ragans, Cole",666142,2024,26,"186.1",762,29.3,8.8,".284","88.3",6.2,35.4,32,29.8,"94.4","2542","19.1","53.1","23.2","23.7","83.6","2510","84.8","2161"
"Irvin, Jake",663623,2024,27,"187.2",769,20.3,6.8,".323","88.8",9.2,39.1,22.3,26.7,"93.3","2370","16.8","65","31.5","3.4","81.1","2534","88.4","2225"