"last_name, first_name","player_id","name_abbrev","team_id","position_name","age","bat_side","seconds_since_hit_000","seconds_since_hit_005","seconds_since_hit_010","seconds_since_hit_015","seconds_since_hit_020","seconds_since_hit_025","seconds_since_hit_030","seconds_since_hit_035","seconds_since_hit_040","seconds_since_hit_045","seconds_since_hit_050","seconds_since_hit_055","seconds_since_hit_060","seconds_since_hit_065","seconds_since_hit_070","seconds_since_hit_075","seconds_since_hit_080","seconds_since_hit_085","seconds_since_hit_090"
"Abrams, CJ","682928","WSH","120","SS","23","L","0.00","0.54","0.83","1.08","1.31","1.52","1.72","1.92","2.10","2.28","2.46","2.64","2.81","2.98","3.15","3.32","3.49","3.67","3.87"
"Abreu, José","547989","HOU","117","1B","37","R","0.00","0.59","0.93","1.22","1.47","1.71","1.93","2.15","2.36","2.56","2.76","2.96","3.15","3.35","3.54","3.74","3.94","4.14","4.37"
"Abreu, Wilyer","677800","BOS","111","RF","25","L","0.00","0.54","0.85","1.11","1.35","1.57","1.78","1.98","2.17","2.36","2.54","2.73","2.90","3.08","3.26","3.43","3.60","3.78","3.97"
"Acuña Jr., Ronald","660670","ATL","144","RF","26","R","0.00","0.55","0.85","1.11","1.34","1.55","1.76","1.95","2.15","2.33","2.51","2.69","2.87","3.04","3.21","3.38","3.56","3.74","3.93"
"Adames, Willy","642715","MIL","158","SS","28","R","0.00","0.57","0.89","1.16","1.40","1.62","1.83","2.03","2.23","2.41","2.60","2.78","2.96","3.13","3.31","3.48","3.65","3.82","4.00"
"Adams, Riley","656180","WSH","120","C","28","R","0.00","0.56","0.88","1.15","1.40","1.62","1.84","2.05","2.25","2.44","2.63","2.82","3.01","3.20","3.38","3.57","3.75","3.94","4.14"
"Adell, Jo","666176","LAA","108","RF","25","R","0.00","0.54","0.84","1.10","1.34","1.55","1.76","1.96","2.15","2.33","2.51","2.69","2.86","3.03","3.20","3.37","3.54","3.71","3.89"
"Ahmed, Nick","605113","SD","135","SS","34","R","0.00","0.57","0.91","1.18","1.43","1.65","1.87","2.07","2.27","2.47","2.65","2.84","3.02","3.20","3.38","3.56","3.73","3.91","4.10"
"Albies, Ozzie","645277","ATL","144","2B","27","L","0.00","0.53","0.83","1.08","1.31","1.53","1.73","1.93","2.12","2.31","2.49","2.67","2.85","3.03","3.21","3.40","3.59","3.79","4.00"
"Albies, Ozzie","645277","ATL","144","2B","27","R","0.00","0.56","0.88","1.15","1.39","1.61","1.81","2.01","2.21","2.39","2.58","2.76","2.94","3.12","3.29","3.47","3.65","3.83","4.02"
"Alexander, Blaze","677942","AZ","109","2B","25","R","0.00","0.55","0.86","1.12","1.35","1.57","1.77","1.96","2.15","2.33","2.51","2.69","2.86","3.03","3.20","3.37","3.54","3.71","3.89"
"Allen, Nick","669397","ATH","133","SS","25","R","0.00","0.54","0.85","1.11","1.35","1.57","1.78","1.98","2.17","2.36","2.55","2.73","2.92","3.10","3.27","3.45","3.63","3.81","3.99"
"Alonso, Pete","624413","NYM","121","1B","29","R","0.00","0.56","0.90","1.17","1.42","1.65","1.87","2.08","2.29","2.49","2.69","2.88","3.07","3.26","3.45","3.63","3.82","4.01","4.21"
"Altuve, Jose","514888","HOU","117","2B","34","R","0.00","0.54","0.85","1.11","1.34","1.55","1.76","1.95","2.14","2.32","2.50","2.68","2.85","3.03","3.20","3.37","3.54","3.72","3.90"
"Alvarez, Francisco","682626","NYM","121","C","22","R","0.00","0.56","0.89","1.16","1.41","1.64","1.85","2.06","2.27","2.46","2.66","2.85","3.03","3.22","3.40","3.59","3.78","3.97","4.17"
"Alvarez, Yordan","670541","HOU","117","DH","27","L","0.00","0.55","0.85","1.12","1.36","1.59","1.80","2.01","2.20","2.39","2.58","2.76","2.95","3.13","3.30","3.48","3.66","3.85","4.04"
"Amaya, Jacob","676070","CWS","145","SS","25","R","0.00","0.56","0.88","1.15","1.40","1.62","1.83","2.03","2.23","2.42","2.60","2.79","2.96","3.14","3.32","3.49","3.67","3.85","4.04"
"Amaya, Miguel","665804","CHC","112","C","25","R","0.00","0.57","0.91","1.20","1.45","1.69","1.91","2.13","2.34","2.54","2.74","2.93","3.12","3.32","3.51","3.70","3.89","4.09","4.30"
"Anderson, Tim","641313","MIA","146","SS","31","R","0.00","0.56","0.87","1.13","1.37","1.59","1.79","1.99","2.18","2.37","2.55","2.73","2.91","3.09","3.26","3.44","3.61","3.79","3.98"
"Andujar, Miguel","609280","ATH","133","LF","29","R","0.00","0.56","0.89","1.16","1.40","1.63","1.84","2.05","2.25","2.44","2.63","2.81","3.00","3.18","3.37","3.55","3.73","3.92","4.12"
"Aranda, Jonathan","666018","TB","139","1B","26","L","0.00","0.53","0.83","1.10","1.34","1.57","1.78","1.99","2.19","2.39","2.59","2.78","2.96","3.15","3.34","3.53","3.72","3.91","4.12"
"Arcia, Orlando","606115","ATL","144","SS","29","R","0.00","0.56","0.90","1.17","1.42","1.65","1.87","2.08","2.29","2.49","2.68","2.87","3.06","3.25","3.43","3.62","3.81","4.00","4.20"
"Arenado, Nolan","571448","STL","138","3B","33","R","0.00","0.58","0.94","1.23","1.49","1.73","1.96","2.18","2.39","2.60","2.80","3.00","3.19","3.39","3.58","3.77","3.96","4.17","4.38"
"Arias, Gabriel","672356","CLE","114","3B","24","R","0.00","0.56","0.88","1.15","1.40","1.62","1.83","2.04","2.24","2.43","2.62","2.80","2.98","3.16","3.34","3.52","3.70","3.88","4.06"
"Arozarena, Randy","668227","SEA","136","LF","29","R","0.00","0.54","0.86","1.12","1.35","1.57","1.77","1.97","2.16","2.34","2.53","2.70","2.88","3.05","3.22","3.39","3.56","3.73","3.92"
"Arraez, Luis","650333","SD","135","1B","27","L","0.00","0.53","0.84","1.10","1.34","1.56","1.77","1.97","2.17","2.36","2.55","2.74","2.92","3.10","3.28","3.46","3.65","3.84","4.04"
"Azócar, José","640492","SD","135","CF","28","R","0.00","0.55","0.86","1.12","1.35","1.57","1.77","1.97","2.15","2.34","2.51","2.69","2.86","3.03","3.19","3.36","3.52","3.69","3.86"
"Bader, Harrison","664056","NYM","121","CF","30","R","0.00","0.55","0.86","1.12","1.35","1.57","1.77","1.97","2.16","2.35","2.53","2.71","2.88","3.06","3.23","3.40","3.57","3.74","3.92"
"Bae, Jihwan","678225","PIT","134","CF","24","L","0.00","0.53","0.84","1.09","1.32","1.53","1.73","1.92","2.11","2.29","2.47","2.64","2.81","2.98","3.14","3.30","3.47","3.64","3.82"
"Bailey, Patrick","672275","SF","137","C","25","L","0.00","0.54","0.86","1.13","1.38","1.61","1.83","2.04","2.25","2.45","2.65","2.85","3.04","3.23","3.42","3.60","3.79","3.98","4.19"
"Bailey, Patrick","672275","SF","137","C","25","R","0.00","0.55","0.88","1.17","1.43","1.67","1.89","2.12","2.33","2.53","2.73","2.93","3.13","3.33","3.52","3.72","3.92","4.12","4.35"
"Barger, Addison","680718","TOR","141","3B","24","L","0.00","0.54","0.84","1.10","1.33","1.55","1.76","1.96","2.15","2.34","2.52","2.70","2.88","3.06","3.24","3.41","3.59","3.77","3.95"
"Barnes, Austin","605131","LAD","119","C","34","R","0.00","0.56","0.89","1.17","1.42","1.65","1.87","2.08","2.29","2.49","2.68","2.88","3.07","3.26","3.44","3.63","3.82","4.02","4.23"
"Barnhart, Tucker","571466","AZ","109","C","33","L","0.00","0.54","0.87","1.16","1.42","1.66","1.90","2.12","2.34","2.55","2.76","2.96","3.17","3.37","3.57","3.78","3.98","4.20","4.44"
"Bart, Joey","663698","PIT","134","C","27","R","0.00","0.54","0.87","1.13","1.38","1.61","1.83","2.03","2.23","2.43","2.62","2.81","2.99","3.17","3.35","3.53","3.71","3.89","4.07"
"Baty, Brett","683146","NYM","121","3B","24","L","0.00","0.54","0.84","1.10","1.34","1.56","1.77","1.98","2.17","2.37","2.56","2.74","2.93","3.11","3.29","3.47","3.65","3.84","4.04"
"Bauers, Jake","641343","MIL","158","1B","28","L","0.00","0.55","0.85","1.12","1.35","1.57","1.78","1.98","2.17","2.36","2.55","2.73","2.91","3.09","3.26","3.44","3.61","3.80","3.99"
"Beck, Jordan","687597","COL","115","LF","23","R","0.00","0.55","0.87","1.13","1.37","1.60","1.81","2.01","2.20","2.39","2.57","2.75","2.93","3.10","3.28","3.45","3.62","3.79","3.97"
"Bell, Josh","605137","AZ","109","1B","31","L","0.00","0.56","0.89","1.17","1.42","1.66","1.88","2.09","2.30","2.50","2.70","2.90","3.09","3.28","3.47","3.65","3.85","4.05","4.26"
"Bell, Josh","605137","AZ","109","1B","31","R","0.00","0.56","0.89","1.18","1.44","1.67","1.90","2.12","2.32","2.53","2.73","2.92","3.11","3.30","3.49","3.68","3.87","4.06","4.27"
"Bellinger, Cody","641355","CHC","112","CF","28","L","0.00","0.53","0.83","1.08","1.31","1.53","1.73","1.93","2.12","2.30","2.49","2.66","2.84","3.01","3.18","3.36","3.53","3.71","3.90"
"Benintendi, Andrew","643217","CWS","145","LF","29","L","0.00","0.55","0.85","1.11","1.34","1.56","1.77","1.97","2.16","2.35","2.53","2.72","2.90","3.08","3.25","3.44","3.62","3.81","4.01"
"Benson, Will","666181","CIN","113","RF","26","L","0.00","0.53","0.83","1.08","1.31","1.52","1.73","1.92","2.11","2.29","2.47","2.64","2.82","2.99","3.16","3.33","3.50","3.67","3.85"
"Berti, Jon","542932","NYY","147","3B","34","R","0.00","0.54","0.85","1.11","1.34","1.55","1.76","1.95","2.14","2.32","2.50","2.68","2.85","3.02","3.19","3.36","3.52","3.69","3.86"
"Bethancourt, Christian","542194","CHC","112","C","32","R","0.00","0.58","0.91","1.18","1.43","1.66","1.87","2.07","2.27","2.46","2.64","2.83","3.00","3.18","3.36","3.53","3.70","3.87","4.05"
"Betts, Mookie","605141","LAD","119","SS","31","R","0.00","0.56","0.88","1.15","1.39","1.61","1.82","2.02","2.22","2.41","2.59","2.78","2.96","3.14","3.32","3.50","3.68","3.87","4.07"
"Bichette, Bo","666182","TOR","141","SS","26","R","0.00","0.57","0.89","1.15","1.39","1.61","1.82","2.02","2.22","2.40","2.59","2.77","2.95","3.13","3.31","3.49","3.66","3.84","4.03"
"Biggio, Cavan","624415","ATL","144","2B","29","L","0.00","0.53","0.83","1.08","1.31","1.53","1.73","1.92","2.11","2.30","2.48","2.66","2.83","3.00","3.17","3.35","3.51","3.69","3.88"
"Blackmon, Charlie","453568","COL","115","DH","37","L","0.00","0.54","0.84","1.10","1.34","1.56","1.77","1.97","2.16","2.35","2.54","2.71","2.89","3.07","3.24","3.42","3.59","3.77","3.96"
"Blanco, Dairon","680118","KC","118","LF","31","R","0.00","0.55","0.85","1.10","1.33","1.53","1.73","1.92","2.10","2.28","2.45","2.62","2.79","2.95","3.11","3.28","3.44","3.60","3.77"
"Blankenhorn, Travis","663905","WSH","120","DH","27","L","0.00","0.56","0.88","1.14","1.39","1.61","1.83","2.04","2.23","2.43","2.62","2.81","3.00","3.18","3.37","3.56","3.75","3.96","4.17"
"Bleday, JJ","668709","ATH","133","CF","26","L","0.00","0.54","0.85","1.11","1.34","1.56","1.77","1.97","2.16","2.35","2.53","2.71","2.89","3.06","3.24","3.41","3.59","3.77","3.96"
"Bogaerts, Xander","593428","SD","135","2B","31","R","0.00","0.56","0.88","1.15","1.39","1.62","1.83","2.03","2.23","2.42","2.61","2.79","2.97","3.15","3.33","3.50","3.68","3.85","4.04"
"Bohm, Alec","664761","PHI","143","3B","27","R","0.00","0.57","0.90","1.18","1.43","1.66","1.88","2.09","2.29","2.49","2.69","2.88","3.06","3.25","3.44","3.62","3.81","4.00","4.20"
"Bouchard, Sean","656248","COL","115","RF","28","R","0.00","0.55","0.87","1.14","1.38","1.60","1.81","2.02","2.22","2.41","2.60","2.78","2.96","3.15","3.33","3.51","3.69","3.87","4.06"
"Bregman, Alex","608324","HOU","117","3B","30","R","0.00","0.55","0.87","1.13","1.37","1.60","1.81","2.01","2.21","2.40","2.59","2.77","2.96","3.14","3.32","3.49","3.67","3.85","4.03"
"Brennan, Will","686823","CLE","114","RF","26","L","0.00","0.53","0.82","1.08","1.31","1.53","1.73","1.93","2.12","2.30","2.48","2.66","2.84","3.01","3.19","3.36","3.54","3.72","3.90"
"Bride, Jonah","681146","MIA","146","1B","28","R","0.00","0.55","0.88","1.15","1.40","1.63","1.84","2.05","2.26","2.45","2.65","2.83","3.02","3.21","3.39","3.57","3.75","3.94","4.14"
"Brown, Seth","664913","ATH","133","LF","31","L","0.00","0.54","0.84","1.11","1.34","1.56","1.77","1.98","2.17","2.36","2.55","2.73","2.91","3.09","3.27","3.44","3.62","3.81","3.99"
"Bruján, Vidal","660644","MIA","146","SS","26","L","0.00","0.54","0.84","1.10","1.33","1.55","1.75","1.95","2.14","2.33","2.51","2.69","2.87","3.05","3.22","3.40","3.57","3.75","3.95"
"Bryant, Kris","592178","COL","115","DH","32","R","0.00","0.56","0.91","1.20","1.46","1.70","1.93","2.15","2.36","2.57","2.77","2.97","3.16","3.36","3.55","3.75","3.94","4.15","4.38"
"Burger, Jake","669394","MIA","146","3B","28","R","0.00","0.56","0.89","1.17","1.41","1.64","1.85","2.05","2.24","2.43","2.62","2.80","2.97","3.15","3.32","3.50","3.66","3.84","4.01"
"Burleson, Alec","676475","STL","138","DH","25","L","0.00","0.57","0.89","1.17","1.42","1.66","1.88","2.10","2.30","2.50","2.70","2.89","3.09","3.27","3.46","3.65","3.84","4.03","4.23"
"Busch, Michael","683737","CHC","112","1B","26","L","0.00","0.53","0.83","1.09","1.33","1.55","1.76","1.96","2.15","2.35","2.53","2.72","2.90","3.08","3.26","3.44","3.61","3.79","3.99"
"Butler, Lawrence","671732","ATH","133","RF","23","L","0.00","0.54","0.84","1.10","1.33","1.55","1.75","1.95","2.14","2.32","2.51","2.68","2.86","3.04","3.21","3.39","3.57","3.75","3.95"
"Buxton, Byron","621439","MIN","142","CF","30","R","0.00","0.56","0.86","1.11","1.34","1.55","1.74","1.93","2.11","2.28","2.45","2.62","2.79","2.95","3.11","3.27","3.43","3.59","3.75"
"Báez, Javier","595879","DET","116","SS","31","R","0.00","0.56","0.89","1.16","1.41","1.64","1.85","2.05","2.25","2.44","2.63","2.81","3.00","3.18","3.35","3.53","3.71","3.89","4.09"
"Caballero, José","676609","TB","139","SS","27","R","0.00","0.55","0.87","1.13","1.36","1.58","1.78","1.98","2.17","2.36","2.54","2.72","2.89","3.07","3.24","3.41","3.58","3.75","3.94"
"Cabbage, Trey","663550","HOU","117","RF","27","L","0.00","0.53","0.82","1.08","1.30","1.52","1.72","1.92","2.11","2.29","2.47","2.65","2.83","3.00","3.17","3.34","3.52","3.70","3.88"
"Cabrera, Oswaldo","665828","NYY","147","3B","25","L","0.00","0.54","0.84","1.10","1.34","1.56","1.77","1.97","2.17","2.36","2.54","2.73","2.91","3.09","3.26","3.44","3.62","3.80","3.99"
"Cabrera, Oswaldo","665828","NYY","147","3B","25","R","0.00","0.55","0.87","1.14","1.38","1.60","1.81","2.02","2.21","2.40","2.59","2.78","2.96","3.13","3.31","3.49","3.66","3.84","4.03"
"Calhoun, Willie","641432","LAA","108","DH","29","L","0.00","0.55","0.88","1.17","1.43","1.66","1.89","2.11","2.32","2.53","2.73","2.93","3.13","3.33","3.52","3.72","3.93","4.14","4.37"
"Call, Alex","669743","WSH","120","RF","29","R","0.00","0.57","0.89","1.16","1.40","1.63","1.84","2.04","2.24","2.43","2.61","2.79","2.98","3.15","3.33","3.50","3.67","3.85","4.03"
"Cameron, Daz","663662","ATH","133","LF","27","R","0.00","0.55","0.86","1.12","1.35","1.57","1.77","1.97","2.16","2.35","2.53","2.71","2.89","3.06","3.23","3.41","3.58","3.76","3.94"
"Caminero, Junior","691406","TB","139","3B","20","R","0.00","0.57","0.91","1.18","1.43","1.65","1.87","2.07","2.28","2.47","2.66","2.85","3.03","3.22","3.40","3.58","3.76","3.95","4.14"
"Campero, Gustavo","672569","LAA","108","RF","26","L","0.00","0.54","0.84","1.09","1.32","1.53","1.73","1.93","2.11","2.30","2.48","2.65","2.83","3.00","3.17","3.33","3.50","3.68","3.86"
"Campusano, Luis","669134","SD","135","C","25","R","0.00","0.57","0.91","1.19","1.45","1.69","1.92","2.14","2.36","2.56","2.76","2.96","3.16","3.35","3.55","3.74","3.94","4.14","4.36"
"Candelario, Jeimer","600869","CIN","113","3B","30","L","0.00","0.55","0.87","1.14","1.39","1.61","1.83","2.03","2.23","2.43","2.61","2.80","2.98","3.16","3.34","3.52","3.70","3.88","4.09"
"Candelario, Jeimer","600869","CIN","113","3B","30","R","0.00","0.58","0.92","1.19","1.44","1.68","1.90","2.10","2.31","2.50","2.69","2.88","3.07","3.25","3.43","3.61","3.79","3.97","4.16"
"Canha, Mark","592192","SF","137","1B","35","R","0.00","0.55","0.88","1.14","1.38","1.61","1.82","2.02","2.22","2.41","2.60","2.78","2.96","3.14","3.32","3.50","3.67","3.85","4.03"
"Canzone, Dominic","686527","SEA","136","RF","26","L","0.00","0.54","0.84","1.10","1.34","1.56","1.76","1.96","2.16","2.35","2.53","2.71","2.89","3.07","3.25","3.43","3.61","3.80","3.99"
"Caratini, Victor","605170","HOU","117","C","30","L","0.00","0.55","0.88","1.15","1.40","1.65","1.87","2.09","2.30","2.51","2.71","2.91","3.11","3.31","3.50","3.70","3.90","4.11","4.34"
"Caratini, Victor","605170","HOU","117","C","30","R","0.00","0.58","0.93","1.22","1.48","1.72","1.95","2.16","2.38","2.58","2.79","2.99","3.19","3.39","3.59","3.79","4.00","4.22","4.46"
"Carlson, Dylan","666185","TB","139","LF","25","L","0.00","0.55","0.86","1.13","1.37","1.59","1.80","2.01","2.20","2.39","2.58","2.77","2.95","3.13","3.31","3.49","3.67","3.85","4.05"
"Carlson, Dylan","666185","TB","139","LF","25","R","0.00","0.55","0.88","1.15","1.39","1.61","1.83","2.03","2.23","2.42","2.61","2.79","2.97","3.15","3.33","3.51","3.69","3.86","4.05"
"Carpenter, Kerry","681481","DET","116","DH","26","L","0.00","0.54","0.84","1.10","1.34","1.56","1.77","1.97","2.16","2.35","2.53","2.71","2.89","3.06","3.24","3.41","3.59","3.77","3.95"
"Carroll, Corbin","682998","AZ","109","CF","23","L","0.00","0.53","0.82","1.06","1.28","1.49","1.68","1.87","2.05","2.23","2.40","2.57","2.74","2.90","3.07","3.23","3.39","3.56","3.73"
"Carter, Evan","694497","TEX","140","LF","21","L","0.00","0.53","0.82","1.07","1.30","1.51","1.71","1.90","2.08","2.26","2.43","2.61","2.77","2.94","3.10","3.27","3.43","3.60","3.77"
"Casali, Curt","592200","SF","137","C","35","R","0.00","0.56","0.90","1.20","1.46","1.71","1.94","2.17","2.39","2.60","2.82","3.03","3.23","3.44","3.64","3.84","4.04","4.25","4.47"
"Casas, Triston","671213","BOS","111","1B","24","L","0.00","0.56","0.89","1.17","1.42","1.65","1.88","2.10","2.30","2.51","2.71","2.91","3.10","3.30","3.50","3.69","3.89","4.09","4.31"
"Castellanos, Nick","592206","PHI","143","RF","32","R","0.00","0.56","0.89","1.16","1.41","1.63","1.85","2.06","2.26","2.45","2.64","2.83","3.01","3.20","3.38","3.55","3.73","3.91","4.09"
"Castro, Willi","650489","MIN","142","SS","27","R","0.00","0.58","0.90","1.17","1.41","1.63","1.84","2.04","2.23","2.42","2.60","2.78","2.96","3.13","3.31","3.48","3.65","3.82","4.00"
"Castro, Willi","650489","MIN","142","SS","27","L","0.00","0.53","0.82","1.08","1.31","1.53","1.73","1.93","2.12","2.30","2.49","2.66","2.84","3.02","3.19","3.37","3.54","3.72","3.90"
"Cave, Jake","595909","COL","115","RF","31","L","0.00","0.53","0.83","1.08","1.31","1.53","1.74","1.94","2.13","2.32","2.51","2.69","2.87","3.05","3.23","3.40","3.58","3.77","3.96"
"Chaparro, Andrés","665953","WSH","120","DH","25","R","0.00","0.57","0.91","1.19","1.44","1.68","1.90","2.12","2.33","2.53","2.73","2.93","3.12","3.32","3.51","3.69","3.89","4.08","4.29"
"Chapman, Matt","656305","SF","137","3B","31","R","0.00","0.55","0.87","1.13","1.37","1.59","1.79","1.99","2.19","2.37","2.56","2.73","2.91","3.08","3.26","3.43","3.59","3.77","3.94"
"Chisholm Jr., Jazz","665862","NYY","147","CF","26","L","0.00","0.54","0.84","1.09","1.32","1.53","1.73","1.92","2.11","2.29","2.47","2.65","2.82","2.99","3.16","3.33","3.50","3.68","3.88"
"Chourio, Jackson","694192","MIL","158","LF","20","R","0.00","0.55","0.86","1.12","1.34","1.55","1.75","1.94","2.13","2.31","2.48","2.65","2.82","2.98","3.14","3.31","3.47","3.63","3.80"
"Clemens, Kody","665019","PHI","143","3B","28","L","0.00","0.54","0.84","1.10","1.33","1.55","1.76","1.96","2.15","2.34","2.52","2.71","2.88","3.06","3.24","3.41","3.59","3.77","3.96"
"Clement, Ernie","676391","TOR","141","3B","28","R","0.00","0.55","0.86","1.13","1.36","1.58","1.79","1.99","2.18","2.37","2.55","2.73","2.90","3.08","3.25","3.42","3.59","3.76","3.94"
"Conforto, Michael","624424","SF","137","LF","31","L","0.00","0.55","0.86","1.13","1.37","1.59","1.81","2.01","2.21","2.41","2.60","2.79","2.97","3.16","3.34","3.52","3.70","3.89","4.09"
"Conine, Griffin","665052","MIA","146","RF","26","L","0.00","0.55","0.85","1.11","1.35","1.57","1.77","1.97","2.16","2.35","2.53","2.71","2.89","3.07","3.24","3.41","3.59","3.76","3.95"
"Contreras, William","661388","MIL","158","C","26","R","0.00","0.56","0.88","1.16","1.40","1.63","1.84","2.05","2.25","2.44","2.63","2.81","3.00","3.18","3.36","3.54","3.72","3.90","4.08"
"Contreras, Willson","575929","STL","138","C","32","R","0.00","0.55","0.87","1.14","1.38","1.61","1.82","2.03","2.23","2.42","2.61","2.79","2.98","3.16","3.34","3.52","3.70","3.88","4.07"
"Cooper, Garrett","643265","BOS","111","DH","33","R","0.00","0.59","0.93","1.21","1.45","1.69","1.90","2.11","2.31","2.51","2.71","2.89","3.08","3.26","3.45","3.63","3.81","4.00","4.19"
"Correa, Carlos","621043","MIN","142","SS","29","R","0.00","0.55","0.88","1.15","1.40","1.63","1.84","2.05","2.24","2.44","2.63","2.81","2.99","3.17","3.35","3.53","3.70","3.89","4.07"
"Cowser, Colton","681297","BAL","110","LF","24","L","0.00","0.54","0.84","1.09","1.32","1.54","1.74","1.93","2.12","2.30","2.49","2.66","2.84","3.01","3.18","3.36","3.53","3.71","3.89"
"Crawford, J.P.","641487","SEA","136","SS","29","L","0.00","0.55","0.86","1.12","1.36","1.58","1.80","2.00","2.20","2.39","2.58","2.76","2.94","3.12","3.31","3.49","3.67","3.87","4.07"
"Crews, Dylan","686611","WSH","120","RF","22","R","0.00","0.56","0.87","1.12","1.35","1.56","1.76","1.96","2.15","2.33","2.51","2.68","2.86","3.03","3.20","3.37","3.53","3.70","3.88"
"Cronenworth, Jake","630105","SD","135","1B","30","L","0.00","0.54","0.84","1.09","1.33","1.54","1.75","1.95","2.14","2.33","2.52","2.70","2.87","3.05","3.23","3.40","3.58","3.76","3.95"
"Crow-Armstrong, Pete","691718","CHC","112","CF","22","L","0.00","0.54","0.83","1.07","1.29","1.50","1.70","1.88","2.07","2.24","2.42","2.59","2.75","2.92","3.08","3.24","3.40","3.57","3.75"
"Cruz, Oneil","665833","PIT","134","SS","25","L","0.00","0.55","0.85","1.11","1.34","1.55","1.76","1.95","2.13","2.31","2.49","2.66","2.83","3.00","3.16","3.33","3.49","3.66","3.84"
"Dalbec, Bobby","666915","BOS","111","1B","29","R","0.00","0.53","0.85","1.11","1.35","1.57","1.77","1.97","2.17","2.35","2.54","2.72","2.90","3.07","3.24","3.42","3.59","3.77","3.95"
"Davis, Henry","680779","PIT","134","C","24","R","0.00","0.57","0.89","1.16","1.40","1.62","1.83","2.04","2.23","2.42","2.61","2.80","2.98","3.16","3.33","3.51","3.69","3.86","4.04"
"Davis, J.D.","605204","NYY","147","1B","31","R","0.00","0.56","0.89","1.16","1.41","1.64","1.86","2.07","2.28","2.47","2.67","2.86","3.04","3.23","3.41","3.60","3.78","3.97","4.16"
"De La Cruz, Bryan","650559","PIT","134","LF","27","R","0.00","0.56","0.88","1.15","1.39","1.61","1.83","2.03","2.23","2.42","2.60","2.79","2.97","3.15","3.32","3.50","3.67","3.85","4.03"
"De La Cruz, Elly","682829","CIN","113","SS","22","R","0.00","0.55","0.86","1.11","1.34","1.55","1.75","1.94","2.12","2.30","2.47","2.64","2.80","2.96","3.13","3.28","3.44","3.60","3.77"
"De La Cruz, Elly","682829","CIN","113","SS","22","L","0.00","0.53","0.82","1.06","1.29","1.50","1.69","1.88","2.06","2.23","2.41","2.57","2.74","2.90","3.06","3.22","3.38","3.55","3.72"
"DeJong, Paul","657557","KC","118","SS","30","R","0.00","0.57","0.90","1.17","1.41","1.64","1.85","2.06","2.26","2.46","2.65","2.83","3.02","3.20","3.39","3.57","3.75","3.93","4.12"
"DeLoach, Zach","676113","CWS","145","RF","25","L","0.00","0.54","0.84","1.10","1.33","1.55","1.76","1.95","2.15","2.33","2.52","2.69","2.87","3.05","3.22","3.39","3.57","3.74","3.93"
"DeLuca, Jonny","676356","TB","139","RF","25","R","0.00","0.54","0.85","1.10","1.33","1.54","1.74","1.93","2.11","2.29","2.47","2.64","2.81","2.97","3.14","3.30","3.47","3.63","3.81"
"Devers, Rafael","646240","BOS","111","3B","27","L","0.00","0.54","0.86","1.13","1.37","1.60","1.81","2.02","2.22","2.41","2.60","2.79","2.97","3.15","3.34","3.52","3.71","3.90","4.11"
"Dezenzo, Zach","701305","HOU","117","1B","24","R","0.00","0.56","0.88","1.15","1.39","1.61","1.82","2.01","2.21","2.40","2.58","2.76","2.94","3.12","3.29","3.46","3.63","3.81","3.98"
"Diaz, Yainer","673237","HOU","117","C","25","R","0.00","0.55","0.87","1.14","1.38","1.61","1.82","2.02","2.22","2.41","2.59","2.78","2.95","3.13","3.31","3.49","3.66","3.83","4.02"
"Dingler, Dillon","693307","DET","116","C","25","R","0.00","0.58","0.90","1.17","1.41","1.63","1.84","2.04","2.24","2.43","2.62","2.80","2.98","3.17","3.34","3.52","3.70","3.88","4.08"
"Donovan, Brendan","680977","STL","138","LF","27","L","0.00","0.54","0.85","1.12","1.36","1.58","1.79","2.00","2.20","2.39","2.58","2.76","2.95","3.13","3.31","3.48","3.66","3.85","4.05"
"Doyle, Brenton","686668","COL","115","CF","26","R","0.00","0.57","0.88","1.13","1.36","1.58","1.78","1.97","2.15","2.33","2.51","2.68","2.85","3.02","3.19","3.36","3.52","3.69","3.86"
"Driscoll, Logan","686482","TB","139","C","26","L","0.00","0.53","0.85","1.12","1.37","1.61","1.83","2.04","2.25","2.45","2.64","2.83","3.02","3.21","3.39","3.58","3.76","3.95","4.16"
"Drury, Brandon","592273","LAA","108","2B","31","R","0.00","0.57","0.91","1.19","1.45","1.68","1.90","2.11","2.32","2.52","2.71","2.90","3.09","3.28","3.47","3.65","3.84","4.03","4.23"
"Dubón, Mauricio","643289","HOU","117","LF","29","R","0.00","0.55","0.86","1.13","1.36","1.58","1.79","1.99","2.19","2.37","2.56","2.74","2.92","3.10","3.27","3.45","3.63","3.81","4.00"
"Dunn, Oliver","686554","MIL","158","3B","26","L","0.00","0.54","0.83","1.08","1.30","1.52","1.72","1.91","2.10","2.28","2.46","2.63","2.80","2.98","3.14","3.31","3.47","3.64","3.81"
"Duran, Ezequiel","677649","TEX","140","3B","25","R","0.00","0.55","0.87","1.13","1.36","1.58","1.78","1.98","2.17","2.36","2.54","2.72","2.89","3.07","3.24","3.41","3.57","3.74","3.92"
"Duran, Jarren","680776","BOS","111","CF","27","L","0.00","0.53","0.82","1.07","1.29","1.51","1.70","1.90","2.08","2.26","2.44","2.61","2.78","2.95","3.11","3.28","3.44","3.61","3.79"
"Duvall, Adam","594807","ATL","144","RF","35","R","0.00","0.57","0.88","1.15","1.38","1.60","1.81","2.01","2.20","2.38","2.57","2.75","2.92","3.10","3.27","3.44","3.61","3.79","3.96"
"Díaz, Elias","553869","SD","135","C","33","R","0.00","0.58","0.93","1.22","1.48","1.72","1.95","2.17","2.39","2.60","2.80","3.00","3.20","3.40","3.59","3.79","3.98","4.19","4.40"
"Díaz, Yandy","650490","TB","139","1B","32","R","0.00","0.57","0.90","1.18","1.42","1.65","1.87","2.07","2.27","2.47","2.65","2.84","3.02","3.20","3.39","3.56","3.74","3.93","4.13"
"Edman, Tommy","669242","LAD","119","SS","29","L","0.00","0.54","0.83","1.08","1.32","1.53","1.74","1.93","2.12","2.31","2.49","2.67","2.85","3.02","3.20","3.37","3.55","3.73","3.93"
"Edman, Tommy","669242","LAD","119","SS","29","R","0.00","0.54","0.85","1.12","1.35","1.57","1.78","1.98","2.17","2.35","2.54","2.71","2.89","3.06","3.24","3.41","3.58","3.75","3.94"
"Edwards, Xavier","669364","MIA","146","SS","24","L","0.00","0.53","0.82","1.08","1.31","1.52","1.73","1.92","2.11","2.30","2.48","2.65","2.83","3.00","3.17","3.33","3.50","3.68","3.87"
"Edwards, Xavier","669364","MIA","146","SS","24","R","0.00","0.55","0.86","1.12","1.35","1.57","1.77","1.97","2.16","2.34","2.52","2.69","2.87","3.04","3.21","3.38","3.54","3.71","3.90"
"Encarnacion, Jerar","666464","SF","137","DH","26","R","0.00","0.57","0.89","1.15","1.40","1.62","1.83","2.04","2.23","2.43","2.61","2.80","2.98","3.16","3.34","3.52","3.70","3.88","4.06"
"Encarnacion-Strand, Christian","687952","CIN","113","1B","24","R","0.00","0.57","0.90","1.17","1.41","1.64","1.86","2.06","2.26","2.46","2.65","2.84","3.02","3.20","3.39","3.57","3.75","3.94","4.13"
"Espinal, Santiago","669289","CIN","113","3B","29","R","0.00","0.55","0.87","1.14","1.39","1.61","1.83","2.03","2.23","2.42","2.61","2.80","2.98","3.16","3.34","3.52","3.70","3.88","4.07"
"Estrada, Thairo","642731","SF","137","2B","28","R","0.00","0.55","0.86","1.13","1.36","1.58","1.79","1.99","2.19","2.38","2.56","2.74","2.92","3.10","3.27","3.45","3.62","3.79","3.98"
"Fairchild, Stuart","656413","CIN","113","CF","28","R","0.00","0.54","0.85","1.11","1.34","1.56","1.76","1.96","2.15","2.33","2.51","2.69","2.87","3.04","3.21","3.38","3.55","3.72","3.89"
"Farmer, Kyle","571657","MIN","142","2B","33","R","0.00","0.56","0.90","1.17","1.42","1.65","1.87","2.08","2.29","2.48","2.68","2.87","3.06","3.24","3.43","3.62","3.81","4.01","4.22"
"Fermin, Freddy","666023","KC","118","C","29","R","0.00","0.56","0.89","1.15","1.39","1.61","1.82","2.03","2.22","2.41","2.60","2.79","2.97","3.15","3.33","3.51","3.70","3.88","4.08"
"Fermín, José","665877","STL","138","2B","25","R","0.00","0.54","0.86","1.12","1.36","1.58","1.78","1.98","2.17","2.36","2.54","2.72","2.89","3.06","3.23","3.40","3.57","3.73","3.91"
"Fitzgerald, Tyler","666149","SF","137","SS","26","R","0.00","0.55","0.85","1.10","1.32","1.53","1.73","1.92","2.10","2.28","2.45","2.62","2.79","2.95","3.11","3.28","3.44","3.60","3.76"
"Fletcher, Dominic","666150","CWS","145","RF","26","L","0.00","0.54","0.85","1.12","1.36","1.59","1.80","2.01","2.21","2.41","2.60","2.79","2.98","3.16","3.35","3.53","3.72","3.92","4.12"
"Flores, Wilmer","527038","SF","137","1B","32","R","0.00","0.56","0.90","1.19","1.46","1.71","1.94","2.17","2.38","2.60","2.81","3.02","3.23","3.43","3.64","3.84","4.05","4.26","4.49"
"Florial, Estevan","664314","CLE","114","DH","26","L","0.00","0.53","0.83","1.08","1.31","1.53","1.73","1.92","2.11","2.30","2.48","2.65","2.83","3.00","3.17","3.34","3.52","3.70","3.89"
"Fortes, Nick","663743","MIA","146","C","27","R","0.00","0.57","0.90","1.17","1.42","1.64","1.86","2.06","2.26","2.45","2.64","2.83","3.02","3.20","3.38","3.56","3.74","3.93","4.13"
"Fraley, Jake","641584","CIN","113","RF","29","L","0.00","0.52","0.80","1.05","1.28","1.49","1.69","1.88","2.07","2.25","2.43","2.60","2.78","2.95","3.12","3.28","3.45","3.63","3.82"
"France, Ty","664034","CIN","113","1B","29","R","0.00","0.57","0.92","1.21","1.46","1.70","1.93","2.15","2.36","2.57","2.78","2.98","3.17","3.37","3.56","3.76","3.95","4.16","4.37"
"Frazier, Adam","624428","KC","118","2B","32","L","0.00","0.54","0.84","1.10","1.34","1.57","1.78","1.99","2.18","2.38","2.57","2.76","2.94","3.12","3.31","3.49","3.68","3.87","4.07"
"Freeman, Freddie","518692","LAD","119","1B","34","L","0.00","0.54","0.85","1.12","1.37","1.60","1.81","2.02","2.22","2.42","2.61","2.80","2.99","3.17","3.36","3.55","3.74","3.95","4.17"
"Freeman, Tyler","671289","CLE","114","CF","25","R","0.00","0.56","0.87","1.13","1.36","1.58","1.79","1.99","2.18","2.37","2.55","2.73","2.91","3.09","3.26","3.43","3.61","3.78","3.97"
"Frelick, Sal","686217","MIL","158","RF","24","L","0.00","0.52","0.81","1.06","1.28","1.49","1.68","1.87","2.05","2.23","2.40","2.58","2.74","2.91","3.07","3.23","3.40","3.57","3.75"
"Friedl, TJ","670770","CIN","113","CF","28","L","0.00","0.54","0.84","1.10","1.34","1.56","1.77","1.97","2.16","2.36","2.54","2.73","2.91","3.09","3.27","3.45","3.64","3.83","4.04"
"Fry, David","681807","CLE","114","DH","28","R","0.00","0.56","0.90","1.18","1.43","1.66","1.88","2.10","2.30","2.51","2.70","2.90","3.09","3.27","3.46","3.65","3.84","4.03","4.22"
"Gallo, Joey","608336","WSH","120","1B","30","L","0.00","0.54","0.85","1.13","1.37","1.60","1.82","2.03","2.24","2.44","2.63","2.82","3.01","3.19","3.38","3.56","3.75","3.94","4.14"
"Garcia, Maikel","672580","KC","118","3B","24","R","0.00","0.56","0.87","1.13","1.37","1.58","1.79","1.98","2.18","2.36","2.54","2.72","2.89","3.07","3.24","3.41","3.58","3.76","3.95"
"García Jr., Luis","671277","WSH","120","2B","24","L","0.00","0.54","0.85","1.11","1.35","1.57","1.78","1.97","2.17","2.36","2.54","2.72","2.90","3.08","3.26","3.44","3.62","3.81","4.00"
"García, Adolis","666969","TEX","140","RF","31","R","0.00","0.57","0.90","1.16","1.40","1.62","1.83","2.03","2.23","2.42","2.60","2.79","2.96","3.14","3.32","3.49","3.67","3.85","4.03"
"García, Avisaíl","541645","MIA","146","RF","33","R","0.00","0.57","0.90","1.17","1.41","1.64","1.85","2.05","2.25","2.44","2.63","2.81","2.99","3.17","3.34","3.51","3.69","3.86","4.05"
"Garver, Mitch","641598","SEA","136","DH","33","R","0.00","0.56","0.89","1.17","1.42","1.66","1.88","2.09","2.30","2.50","2.70","2.89","3.08","3.27","3.45","3.64","3.82","4.01","4.20"
"Gelof, Zack","680869","ATH","133","2B","24","R","0.00","0.55","0.86","1.11","1.34","1.56","1.76","1.96","2.14","2.33","2.51","2.68","2.85","3.02","3.19","3.36","3.53","3.70","3.87"
"Giménez, Andrés","665926","CLE","114","2B","25","L","0.00","0.54","0.84","1.09","1.32","1.53","1.73","1.93","2.12","2.30","2.48","2.65","2.82","2.99","3.16","3.33","3.50","3.68","3.87"
"Goldschmidt, Paul","502671","STL","138","1B","36","R","0.00","0.56","0.89","1.16","1.40","1.63","1.84","2.05","2.25","2.45","2.64","2.83","3.01","3.19","3.38","3.56","3.74","3.93","4.12"
"Gomes, Yan","543228","CHC","112","C","36","R","0.00","0.58","0.92","1.20","1.46","1.69","1.91","2.13","2.33","2.53","2.73","2.92","3.11","3.30","3.49","3.67","3.86","4.05","4.25"
"Gonzales, Nick","693304","PIT","134","2B","25","R","0.00","0.56","0.87","1.13","1.37","1.58","1.79","1.98","2.17","2.36","2.54","2.71","2.89","3.06","3.22","3.39","3.56","3.72","3.90"
"Gonzalez, Romy","663853","BOS","111","","27","R","0.00","0.53","0.84","1.10","1.33","1.54","1.75","1.94","2.13","2.32","2.50","2.67","2.85","3.02","3.19","3.36","3.53","3.69","3.87"
"Goodman, Hunter","696100","COL","115","C","24","R","0.00","0.55","0.88","1.14","1.38","1.60","1.82","2.02","2.21","2.40","2.59","2.77","2.95","3.13","3.30","3.47","3.65","3.82","4.01"
"Gordon, Nick","624503","MIA","146","LF","28","L","0.00","0.53","0.83","1.09","1.33","1.54","1.75","1.96","2.15","2.34","2.52","2.71","2.88","3.06","3.24","3.42","3.60","3.78","3.98"
"Gorman, Nolan","669357","STL","138","2B","24","L","0.00","0.56","0.88","1.16","1.40","1.63","1.85","2.06","2.26","2.46","2.65","2.84","3.02","3.21","3.39","3.57","3.75","3.94","4.14"
"Grandal, Yasmani","518735","PIT","134","C","35","L","0.00","0.56","0.90","1.19","1.46","1.71","1.95","2.18","2.40","2.63","2.84","3.06","3.27","3.48","3.70","3.92","4.14","4.39","4.65"
"Greene, Riley","682985","DET","116","LF","23","L","0.00","0.54","0.84","1.10","1.33","1.55","1.75","1.95","2.14","2.33","2.51","2.69","2.87","3.04","3.22","3.39","3.56","3.74","3.93"
"Grichuk, Randal","545341","AZ","109","RF","32","R","0.00","0.55","0.87","1.14","1.38","1.60","1.82","2.02","2.22","2.41","2.60","2.78","2.96","3.14","3.32","3.50","3.68","3.86","4.05"
"Grisham, Trent","663757","NYY","147","CF","27","L","0.00","0.54","0.84","1.10","1.34","1.56","1.76","1.96","2.16","2.35","2.53","2.71","2.89","3.07","3.25","3.42","3.60","3.78","3.97"
"Grissom, Vaughn","687093","BOS","111","2B","23","R","0.00","0.56","0.88","1.15","1.39","1.61","1.82","2.02","2.22","2.41","2.59","2.78","2.96","3.14","3.31","3.49","3.66","3.84","4.03"
"Grossman, Robbie","543257","KC","118","DH","34","L","0.00","0.55","0.86","1.12","1.36","1.58","1.79","1.99","2.19","2.38","2.57","2.76","2.94","3.12","3.30","3.48","3.66","3.85","4.04"
"Grossman, Robbie","543257","KC","118","DH","34","R","0.00","0.56","0.88","1.15","1.39","1.61","1.82","2.03","2.22","2.41","2.60","2.78","2.97","3.14","3.32","3.50","3.67","3.85","4.03"
"Guerrero Jr., Vladimir","665489","TOR","141","1B","25","R","0.00","0.56","0.89","1.17","1.41","1.64","1.85","2.06","2.26","2.45","2.64","2.82","3.00","3.18","3.36","3.54","3.71","3.88","4.06"
"Guillorme, Luis","641645","AZ","109","2B","29","L","0.00","0.56","0.90","1.18","1.43","1.67","1.90","2.12","2.33","2.53","2.73","2.93","3.13","3.33","3.52","3.72","3.92","4.14","4.36"
"Gurriel Jr., Lourdes","666971","AZ","109","LF","30","R","0.00","0.57","0.89","1.17","1.41","1.64","1.85","2.06","2.26","2.45","2.64","2.83","3.02","3.20","3.38","3.57","3.75","3.93","4.12"
"Gurriel, Yuli","493329","KC","118","1B","40","R","0.00","0.55","0.88","1.15","1.39","1.61","1.82","2.03","2.22","2.41","2.60","2.78","2.97","3.14","3.32","3.50","3.67","3.85","4.03"
"Hamilton, David","666152","BOS","111","SS","26","L","0.00","0.53","0.81","1.06","1.28","1.48","1.68","1.87","2.05","2.23","2.40","2.57","2.74","2.91","3.07","3.24","3.40","3.58","3.75"
"Hampson, Garrett","641658","KC","118","CF","29","R","0.00","0.57","0.89","1.15","1.38","1.59","1.79","1.98","2.17","2.34","2.52","2.69","2.86","3.02","3.19","3.35","3.52","3.68","3.86"
"Haniger, Mitch","571745","SEA","136","RF","33","R","0.00","0.57","0.90","1.18","1.43","1.66","1.88","2.08","2.29","2.49","2.68","2.87","3.06","3.25","3.44","3.62","3.81","4.00","4.20"
"Happ, Ian","664023","CHC","112","LF","29","L","0.00","0.55","0.85","1.12","1.35","1.57","1.78","1.98","2.17","2.36","2.54","2.72","2.90","3.07","3.25","3.42","3.59","3.77","3.95"
"Happ, Ian","664023","CHC","112","LF","29","R","0.00","0.56","0.89","1.15","1.39","1.61","1.82","2.02","2.22","2.40","2.59","2.77","2.94","3.12","3.29","3.46","3.64","3.81","3.98"
"Harper, Bryce","547180","PHI","143","1B","31","L","0.00","0.55","0.86","1.12","1.36","1.58","1.79","1.99","2.18","2.37","2.55","2.74","2.92","3.09","3.27","3.45","3.62","3.81","4.02"
"Harris II, Michael","671739","ATL","144","CF","23","L","0.00","0.54","0.83","1.08","1.31","1.53","1.73","1.92","2.11","2.29","2.47","2.65","2.82","2.99","3.16","3.33","3.50","3.68","3.87"
"Harris, Brett","695391","ATH","133","3B","26","R","0.00","0.56","0.89","1.16","1.41","1.63","1.85","2.06","2.26","2.45","2.64","2.83","3.01","3.20","3.38","3.56","3.74","3.93","4.13"
"Hayes, Ke'Bryan","663647","PIT","134","3B","27","R","0.00","0.56","0.89","1.17","1.41","1.64","1.85","2.06","2.26","2.45","2.64","2.83","3.01","3.20","3.38","3.56","3.74","3.93","4.14"
"Hays, Austin","669720","PHI","143","LF","28","R","0.00","0.54","0.86","1.14","1.37","1.60","1.81","2.02","2.22","2.41","2.60","2.79","2.97","3.15","3.34","3.52","3.69","3.88","4.06"
"Hedges, Austin","595978","CLE","114","C","31","R","0.00","0.58","0.92","1.21","1.47","1.71","1.93","2.15","2.36","2.57","2.77","2.97","3.17","3.36","3.55","3.74","3.94","4.13","4.34"
"Heim, Jonah","641680","TEX","140","C","29","R","0.00","0.57","0.90","1.17","1.42","1.66","1.88","2.09","2.29","2.49","2.68","2.87","3.06","3.24","3.43","3.61","3.79","3.97","4.17"
"Heim, Jonah","641680","TEX","140","C","29","L","0.00","0.55","0.87","1.15","1.40","1.63","1.85","2.07","2.27","2.47","2.67","2.86","3.05","3.24","3.43","3.62","3.81","4.01","4.22"
"Henderson, Gunnar","683002","BAL","110","SS","23","L","0.00","0.54","0.84","1.09","1.32","1.54","1.74","1.94","2.12","2.31","2.48","2.66","2.83","3.00","3.17","3.33","3.50","3.67","3.86"
"Hensley, David","682073","MIA","146","RF","28","R","0.00","0.57","0.89","1.16","1.40","1.63","1.84","2.05","2.25","2.44","2.63","2.82","3.00","3.18","3.36","3.53","3.71","3.88","4.06"
"Hernaiz, Darell","687231","ATH","133","3B","22","R","0.00","0.55","0.87","1.13","1.37","1.59","1.81","2.01","2.20","2.39","2.58","2.76","2.94","3.12","3.30","3.47","3.65","3.82","4.01"
"Hernández, Enrique","571771","LAD","119","3B","32","R","0.00","0.56","0.89","1.17","1.41","1.64","1.86","2.07","2.27","2.47","2.66","2.85","3.04","3.22","3.41","3.59","3.78","3.96","4.17"
"Hernández, Teoscar","606192","LAD","119","LF","31","R","0.00","0.58","0.90","1.16","1.40","1.61","1.82","2.02","2.21","2.39","2.57","2.75","2.92","3.09","3.27","3.44","3.60","3.78","3.95"
"Herrera, Iván","671056","STL","138","C","24","R","0.00","0.55","0.87","1.13","1.37","1.59","1.81","2.01","2.21","2.40","2.59","2.78","2.96","3.14","3.32","3.50","3.68","3.85","4.05"
"Heyward, Jason","518792","HOU","117","RF","34","L","0.00","0.54","0.84","1.11","1.34","1.57","1.78","1.99","2.18","2.38","2.57","2.75","2.93","3.11","3.29","3.47","3.65","3.85","4.06"
"Higashioka, Kyle","543309","SD","135","C","34","R","0.00","0.56","0.89","1.16","1.41","1.65","1.87","2.08","2.29","2.50","2.69","2.89","3.08","3.27","3.47","3.66","3.85","4.04","4.25"
"Hill, Derek","656537","MIA","146","CF","28","R","0.00","0.54","0.84","1.10","1.33","1.54","1.74","1.93","2.11","2.29","2.47","2.64","2.81","2.98","3.14","3.31","3.47","3.63","3.81"
"Hilliard, Sam","656541","COL","115","LF","30","L","0.00","0.52","0.81","1.06","1.29","1.50","1.70","1.89","2.08","2.25","2.43","2.60","2.77","2.94","3.11","3.27","3.44","3.61","3.79"
"Hoerner, Nico","663538","CHC","112","2B","27","R","0.00","0.56","0.87","1.14","1.37","1.59","1.80","1.99","2.18","2.37","2.55","2.73","2.90","3.08","3.25","3.42","3.59","3.76","3.94"
"Holliday, Jackson","702616","BAL","110","2B","20","L","0.00","0.54","0.84","1.09","1.32","1.54","1.74","1.93","2.12","2.30","2.48","2.65","2.82","2.99","3.16","3.32","3.49","3.66","3.84"
"Horwitz, Spencer","687462","TOR","141","2B","26","L","0.00","0.54","0.85","1.13","1.38","1.61","1.84","2.05","2.26","2.47","2.67","2.87","3.06","3.26","3.45","3.64","3.84","4.04","4.25"
"Hoskins, Rhys","656555","MIL","158","1B","31","R","0.00","0.59","0.94","1.22","1.48","1.72","1.95","2.17","2.38","2.59","2.80","2.99","3.19","3.39","3.58","3.78","3.97","4.17","4.37"
"Ibáñez, Andy","628451","DET","116","2B","31","R","0.00","0.56","0.88","1.15","1.39","1.61","1.82","2.03","2.22","2.42","2.60","2.79","2.97","3.15","3.33","3.51","3.69","3.87","4.06"
"Iglesias, Jose","578428","NYM","121","2B","34","R","0.00","0.55","0.87","1.13","1.37","1.59","1.79","1.99","2.18","2.37","2.55","2.73","2.90","3.08","3.25","3.42","3.59","3.76","3.93"
"India, Jonathan","663697","CIN","113","2B","27","R","0.00","0.57","0.90","1.17","1.41","1.64","1.85","2.05","2.24","2.43","2.62","2.80","2.98","3.15","3.32","3.50","3.67","3.84","4.02"
"Isbel, Kyle","664728","KC","118","CF","27","L","0.00","0.53","0.82","1.08","1.30","1.51","1.72","1.91","2.10","2.28","2.47","2.64","2.82","2.99","3.17","3.34","3.52","3.70","3.90"
"Jackson, Alex","656577","TB","139","C","28","R","0.00","0.56","0.90","1.17","1.42","1.65","1.86","2.07","2.27","2.47","2.66","2.85","3.03","3.22","3.40","3.58","3.76","3.95","4.14"
"Jankowski, Travis","608671","TEX","140","DH","33","L","0.00","0.52","0.80","1.05","1.27","1.48","1.68","1.87","2.05","2.23","2.41","2.58","2.75","2.92","3.09","3.25","3.42","3.60","3.78"
"Jansen, Danny","643376","BOS","111","C","29","R","0.00","0.57","0.90","1.18","1.43","1.67","1.88","2.09","2.30","2.50","2.69","2.88","3.07","3.26","3.44","3.63","3.81","4.00","4.20"
"Jeffers, Ryan","680777","MIN","142","C","27","R","0.00","0.55","0.87","1.14","1.38","1.61","1.83","2.04","2.24","2.43","2.62","2.81","3.00","3.18","3.37","3.55","3.73","3.91","4.11"
"Jiménez, Eloy","650391","BAL","110","DH","27","R","0.00","0.57","0.92","1.20","1.46","1.69","1.92","2.13","2.34","2.54","2.74","2.93","3.12","3.31","3.50","3.68","3.87","4.06","4.27"
"Jiménez, Leo","677870","TOR","141","SS","23","R","0.00","0.56","0.88","1.14","1.37","1.59","1.80","2.00","2.19","2.38","2.57","2.75","2.93","3.10","3.28","3.45","3.63","3.80","3.99"
"Joe, Connor","656582","PIT","134","1B","31","R","0.00","0.56","0.89","1.16","1.41","1.63","1.85","2.05","2.25","2.45","2.63","2.82","3.00","3.19","3.37","3.55","3.72","3.91","4.10"
"Jones, Nolan","666134","COL","115","LF","26","L","0.00","0.54","0.84","1.10","1.34","1.56","1.77","1.97","2.16","2.35","2.53","2.71","2.89","3.07","3.24","3.41","3.59","3.77","3.97"
"Judge, Aaron","592450","NYY","147","CF","32","R","0.00","0.56","0.88","1.14","1.38","1.61","1.82","2.02","2.22","2.42","2.60","2.79","2.98","3.16","3.34","3.52","3.70","3.89","4.09"
"Julien, Edouard","666397","MIN","142","2B","25","L","0.00","0.55","0.85","1.12","1.35","1.58","1.78","1.98","2.18","2.36","2.55","2.73","2.91","3.08","3.26","3.44","3.62","3.81","4.00"
"Julks, Corey","667452","CWS","145","LF","28","R","0.00","0.55","0.86","1.12","1.36","1.58","1.78","1.98","2.17","2.36","2.54","2.71","2.89","3.06","3.23","3.40","3.57","3.74","3.92"
"Jung, Jace","690291","DET","116","3B","23","L","0.00","0.55","0.87","1.14","1.38","1.62","1.83","2.04","2.24","2.44","2.64","2.83","3.02","3.21","3.40","3.59","3.78","3.98","4.18"
"Jung, Josh","673962","TEX","140","3B","26","R","0.00","0.57","0.89","1.17","1.42","1.65","1.87","2.07","2.28","2.47","2.67","2.85","3.04","3.22","3.40","3.59","3.76","3.95","4.14"
"Keith, Colt","690993","DET","116","2B","22","L","0.00","0.53","0.83","1.09","1.32","1.54","1.74","1.94","2.13","2.32","2.50","2.68","2.86","3.03","3.21","3.38","3.55","3.74","3.93"
"Kelenic, Jarred","672284","ATL","144","LF","24","L","0.00","0.54","0.83","1.08","1.31","1.53","1.73","1.93","2.12","2.31","2.49","2.67","2.84","3.02","3.19","3.37","3.54","3.72","3.91"
"Kelly, Carson","608348","TEX","140","C","29","R","0.00","0.57","0.91","1.19","1.45","1.69","1.91","2.12","2.33","2.53","2.73","2.93","3.12","3.31","3.50","3.69","3.88","4.08","4.29"
"Kepler, Max","596146","MIN","142","RF","31","L","0.00","0.55","0.84","1.10","1.33","1.55","1.76","1.96","2.15","2.33","2.52","2.70","2.88","3.05","3.23","3.40","3.58","3.76","3.95"
"Kiermaier, Kevin","595281","LAD","119","CF","34","L","0.00","0.54","0.84","1.10","1.33","1.54","1.75","1.95","2.14","2.32","2.50","2.68","2.86","3.03","3.20","3.37","3.55","3.73","3.91"
"Kim, Ha-Seong","673490","SD","135","SS","28","R","0.00","0.56","0.88","1.14","1.38","1.60","1.81","2.01","2.21","2.40","2.58","2.76","2.94","3.12","3.29","3.46","3.63","3.81","3.99"
"Kiner-Falefa, Isiah","643396","PIT","134","SS","29","R","0.00","0.56","0.88","1.15","1.39","1.61","1.83","2.03","2.23","2.42","2.61","2.79","2.97","3.15","3.33","3.51","3.69","3.87","4.06"
"Kirilloff, Alex","666135","MIN","142","LF","26","L","0.00","0.53","0.85","1.12","1.36","1.58","1.80","2.01","2.20","2.40","2.59","2.77","2.96","3.14","3.33","3.51","3.69","3.88","4.08"
"Kirk, Alejandro","672386","TOR","141","C","25","R","0.00","0.57","0.92","1.21","1.47","1.71","1.94","2.16","2.37","2.58","2.79","2.99","3.19","3.39","3.58","3.78","3.97","4.17","4.38"
"Kjerstad, Heston","677008","BAL","110","LF","25","L","0.00","0.51","0.80","1.05","1.27","1.48","1.68","1.88","2.06","2.25","2.42","2.60","2.78","2.95","3.12","3.29","3.46","3.64","3.82"
"Knizner, Andrew","668800","TEX","140","C","29","R","0.00","0.57","0.92","1.20","1.46","1.70","1.92","2.14","2.35","2.56","2.76","2.96","3.16","3.35","3.54","3.73","3.93","4.13","4.33"
"Kreidler, Ryan","668952","DET","116","SS","26","R","0.00","0.57","0.90","1.17","1.41","1.63","1.85","2.05","2.25","2.45","2.63","2.82","3.00","3.18","3.36","3.54","3.72","3.91","4.11"
"Kwan, Steven","680757","CLE","114","LF","26","L","0.00","0.53","0.83","1.08","1.31","1.53","1.73","1.93","2.12","2.31","2.49","2.68","2.85","3.03","3.20","3.38","3.56","3.75","3.94"
"Langeliers, Shea","669127","ATH","133","C","26","R","0.00","0.55","0.88","1.15","1.39","1.62","1.83","2.03","2.23","2.42","2.61","2.79","2.98","3.15","3.33","3.51","3.68","3.86","4.04"
"Langford, Wyatt","694671","TEX","140","LF","22","R","0.00","0.55","0.86","1.12","1.35","1.56","1.76","1.95","2.13","2.31","2.49","2.66","2.83","3.00","3.16","3.33","3.49","3.65","3.83"
"Larnach, Trevor","663616","MIN","142","LF","27","L","0.00","0.54","0.85","1.12","1.36","1.58","1.80","2.00","2.20","2.40","2.59","2.78","2.96","3.15","3.33","3.51","3.70","3.90","4.10"
"Laureano, Ramón","657656","ATL","144","RF","29","R","0.00","0.55","0.86","1.12","1.36","1.57","1.78","1.98","2.18","2.36","2.55","2.73","2.91","3.09","3.26","3.43","3.61","3.79","3.97"
"LeMahieu, DJ","518934","NYY","147","3B","35","R","0.00","0.56","0.88","1.16","1.40","1.63","1.85","2.06","2.26","2.45","2.65","2.84","3.02","3.21","3.39","3.58","3.76","3.95","4.14"
"Lee, Brooks","686797","MIN","142","SS","23","L","0.00","0.53","0.84","1.11","1.36","1.59","1.81","2.02","2.23","2.43","2.62","2.82","3.02","3.21","3.40","3.59","3.78","3.98","4.19"
"Lee, Brooks","686797","MIN","142","SS","23","R","0.00","0.59","0.93","1.21","1.46","1.70","1.92","2.14","2.35","2.55","2.75","2.95","3.14","3.34","3.53","3.72","3.91","4.11","4.31"
"Lee, Jung Hoo","808982","SF","137","CF","25","L","0.00","0.55","0.85","1.12","1.35","1.57","1.78","1.98","2.17","2.35","2.54","2.72","2.89","3.07","3.24","3.41","3.59","3.77","3.97"
"Lee, Korey","686676","CWS","145","C","25","R","0.00","0.56","0.89","1.16","1.41","1.63","1.85","2.05","2.25","2.44","2.63","2.81","3.00","3.18","3.36","3.53","3.71","3.89","4.08"
"Lewis, Royce","668904","MIN","142","3B","25","R","0.00","0.55","0.87","1.14","1.38","1.60","1.81","2.01","2.21","2.40","2.58","2.77","2.95","3.13","3.31","3.49","3.67","3.85","4.04"
"Lindor, Francisco","596019","NYM","121","SS","30","R","0.00","0.58","0.90","1.17","1.41","1.63","1.84","2.04","2.24","2.42","2.61","2.79","2.96","3.14","3.32","3.49","3.66","3.84","4.02"
"Lindor, Francisco","596019","NYM","121","SS","30","L","0.00","0.53","0.84","1.09","1.33","1.54","1.75","1.95","2.15","2.33","2.51","2.70","2.87","3.05","3.22","3.40","3.57","3.75","3.95"
"Lipscomb, Trey","702358","WSH","120","3B","24","R","0.00","0.56","0.88","1.15","1.39","1.62","1.83","2.04","2.23","2.43","2.62","2.80","2.99","3.17","3.34","3.52","3.70","3.88","4.07"
"Loftin, Nick","679845","KC","118","2B","25","R","0.00","0.57","0.88","1.14","1.38","1.60","1.81","2.01","2.20","2.39","2.58","2.76","2.94","3.12","3.30","3.47","3.65","3.83","4.01"
"Loperfido, Joey","694388","TOR","141","LF","25","L","0.00","0.52","0.82","1.07","1.30","1.52","1.72","1.92","2.11","2.29","2.47","2.65","2.83","2.99","3.16","3.33","3.50","3.67","3.84"
"Lopez, Nicky","670032","CWS","145","2B","29","L","0.00","0.55","0.86","1.12","1.36","1.59","1.80","2.00","2.20","2.39","2.57","2.76","2.94","3.12","3.30","3.47","3.66","3.85","4.05"
"Lopez, Otto","672640","MIA","146","2B","25","R","0.00","0.56","0.87","1.13","1.37","1.59","1.79","1.99","2.18","2.37","2.55","2.73","2.90","3.08","3.25","3.42","3.59","3.76","3.94"
"Lowe, Brandon","664040","TB","139","2B","29","L","0.00","0.55","0.85","1.10","1.33","1.55","1.75","1.95","2.14","2.33","2.51","2.69","2.87","3.05","3.23","3.41","3.59","3.78","3.98"
"Lowe, Josh","666139","TB","139","RF","26","L","0.00","0.53","0.83","1.08","1.31","1.53","1.73","1.92","2.11","2.29","2.47","2.64","2.81","2.98","3.15","3.32","3.49","3.66","3.83"
"Lowe, Nathaniel","663993","TEX","140","1B","28","L","0.00","0.54","0.85","1.12","1.36","1.59","1.80","2.01","2.21","2.40","2.59","2.78","2.96","3.15","3.33","3.51","3.69","3.88","4.08"
"Luciano, Marco","682617","SF","137","2B","22","R","0.00","0.54","0.85","1.11","1.34","1.56","1.76","1.96","2.15","2.33","2.52","2.70","2.88","3.05","3.22","3.40","3.57","3.75","3.93"
"Lukes, Nathan","664770","TOR","141","LF","29","L","0.00","0.54","0.84","1.10","1.34","1.56","1.76","1.96","2.15","2.34","2.52","2.70","2.88","3.06","3.23","3.41","3.58","3.76","3.96"
"Lux, Gavin","666158","LAD","119","2B","26","L","0.00","0.53","0.83","1.09","1.32","1.54","1.75","1.94","2.13","2.32","2.50","2.68","2.86","3.03","3.20","3.38","3.55","3.73","3.92"
"López, Jack","605346","LAA","108","2B","31","R","0.00","0.57","0.90","1.17","1.41","1.64","1.85","2.06","2.26","2.45","2.64","2.82","3.00","3.18","3.36","3.54","3.72","3.89","4.09"
"Machado, Manny","592518","SD","135","3B","31","R","0.00","0.56","0.89","1.16","1.41","1.64","1.86","2.07","2.27","2.47","2.66","2.85","3.03","3.22","3.40","3.59","3.77","3.96","4.16"
"Madrigal, Nick","663611","CHC","112","3B","27","R","0.00","0.54","0.86","1.12","1.36","1.58","1.79","1.99","2.18","2.37","2.56","2.74","2.92","3.10","3.27","3.45","3.62","3.80","3.99"
"Maile, Luke","571912","CIN","113","C","33","R","0.00","0.55","0.88","1.15","1.40","1.63","1.85","2.06","2.26","2.46","2.66","2.86","3.05","3.24","3.43","3.61","3.80","3.99","4.19"
"Malloy, Justyn-Henry","669234","DET","116","DH","24","R","0.00","0.57","0.91","1.19","1.44","1.67","1.89","2.11","2.31","2.51","2.70","2.89","3.08","3.27","3.45","3.64","3.82","4.01","4.20"
"Manzardo, Kyle","700932","CLE","114","DH","23","L","0.00","0.54","0.85","1.12","1.36","1.59","1.80","2.01","2.22","2.42","2.61","2.81","3.00","3.19","3.37","3.56","3.75","3.94","4.13"
"Margot, Manuel","622534","MIN","142","RF","29","R","0.00","0.57","0.89","1.16","1.40","1.62","1.82","2.02","2.22","2.41","2.59","2.77","2.95","3.13","3.30","3.47","3.65","3.82","4.01"
"Marsh, Brandon","669016","PHI","143","LF","26","L","0.00","0.54","0.84","1.09","1.32","1.54","1.75","1.94","2.13","2.32","2.50","2.68","2.86","3.03","3.20","3.37","3.54","3.72","3.90"
"Marte, Ketel","606466","AZ","109","2B","30","L","0.00","0.53","0.83","1.08","1.31","1.53","1.73","1.93","2.12","2.30","2.48","2.66","2.84","3.01","3.19","3.36","3.54","3.73","3.93"
"Marte, Ketel","606466","AZ","109","2B","30","R","0.00","0.56","0.89","1.15","1.39","1.60","1.81","2.01","2.20","2.39","2.57","2.75","2.92","3.10","3.27","3.45","3.63","3.81","4.01"
"Marte, Noelvi","682622","CIN","113","3B","22","R","0.00","0.56","0.89","1.15","1.39","1.62","1.82","2.02","2.22","2.40","2.59","2.76","2.94","3.11","3.28","3.45","3.62","3.79","3.97"
"Marte, Starling","516782","NYM","121","RF","35","R","0.00","0.55","0.86","1.13","1.36","1.58","1.78","1.98","2.17","2.36","2.54","2.72","2.90","3.07","3.24","3.41","3.59","3.76","3.95"
"Martin, Austin","668885","MIN","142","CF","25","R","0.00","0.55","0.86","1.12","1.36","1.58","1.78","1.98","2.17","2.36","2.54","2.72","2.89","3.07","3.24","3.42","3.59","3.77","3.97"
"Martinez, J.D.","502110","NYM","121","DH","36","R","0.00","0.55","0.88","1.16","1.41","1.64","1.86","2.07","2.28","2.48","2.68","2.87","3.06","3.25","3.44","3.63","3.82","4.01","4.22"
"Martini, Nick","605361","CIN","113","DH","34","L","0.00","0.54","0.85","1.11","1.34","1.56","1.77","1.97","2.17","2.36","2.55","2.73","2.91","3.09","3.26","3.44","3.62","3.81","4.02"
"Martínez, Angel","682657","CLE","114","CF","22","L","0.00","0.53","0.83","1.10","1.33","1.55","1.76","1.96","2.16","2.35","2.53","2.72","2.90","3.08","3.26","3.44","3.62","3.82","4.02"
"Martínez, Angel","682657","CLE","114","CF","22","R","0.00","0.56","0.89","1.16","1.41","1.63","1.85","2.05","2.25","2.44","2.62","2.81","2.99","3.17","3.35","3.52","3.69","3.87","4.05"
"Massey, Michael","686681","KC","118","2B","26","L","0.00","0.53","0.83","1.09","1.33","1.55","1.76","1.97","2.16","2.36","2.54","2.73","2.91","3.10","3.28","3.46","3.65","3.84","4.04"
"Mastrobuoni, Miles","670156","CHC","112","3B","28","L","0.00","0.54","0.84","1.10","1.33","1.55","1.75","1.95","2.14","2.32","2.51","2.68","2.86","3.03","3.20","3.37","3.54","3.72","3.91"
"Mateo, Jorge","622761","BAL","110","2B","29","R","0.00","0.55","0.86","1.12","1.35","1.56","1.76","1.95","2.14","2.32","2.49","2.66","2.83","3.00","3.16","3.32","3.48","3.64","3.81"
"Matos, Luis","682641","SF","137","CF","22","R","0.00","0.55","0.87","1.14","1.38","1.60","1.81","2.02","2.21","2.40","2.59","2.77","2.95","3.13","3.31","3.48","3.66","3.84","4.02"
"McCann, James","543510","BAL","110","C","34","R","0.00","0.57","0.91","1.19","1.44","1.68","1.90","2.11","2.32","2.52","2.72","2.91","3.10","3.29","3.48","3.67","3.86","4.06","4.26"
"McCann, Kyle","668832","ATH","133","C","26","L","0.00","0.54","0.85","1.12","1.36","1.59","1.81","2.01","2.22","2.41","2.61","2.80","2.98","3.17","3.36","3.55","3.75","3.95","4.16"
"McCarthy, Jake","664983","AZ","109","CF","26","L","0.00","0.53","0.83","1.08","1.31","1.52","1.72","1.91","2.10","2.28","2.45","2.63","2.79","2.96","3.13","3.29","3.45","3.62","3.80"
"McCormick, Chas","676801","HOU","117","LF","29","R","0.00","0.55","0.86","1.12","1.35","1.57","1.78","1.98","2.17","2.35","2.53","2.71","2.89","3.06","3.24","3.41","3.58","3.75","3.93"
"McCoy, Mason","669200","SD","135","SS","29","R","0.00","0.56","0.87","1.14","1.37","1.59","1.80","1.99","2.18","2.37","2.55","2.73","2.90","3.08","3.25","3.42","3.59","3.76","3.94"
"McCray, Grant","687529","SF","137","CF","23","L","0.00","0.53","0.82","1.06","1.29","1.49","1.69","1.88","2.06","2.24","2.41","2.59","2.75","2.92","3.08","3.24","3.40","3.56","3.73"
"McCutchen, Andrew","457705","PIT","134","DH","37","R","0.00","0.55","0.87","1.14","1.38","1.61","1.82","2.03","2.22","2.42","2.61","2.79","2.97","3.16","3.34","3.51","3.69","3.87","4.06"
"McGuire, Reese","624512","BOS","111","C","29","L","0.00","0.56","0.89","1.17","1.42","1.66","1.88","2.10","2.30","2.51","2.70","2.90","3.09","3.28","3.47","3.66","3.86","4.07","4.31"
"McKinstry, Zach","656716","DET","116","SS","29","L","0.00","0.55","0.85","1.11","1.35","1.57","1.77","1.97","2.16","2.35","2.53","2.71","2.88","3.05","3.22","3.39","3.56","3.74","3.93"
"McMahon, Ryan","641857","COL","115","3B","29","L","0.00","0.54","0.84","1.11","1.35","1.58","1.79","2.00","2.20","2.40","2.59","2.78","2.97","3.15","3.34","3.53","3.73","3.94","4.17"
"McNeil, Jeff","643446","NYM","121","2B","32","L","0.00","0.56","0.87","1.14","1.38","1.60","1.82","2.02","2.22","2.41","2.60","2.79","2.97","3.15","3.33","3.51","3.70","3.90","4.12"
"Mead, Curtis","678554","TB","139","2B","23","R","0.00","0.57","0.89","1.16","1.41","1.64","1.85","2.06","2.26","2.45","2.64","2.83","3.01","3.19","3.38","3.56","3.74","3.93","4.12"
"Meadows, Parker","678009","DET","116","CF","24","L","0.00","0.53","0.82","1.08","1.30","1.52","1.72","1.91","2.10","2.28","2.45","2.63","2.79","2.96","3.13","3.29","3.46","3.63","3.80"
"Melendez, MJ","669004","KC","118","LF","25","L","0.00","0.55","0.86","1.12","1.36","1.58","1.79","1.99","2.18","2.37","2.56","2.74","2.92","3.10","3.27","3.45","3.63","3.81","4.00"
"Mendick, Danny","664901","CWS","145","3B","30","R","0.00","0.55","0.88","1.15","1.39","1.62","1.84","2.05","2.25","2.45","2.64","2.84","3.02","3.21","3.39","3.58","3.76","3.94","4.14"
"Meneses, Joey","608841","WSH","120","1B","32","R","0.00","0.56","0.89","1.17","1.42","1.65","1.87","2.09","2.29","2.50","2.69","2.89","3.08","3.27","3.47","3.66","3.85","4.05","4.27"
"Merrifield, Whit","593160","ATL","144","2B","35","R","0.00","0.57","0.89","1.16","1.40","1.62","1.83","2.03","2.22","2.41","2.59","2.77","2.94","3.12","3.29","3.45","3.62","3.79","3.97"
"Merrill, Jackson","701538","SD","135","CF","21","L","0.00","0.53","0.82","1.08","1.30","1.52","1.72","1.91","2.10","2.28","2.46","2.64","2.81","2.98","3.15","3.33","3.50","3.68","3.86"
"Meyers, Jake","676694","HOU","117","CF","28","R","0.00","0.54","0.85","1.10","1.33","1.55","1.75","1.95","2.13","2.32","2.50","2.67","2.85","3.02","3.19","3.36","3.53","3.70","3.88"
"Millas, Drew","686452","WSH","120","C","26","L","0.00","0.53","0.83","1.08","1.31","1.53","1.73","1.93","2.12","2.31","2.49","2.67","2.85","3.03","3.21","3.38","3.55","3.73","3.93"
"Miranda, Jose F","669304","MIN","142","3B","26","R","0.00","0.56","0.89","1.17","1.42","1.66","1.88","2.09","2.30","2.50","2.69","2.89","3.08","3.27","3.46","3.65","3.84","4.03","4.23"
"Mitchell, Garrett","669003","MIL","158","CF","25","L","0.00","0.53","0.81","1.06","1.28","1.49","1.68","1.87","2.06","2.24","2.41","2.58","2.75","2.92","3.08","3.25","3.41","3.58","3.76"
"Monasterio, Andruw","655316","MIL","158","3B","27","R","0.00","0.55","0.86","1.13","1.36","1.59","1.79","1.99","2.19","2.38","2.56","2.74","2.92","3.10","3.27","3.45","3.62","3.80","3.98"
"Moniak, Mickey","666160","LAA","108","CF","26","L","0.00","0.54","0.84","1.10","1.33","1.54","1.74","1.94","2.13","2.31","2.49","2.66","2.84","3.01","3.18","3.35","3.52","3.69","3.87"
"Montero, Elehuris","660707","COL","115","1B","25","R","0.00","0.57","0.90","1.18","1.43","1.66","1.88","2.10","2.30","2.50","2.69","2.88","3.07","3.26","3.44","3.63","3.81","4.00","4.20"
"Moore, Dylan","664238","SEA","136","SS","31","R","0.00","0.56","0.89","1.16","1.39","1.62","1.83","2.03","2.23","2.42","2.60","2.79","2.97","3.14","3.32","3.50","3.67","3.84","4.03"
"Morel, Christopher","666624","TB","139","3B","25","R","0.00","0.55","0.88","1.15","1.39","1.61","1.82","2.02","2.22","2.41","2.59","2.77","2.95","3.12","3.30","3.47","3.64","3.82","4.00"
"Moreno, Gabriel","672515","AZ","109","C","24","R","0.00","0.55","0.87","1.14","1.38","1.60","1.81","2.01","2.21","2.40","2.58","2.76","2.94","3.12","3.29","3.47","3.65","3.82","4.02"
"Mountcastle, Ryan","663624","BAL","110","1B","27","R","0.00","0.57","0.90","1.16","1.40","1.63","1.83","2.04","2.23","2.42","2.60","2.78","2.96","3.14","3.31","3.49","3.66","3.83","4.01"
"Mullins, Cedric","656775","BAL","110","CF","29","L","0.00","0.53","0.82","1.07","1.30","1.51","1.71","1.91","2.09","2.28","2.46","2.64","2.81","2.98","3.15","3.32","3.49","3.67","3.86"
"Muncy, Max","571970","LAD","119","3B","33","L","0.00","0.51","0.82","1.08","1.31","1.53","1.74","1.95","2.14","2.33","2.52","2.70","2.89","3.07","3.25","3.43","3.61","3.80","3.99"
"Murphy, Sean","669221","ATL","144","C","29","R","0.00","0.58","0.91","1.19","1.44","1.67","1.89","2.10","2.31","2.51","2.70","2.90","3.10","3.29","3.48","3.67","3.87","4.07","4.28"
"Myers, Dane","667472","MIA","146","RF","28","R","0.00","0.56","0.87","1.13","1.37","1.58","1.79","1.98","2.17","2.36","2.54","2.71","2.89","3.06","3.24","3.41","3.58","3.75","3.93"
"Naylor, Bo","666310","CLE","114","C","24","L","0.00","0.53","0.84","1.10","1.34","1.56","1.78","1.98","2.18","2.37","2.55","2.74","2.92","3.10","3.28","3.46","3.65","3.84","4.05"
"Naylor, Josh","647304","CLE","114","1B","27","L","0.00","0.56","0.87","1.14","1.39","1.62","1.84","2.05","2.25","2.45","2.64","2.83","3.02","3.21","3.39","3.58","3.78","3.98","4.19"
"Neto, Zach","687263","LAA","108","SS","23","R","0.00","0.57","0.89","1.15","1.39","1.61","1.82","2.02","2.21","2.40","2.59","2.77","2.95","3.12","3.30","3.47","3.64","3.82","4.00"
"Nevin, Tyler","663527","ATH","133","1B","27","R","0.00","0.55","0.88","1.15","1.39","1.62","1.84","2.05","2.25","2.45","2.64","2.84","3.02","3.21","3.40","3.58","3.77","3.96","4.15"
"Newman, Kevin","621028","AZ","109","SS","30","R","0.00","0.56","0.88","1.15","1.39","1.62","1.83","2.04","2.24","2.43","2.62","2.81","2.99","3.17","3.35","3.53","3.70","3.88","4.07"
"Nido, Tomás","621512","CHC","112","C","30","R","0.00","0.58","0.93","1.22","1.49","1.73","1.96","2.18","2.40","2.61","2.82","3.02","3.22","3.41","3.61","3.81","4.01","4.21","4.43"
"Nimmo, Brandon","607043","NYM","121","LF","31","L","0.00","0.54","0.84","1.09","1.32","1.54","1.74","1.94","2.12","2.31","2.49","2.66","2.84","3.01","3.18","3.35","3.52","3.70","3.88"
"Noda, Ryan","676116","ATH","133","1B","28","L","0.00","0.58","0.90","1.18","1.43","1.66","1.88","2.09","2.29","2.48","2.68","2.86","3.05","3.23","3.41","3.60","3.77","3.96","4.16"
"Noel, Jhonkensy","678877","CLE","114","RF","22","R","0.00","0.56","0.90","1.17","1.42","1.64","1.86","2.06","2.26","2.45","2.64","2.82","3.00","3.18","3.36","3.53","3.71","3.88","4.06"
"Nootbaar, Lars","663457","STL","138","RF","26","L","0.00","0.56","0.87","1.13","1.37","1.60","1.81","2.01","2.21","2.40","2.59","2.77","2.95","3.13","3.31","3.49","3.67","3.86","4.06"
"Norby, Connor","681393","MIA","146","3B","24","R","0.00","0.57","0.89","1.16","1.39","1.61","1.82","2.01","2.20","2.39","2.57","2.74","2.92","3.09","3.26","3.43","3.59","3.76","3.93"
"Nuñez, Nasim","683083","WSH","120","SS","23","L","0.00","0.54","0.83","1.08","1.29","1.49","1.68","1.87","2.05","2.22","2.40","2.56","2.73","2.90","3.06","3.22","3.39","3.56","3.74"
"O'Hearn, Ryan","656811","BAL","110","DH","30","L","0.00","0.53","0.83","1.09","1.32","1.54","1.74","1.94","2.13","2.32","2.50","2.67","2.85","3.03","3.20","3.37","3.54","3.72","3.90"
"O'Hoppe, Logan","681351","LAA","108","C","24","R","0.00","0.56","0.88","1.14","1.38","1.61","1.82","2.02","2.22","2.41","2.59","2.78","2.95","3.13","3.31","3.49","3.66","3.83","4.02"
"O'Neill, Tyler","641933","BOS","111","LF","29","R","0.00","0.54","0.85","1.11","1.34","1.56","1.77","1.97","2.16","2.35","2.54","2.72","2.89","3.07","3.25","3.42","3.59","3.76","3.94"
"Ohtani, Shohei","660271","LAD","119","DH","29","L","0.00","0.53","0.82","1.07","1.30","1.51","1.71","1.91","2.10","2.28","2.46","2.64","2.81","2.98","3.15","3.32","3.49","3.67","3.86"
"Olivares, Edward","658668","PIT","134","RF","28","R","0.00","0.55","0.86","1.12","1.36","1.58","1.79","1.99","2.18","2.37","2.55","2.73","2.91","3.09","3.26","3.43","3.61","3.78","3.97"
"Olson, Matt","621566","ATL","144","1B","30","L","0.00","0.54","0.87","1.15","1.40","1.63","1.86","2.07","2.28","2.48","2.68","2.88","3.07","3.27","3.46","3.65","3.85","4.05","4.27"
"Ortiz, Joey","687401","MIL","158","3B","25","R","0.00","0.55","0.86","1.12","1.35","1.57","1.77","1.97","2.16","2.34","2.52","2.70","2.88","3.05","3.22","3.39","3.56","3.72","3.90"
"Outman, James","681546","LAD","119","CF","27","L","0.00","0.54","0.83","1.08","1.31","1.52","1.72","1.91","2.10","2.27","2.45","2.63","2.80","2.97","3.14","3.31","3.47","3.65","3.83"
"Ozuna, Marcell","542303","ATL","144","DH","33","R","0.00","0.58","0.92","1.21","1.47","1.71","1.93","2.14","2.35","2.55","2.75","2.94","3.13","3.32","3.51","3.70","3.89","4.08","4.29"
"Pache, Cristian","665506","MIA","146","CF","25","R","0.00","0.57","0.89","1.16","1.39","1.61","1.82","2.02","2.21","2.40","2.58","2.76","2.94","3.12","3.29","3.46","3.63","3.80","3.98"
"Pages, Andy","681624","LAD","119","CF","23","R","0.00","0.56","0.87","1.14","1.38","1.60","1.81","2.01","2.21","2.40","2.58","2.76","2.94","3.12","3.29","3.47","3.64","3.81","4.00"
"Pagés, Pedro","686780","STL","138","C","25","R","0.00","0.58","0.93","1.21","1.47","1.71","1.93","2.15","2.35","2.55","2.75","2.95","3.14","3.33","3.52","3.71","3.89","4.08","4.27"
"Palacios, Joshua","641943","PIT","134","RF","28","L","0.00","0.52","0.81","1.06","1.29","1.51","1.71","1.91","2.10","2.28","2.46","2.64","2.82","2.99","3.16","3.33","3.50","3.68","3.87"
"Palacios, Richie","680700","TB","139","2B","27","L","0.00","0.55","0.85","1.11","1.34","1.56","1.76","1.96","2.15","2.34","2.52","2.70","2.88","3.05","3.22","3.40","3.57","3.75","3.94"
"Paredes, Isaac","670623","CHC","112","3B","25","R","0.00","0.56","0.90","1.18","1.43","1.67","1.89","2.10","2.31","2.51","2.71","2.90","3.09","3.28","3.47","3.66","3.85","4.05","4.25"
"Paris, Kyren","677347","LAA","108","2B","22","R","0.00","0.55","0.86","1.11","1.34","1.56","1.76","1.95","2.14","2.32","2.49","2.67","2.84","3.01","3.18","3.35","3.52","3.69","3.87"
"Pasquantino, Vinnie","686469","KC","118","1B","26","L","0.00","0.55","0.88","1.15","1.40","1.63","1.85","2.06","2.27","2.47","2.66","2.85","3.04","3.23","3.42","3.60","3.79","3.99","4.19"
"Pederson, Joc","592626","AZ","109","DH","32","L","0.00","0.55","0.87","1.14","1.38","1.61","1.83","2.04","2.24","2.44","2.63","2.82","3.01","3.19","3.38","3.57","3.76","3.97","4.17"
"Peralta, David","444482","SD","135","RF","36","L","0.00","0.54","0.85","1.12","1.37","1.59","1.81","2.02","2.22","2.41","2.60","2.79","2.97","3.15","3.33","3.51","3.69","3.88","4.08"
"Perdomo, Geraldo","672695","AZ","109","SS","24","L","0.00","0.56","0.88","1.15","1.40","1.62","1.84","2.04","2.24","2.44","2.63","2.82","3.00","3.18","3.37","3.55","3.75","3.95","4.16"
"Perdomo, Geraldo","672695","AZ","109","SS","24","R","0.00","0.56","0.89","1.17","1.42","1.64","1.86","2.07","2.27","2.46","2.65","2.84","3.02","3.21","3.39","3.57","3.75","3.93","4.12"
"Pereda, Jhonny","640902","MIA","146","C","28","R","0.00","0.61","0.97","1.28","1.54","1.79","2.03","2.25","2.47","2.68","2.89","3.09","3.29","3.49","3.69","3.90","4.11","4.33","4.57"
"Perez, Salvador","521692","KC","118","C","34","R","0.00","0.58","0.93","1.22","1.49","1.73","1.96","2.19","2.40","2.61","2.82","3.02","3.22","3.42","3.61","3.81","4.01","4.21","4.42"
"Perkins, Blake","663368","MIL","158","CF","27","L","0.00","0.52","0.81","1.06","1.28","1.49","1.69","1.88","2.07","2.25","2.42","2.59","2.76","2.93","3.09","3.26","3.42","3.60","3.79"
"Perkins, Blake","663368","MIL","158","CF","27","R","0.00","0.57","0.88","1.13","1.36","1.57","1.77","1.96","2.15","2.32","2.50","2.67","2.84","3.01","3.17","3.33","3.50","3.66","3.84"
"Peña, Jeremy","665161","HOU","117","SS","26","R","0.00","0.54","0.85","1.10","1.33","1.54","1.74","1.93","2.12","2.30","2.47","2.65","2.82","2.98","3.15","3.31","3.47","3.64","3.81"
"Pham, Tommy","502054","KC","118","RF","36","R","0.00","0.56","0.89","1.16","1.40","1.63","1.84","2.04","2.24","2.43","2.61","2.80","2.98","3.16","3.34","3.51","3.69","3.87","4.05"
"Pillar, Kevin","607680","LAA","108","CF","35","R","0.00","0.56","0.90","1.17","1.41","1.64","1.85","2.05","2.25","2.44","2.62","2.80","2.98","3.15","3.33","3.50","3.67","3.85","4.02"
"Polanco, Jorge","593871","SEA","136","2B","30","L","0.00","0.55","0.87","1.13","1.37","1.59","1.80","2.00","2.19","2.38","2.56","2.74","2.92","3.09","3.27","3.44","3.62","3.80","4.00"
"Polanco, Jorge","593871","SEA","136","2B","30","R","0.00","0.55","0.87","1.14","1.38","1.60","1.81","2.01","2.20","2.39","2.57","2.75","2.92","3.10","3.27","3.44","3.61","3.79","3.97"
"Profar, Jurickson","595777","SD","135","LF","31","L","0.00","0.54","0.85","1.12","1.36","1.58","1.80","2.00","2.20","2.39","2.57","2.76","2.94","3.12","3.30","3.47","3.66","3.84","4.04"
"Profar, Jurickson","595777","SD","135","LF","31","R","0.00","0.57","0.89","1.16","1.40","1.63","1.84","2.04","2.24","2.43","2.62","2.81","2.99","3.17","3.35","3.52","3.70","3.88","4.08"
"Pérez, Wenceel","672761","DET","116","RF","24","L","0.00","0.54","0.85","1.10","1.34","1.55","1.76","1.95","2.14","2.33","2.51","2.69","2.86","3.04","3.21","3.39","3.56","3.75","3.95"
"Pérez, Wenceel","672761","DET","116","RF","24","R","0.00","0.55","0.87","1.13","1.37","1.59","1.80","2.00","2.19","2.37","2.56","2.74","2.91","3.08","3.26","3.43","3.60","3.78","3.97"
"Rafaela, Ceddanne","678882","BOS","111","CF","23","R","0.00","0.55","0.86","1.12","1.35","1.57","1.77","1.97","2.16","2.34","2.52","2.69","2.87","3.04","3.21","3.38","3.55","3.72","3.90"
"Raleigh, Cal","663728","SEA","136","C","27","R","0.00","0.56","0.90","1.18","1.43","1.66","1.88","2.09","2.29","2.49","2.69","2.88","3.06","3.25","3.44","3.62","3.80","3.99","4.18"
"Raleigh, Cal","663728","SEA","136","C","27","L","0.00","0.55","0.86","1.13","1.37","1.60","1.82","2.03","2.23","2.43","2.62","2.81","2.99","3.18","3.36","3.55","3.73","3.91","4.11"
"Raley, Luke","670042","SEA","136","LF","29","L","0.00","0.53","0.83","1.09","1.32","1.53","1.74","1.93","2.12","2.30","2.48","2.65","2.83","2.99","3.16","3.33","3.50","3.68","3.86"
"Ramos, Bryan","682868","CWS","145","3B","22","R","0.00","0.56","0.87","1.13","1.36","1.58","1.79","1.98","2.17","2.36","2.54","2.72","2.90","3.07","3.24","3.41","3.58","3.75","3.92"
"Ramos, Heliot","671218","SF","137","CF","24","R","0.00","0.57","0.88","1.15","1.38","1.61","1.81","2.01","2.20","2.39","2.58","2.76","2.93","3.11","3.28","3.45","3.63","3.80","3.98"
"Ramírez, Harold","623912","WSH","120","DH","29","R","0.00","0.55","0.87","1.14","1.38","1.60","1.82","2.01","2.21","2.40","2.58","2.76","2.94","3.12","3.29","3.47","3.64","3.82","4.00"
"Ramírez, José","608070","CLE","114","3B","31","R","0.00","0.56","0.87","1.14","1.37","1.59","1.79","1.98","2.17","2.35","2.53","2.71","2.88","3.05","3.22","3.39","3.56","3.73","3.91"
"Ramírez, José","608070","CLE","114","3B","31","L","0.00","0.54","0.84","1.09","1.32","1.53","1.74","1.93","2.12","2.30","2.48","2.65","2.83","2.99","3.17","3.34","3.51","3.69","3.88"
"Realmuto, J.T.","592663","PHI","143","C","33","R","0.00","0.56","0.88","1.15","1.39","1.61","1.82","2.02","2.22","2.40","2.59","2.77","2.94","3.12","3.29","3.46","3.63","3.81","3.99"
"Refsnyder, Rob","608701","BOS","111","LF","33","R","0.00","0.56","0.89","1.15","1.39","1.62","1.83","2.03","2.23","2.42","2.61","2.79","2.98","3.16","3.34","3.51","3.69","3.87","4.05"
"Rendon, Anthony","543685","LAA","108","3B","34","R","0.00","0.57","0.90","1.17","1.42","1.65","1.87","2.08","2.28","2.48","2.67","2.86","3.05","3.23","3.41","3.60","3.78","3.96","4.16"
"Renfroe, Hunter","592669","KC","118","RF","32","R","0.00","0.54","0.87","1.15","1.39","1.62","1.83","2.04","2.24","2.43","2.62","2.81","2.99","3.17","3.35","3.54","3.72","3.91","4.11"
"Rengifo, Luis","650859","LAA","108","3B","27","L","0.00","0.55","0.85","1.12","1.36","1.58","1.79","1.99","2.19","2.38","2.57","2.75","2.94","3.12","3.29","3.47","3.65","3.83","4.03"
"Rengifo, Luis","650859","LAA","108","3B","27","R","0.00","0.56","0.89","1.16","1.41","1.63","1.85","2.05","2.25","2.45","2.64","2.83","3.01","3.19","3.37","3.55","3.73","3.90","4.09"
"Reyes, Pablo","622569","BOS","111","3B","30","R","0.00","0.55","0.88","1.15","1.39","1.62","1.83","2.03","2.23","2.42","2.61","2.80","2.98","3.16","3.34","3.52","3.70","3.89","4.08"
"Reynolds, Bryan","668804","PIT","134","LF","29","R","0.00","0.55","0.87","1.13","1.37","1.59","1.80","1.99","2.19","2.37","2.56","2.74","2.92","3.09","3.27","3.44","3.61","3.79","3.98"
"Reynolds, Bryan","668804","PIT","134","LF","29","L","0.00","0.54","0.83","1.09","1.32","1.54","1.74","1.94","2.13","2.32","2.50","2.68","2.86","3.03","3.21","3.39","3.57","3.76","3.97"
"Rice, Ben","700250","NYY","147","1B","25","L","0.00","0.54","0.84","1.09","1.32","1.54","1.75","1.94","2.13","2.32","2.50","2.68","2.86","3.04","3.21","3.39","3.56","3.74","3.92"
"Riley, Austin","663586","ATL","144","3B","27","R","0.00","0.56","0.88","1.15","1.40","1.62","1.83","2.04","2.24","2.43","2.61","2.80","2.98","3.15","3.33","3.50","3.67","3.84","4.02"
"Rivera, Emmanuel","656896","BAL","110","3B","28","R","0.00","0.56","0.89","1.16","1.41","1.64","1.86","2.07","2.27","2.47","2.66","2.85","3.04","3.22","3.41","3.59","3.77","3.95","4.15"
"Rizzo, Anthony","519203","NYY","147","1B","34","L","0.00","0.56","0.89","1.17","1.43","1.67","1.89","2.11","2.32","2.53","2.73","2.93","3.13","3.33","3.52","3.72","3.92","4.13","4.35"
"Robert Jr., Luis","673357","CWS","145","CF","26","R","0.00","0.56","0.87","1.12","1.35","1.57","1.77","1.96","2.15","2.33","2.51","2.69","2.86","3.03","3.20","3.37","3.53","3.70","3.88"
"Robinson, Chuckie","642020","CWS","145","C","29","R","0.00","0.56","0.91","1.19","1.45","1.68","1.91","2.13","2.34","2.54","2.75","2.94","3.14","3.33","3.52","3.72","3.91","4.11","4.32"
"Robles, Victor","645302","SEA","136","CF","27","R","0.00","0.57","0.88","1.14","1.38","1.59","1.79","1.99","2.18","2.36","2.54","2.71","2.89","3.06","3.23","3.40","3.57","3.74","3.92"
"Rocchio, Brayan","677587","CLE","114","SS","23","L","0.00","0.54","0.86","1.12","1.37","1.59","1.81","2.02","2.21","2.41","2.60","2.79","2.98","3.16","3.34","3.53","3.71","3.91","4.11"
"Rocchio, Brayan","677587","CLE","114","SS","23","R","0.00","0.58","0.91","1.19","1.43","1.66","1.88","2.08","2.28","2.48","2.67","2.86","3.04","3.23","3.41","3.59","3.78","3.97","4.17"
"Rodgers, Brendan","663898","COL","115","2B","27","R","0.00","0.56","0.88","1.15","1.39","1.62","1.84","2.05","2.25","2.45","2.64","2.84","3.02","3.21","3.40","3.59","3.78","3.97","4.18"
"Rodríguez, Julio","677594","SEA","136","CF","23","R","0.00","0.56","0.87","1.13","1.36","1.57","1.77","1.97","2.15","2.33","2.51","2.68","2.85","3.02","3.18","3.34","3.51","3.67","3.84"
"Rogers, Jake","668670","DET","116","C","29","R","0.00","0.56","0.89","1.16","1.41","1.64","1.86","2.07","2.28","2.47","2.67","2.86","3.04","3.23","3.41","3.59","3.77","3.95","4.13"
"Rojas, Johan","679032","PHI","143","CF","23","R","0.00","0.55","0.86","1.11","1.34","1.55","1.75","1.94","2.13","2.31","2.48","2.65","2.82","2.99","3.15","3.31","3.48","3.64","3.81"
"Rojas, Josh","668942","SEA","136","3B","30","L","0.00","0.56","0.87","1.13","1.37","1.59","1.80","2.01","2.20","2.40","2.59","2.77","2.95","3.13","3.31","3.49","3.67","3.86","4.05"
"Rojas, Miguel","500743","LAD","119","SS","35","R","0.00","0.57","0.90","1.18","1.43","1.66","1.88","2.10","2.31","2.51","2.70","2.90","3.09","3.28","3.47","3.66","3.85","4.04","4.24"
"Rooker, Brent","667670","ATH","133","DH","29","R","0.00","0.56","0.88","1.14","1.38","1.60","1.81","2.01","2.20","2.39","2.57","2.75","2.93","3.11","3.28","3.46","3.63","3.80","3.98"
"Rortvedt, Ben","666163","TB","139","C","26","L","0.00","0.53","0.84","1.11","1.35","1.57","1.79","1.99","2.19","2.39","2.58","2.78","2.97","3.15","3.34","3.53","3.73","3.93","4.15"
"Rosario, Amed","642708","CIN","113","RF","28","R","0.00","0.57","0.89","1.16","1.40","1.62","1.83","2.02","2.22","2.40","2.58","2.76","2.94","3.11","3.28","3.45","3.61","3.78","3.95"
"Rosario, Eddie","592696","ATL","144","LF","32","L","0.00","0.53","0.83","1.09","1.33","1.54","1.75","1.94","2.13","2.32","2.50","2.68","2.86","3.03","3.20","3.38","3.55","3.74","3.94"
"Ruiz, Keibert","660688","WSH","120","C","25","L","0.00","0.55","0.86","1.14","1.39","1.63","1.85","2.07","2.28","2.49","2.69","2.88","3.08","3.27","3.47","3.66","3.85","4.06","4.28"
"Ruiz, Keibert","660688","WSH","120","C","25","R","0.00","0.57","0.92","1.20","1.46","1.70","1.92","2.14","2.36","2.56","2.76","2.96","3.16","3.35","3.55","3.75","3.95","4.15","4.36"
"Rutschman, Adley","668939","BAL","110","C","26","L","0.00","0.55","0.86","1.13","1.37","1.60","1.82","2.03","2.23","2.42","2.61","2.80","2.99","3.17","3.36","3.54","3.72","3.91","4.12"
"Rutschman, Adley","668939","BAL","110","C","26","R","0.00","0.59","0.92","1.20","1.45","1.68","1.90","2.11","2.32","2.52","2.71","2.90","3.09","3.28","3.47","3.65","3.84","4.03","4.22"
"Sanoja, Javier","691594","MIA","146","CF","21","R","0.00","0.57","0.89","1.15","1.39","1.61","1.82","2.02","2.21","2.39","2.57","2.74","2.92","3.09","3.26","3.43","3.60","3.78","3.95"
"Santana, Carlos","467793","MIN","142","1B","38","R","0.00","0.56","0.90","1.17","1.42","1.66","1.87","2.08","2.29","2.49","2.68","2.87","3.06","3.24","3.43","3.61","3.79","3.98","4.18"
"Santana, Carlos","467793","MIN","142","1B","38","L","0.00","0.55","0.86","1.13","1.38","1.60","1.82","2.03","2.23","2.43","2.62","2.82","3.01","3.19","3.38","3.57","3.76","3.96","4.18"
"Santander, Anthony","623993","BAL","110","RF","29","L","0.00","0.55","0.87","1.14","1.38","1.61","1.82","2.03","2.23","2.42","2.61","2.79","2.98","3.16","3.35","3.53","3.72","3.92","4.13"
"Santander, Anthony","623993","BAL","110","RF","29","R","0.00","0.57","0.90","1.18","1.43","1.66","1.87","2.08","2.28","2.48","2.67","2.86","3.05","3.23","3.42","3.61","3.79","3.99","4.19"
"Schanuel, Nolan","694384","LAA","108","1B","22","L","0.00","0.56","0.87","1.15","1.39","1.62","1.84","2.05","2.25","2.45","2.64","2.83","3.02","3.21","3.39","3.57","3.76","3.95","4.15"
"Schmitt, Casey","669477","SF","137","2B","25","R","0.00","0.56","0.88","1.14","1.38","1.60","1.81","2.01","2.21","2.40","2.58","2.76","2.94","3.12","3.29","3.47","3.64","3.81","4.18"
"Schneemann, Daniel","682177","CLE","114","SS","27","L","0.00","0.54","0.84","1.09","1.32","1.54","1.74","1.94","2.13","2.31","2.50","2.67","2.85","3.02","3.20","3.37","3.55","3.74","3.93"
"Schneider, Davis","676914","TOR","141","LF","25","R","0.00","0.56","0.88","1.15","1.39","1.61","1.82","2.03","2.22","2.41","2.60","2.79","2.97","3.15","3.33","3.50","3.68","3.86","4.05"
"Schuemann, Max","680474","ATH","133","SS","27","R","0.00","0.55","0.87","1.13","1.37","1.59","1.80","2.00","2.20","2.38","2.57","2.75","2.93","3.10","3.28","3.45","3.62","3.79","3.97"
"Schunk, Aaron","668845","COL","115","2B","26","R","0.00","0.56","0.88","1.15","1.39","1.61","1.82","2.02","2.21","2.40","2.59","2.76","2.94","3.12","3.29","3.47","3.64","3.81","4.00"
"Schwarber, Kyle","656941","PHI","143","DH","31","L","0.00","0.55","0.86","1.12","1.37","1.59","1.81","2.01","2.21","2.41","2.60","2.79","2.98","3.17","3.35","3.53","3.72","3.92","4.13"
"Scott II, Victor","687363","STL","138","CF","23","L","0.00","0.54","0.83","1.07","1.29","1.50","1.70","1.89","2.07","2.24","2.42","2.58","2.75","2.92","3.08","3.24","3.40","3.57","3.74"
"Seager, Corey","608369","TEX","140","SS","30","L","0.00","0.55","0.86","1.14","1.38","1.61","1.83","2.04","2.25","2.45","2.64","2.83","3.02","3.21","3.40","3.59","3.79","4.00","4.22"
"Semien, Marcus","543760","TEX","140","2B","33","R","0.00","0.55","0.86","1.12","1.35","1.57","1.77","1.97","2.16","2.34","2.53","2.70","2.88","3.05","3.22","3.39","3.56","3.73","3.91"
"Senzel, Nick","669222","CWS","145","3B","29","R","0.00","0.56","0.88","1.15","1.39","1.62","1.83","2.04","2.23","2.43","2.61","2.80","2.98","3.17","3.34","3.52","3.70","3.88","4.07"
"Sheets, Gavin","657757","CWS","145","1B","28","L","0.00","0.56","0.88","1.16","1.40","1.63","1.85","2.06","2.27","2.46","2.66","2.85","3.04","3.22","3.40","3.59","3.77","3.96","4.16"
"Shewmake, Braden","669699","CWS","145","SS","26","L","0.00","0.55","0.85","1.11","1.34","1.55","1.76","1.96","2.15","2.33","2.51","2.69","2.87","3.04","3.21","3.39","3.56","3.74","3.92"
"Siani, Michael","672279","STL","138","CF","24","L","0.00","0.53","0.83","1.08","1.31","1.53","1.73","1.93","2.12","2.30","2.48","2.66","2.84","3.01","3.18","3.35","3.52","3.70","3.89"
"Singleton, Jon","572138","HOU","117","1B","32","L","0.00","0.56","0.88","1.16","1.40","1.64","1.85","2.06","2.27","2.46","2.66","2.85","3.04","3.23","3.41","3.60","3.79","3.99","4.21"
"Siri, Jose","642350","TB","139","CF","28","R","0.00","0.56","0.88","1.13","1.36","1.58","1.78","1.97","2.15","2.33","2.51","2.68","2.85","3.01","3.18","3.34","3.50","3.67","3.85"
"Slater, Austin","596103","BAL","110","RF","31","R","0.00","0.54","0.85","1.11","1.34","1.55","1.75","1.95","2.14","2.32","2.50","2.68","2.85","3.03","3.20","3.37","3.54","3.72","3.90"
"Smith, Dominic","642086","CIN","113","1B","29","L","0.00","0.56","0.89","1.16","1.42","1.65","1.88","2.09","2.30","2.51","2.70","2.90","3.09","3.28","3.47","3.66","3.85","4.05","4.26"
"Smith, Josh","669701","TEX","140","3B","26","L","0.00","0.53","0.83","1.08","1.32","1.53","1.73","1.93","2.12","2.30","2.48","2.66","2.83","3.00","3.17","3.34","3.51","3.69","3.87"
"Smith, Pavin","656976","AZ","109","LF","28","L","0.00","0.54","0.85","1.12","1.36","1.59","1.80","2.01","2.21","2.41","2.60","2.79","2.98","3.16","3.35","3.53","3.72","3.91","4.12"
"Smith, Will","669257","LAD","119","C","29","R","0.00","0.56","0.89","1.17","1.41","1.63","1.85","2.05","2.24","2.43","2.62","2.80","2.98","3.16","3.34","3.52","3.70","3.87","4.06"
"Soderstrom, Tyler","691016","ATH","133","1B","22","L","0.00","0.54","0.85","1.11","1.34","1.57","1.78","1.98","2.18","2.37","2.55","2.74","2.92","3.10","3.28","3.46","3.65","3.84","4.03"
"Solano, Donovan","456781","SD","135","3B","36","R","0.00","0.57","0.91","1.19","1.44","1.68","1.90","2.12","2.32","2.53","2.73","2.92","3.12","3.31","3.50","3.69","3.88","4.08","4.29"
"Soler, Jorge","624585","ATL","144","DH","32","R","0.00","0.57","0.90","1.18","1.43","1.66","1.88","2.09","2.29","2.48","2.67","2.86","3.04","3.23","3.41","3.59","3.77","3.95","4.14"
"Sosa, Edmundo","624641","PHI","143","SS","28","R","0.00","0.54","0.85","1.10","1.33","1.54","1.74","1.93","2.11","2.29","2.46","2.63","2.80","2.97","3.13","3.29","3.46","3.62","3.79"
"Sosa, Lenyn","672820","CWS","145","3B","24","R","0.00","0.57","0.90","1.17","1.42","1.65","1.86","2.07","2.27","2.46","2.65","2.83","3.02","3.20","3.38","3.56","3.74","3.92","4.11"
"Soto, Juan","665742","NYY","147","RF","25","L","0.00","0.54","0.85","1.12","1.36","1.58","1.79","1.99","2.19","2.37","2.56","2.74","2.92","3.10","3.28","3.45","3.63","3.82","4.02"
"Springer, George","543807","TOR","141","RF","34","R","0.00","0.56","0.88","1.15","1.38","1.60","1.81","2.01","2.20","2.39","2.57","2.75","2.93","3.11","3.28","3.45","3.62","3.79","3.97"
"Stallings, Jacob","607732","COL","115","C","34","R","0.00","0.57","0.92","1.22","1.49","1.74","1.98","2.20","2.42","2.63","2.84","3.05","3.25","3.45","3.65","3.85","4.06","4.26","4.48"
"Stanton, Giancarlo","519317","NYY","147","DH","34","R","0.00","0.55","0.87","1.14","1.39","1.62","1.85","2.07","2.27","2.48","2.69","2.89","3.09","3.29","3.49","3.70","3.92","4.14","4.38"
"Steer, Spencer","668715","CIN","113","LF","26","R","0.00","0.56","0.88","1.15","1.39","1.62","1.83","2.03","2.23","2.42","2.60","2.79","2.96","3.14","3.31","3.48","3.65","3.83","4.00"
"Stefanic, Michael","683021","LAA","108","2B","28","R","0.00","0.55","0.88","1.15","1.40","1.63","1.85","2.06","2.27","2.47","2.67","2.86","3.06","3.25","3.44","3.63","3.82","4.02","4.23"
"Stephenson, Tyler","663886","CIN","113","C","27","R","0.00","0.56","0.90","1.18","1.43","1.66","1.88","2.09","2.30","2.49","2.69","2.88","3.06","3.25","3.44","3.62","3.80","3.99","4.19"
"Stewart, DJ","621466","NYM","121","RF","30","L","0.00","0.54","0.85","1.11","1.34","1.56","1.78","1.98","2.18","2.37","2.56","2.74","2.92","3.11","3.29","3.46","3.64","3.82","4.01"
"Story, Trevor","596115","BOS","111","SS","31","R","0.00","0.57","0.89","1.15","1.39","1.61","1.81","2.01","2.20","2.39","2.57","2.75","2.93","3.10","3.27","3.45","3.62","3.79","3.97"
"Stott, Bryson","681082","PHI","143","2B","26","L","0.00","0.54","0.84","1.10","1.33","1.55","1.75","1.95","2.13","2.32","2.49","2.67","2.84","3.01","3.18","3.35","3.51","3.69","3.88"
"Stowers, Kyle","669065","MIA","146","LF","26","L","0.00","0.55","0.85","1.11","1.34","1.55","1.76","1.96","2.15","2.33","2.51","2.69","2.87","3.04","3.22","3.39","3.56","3.74","3.93"
"Stubbs, Garrett","596117","PHI","143","C","31","L","0.00","0.54","0.84","1.09","1.32","1.53","1.73","1.93","2.12","2.31","2.49","2.67","2.85","3.03","3.20","3.38","3.56","3.74","3.93"
"Suwinski, Jack","669261","PIT","134","CF","25","L","0.00","0.54","0.84","1.09","1.32","1.54","1.74","1.94","2.13","2.31","2.49","2.67","2.85","3.02","3.19","3.37","3.54","3.71","3.89"
"Suzuki, Seiya","673548","CHC","112","RF","29","R","0.00","0.56","0.87","1.14","1.37","1.59","1.79","1.99","2.18","2.37","2.55","2.73","2.90","3.07","3.25","3.41","3.58","3.76","3.94"
"Suárez, Eugenio","553993","AZ","109","3B","32","R","0.00","0.56","0.89","1.17","1.42","1.64","1.86","2.07","2.27","2.46","2.66","2.84","3.03","3.21","3.39","3.58","3.76","3.94","4.14"
"Swanson, Dansby","621020","CHC","112","SS","30","R","0.00","0.56","0.88","1.14","1.38","1.60","1.81","2.00","2.20","2.38","2.56","2.74","2.92","3.09","3.27","3.44","3.61","3.78","3.97"
"Sweeney, Trey","700242","DET","116","SS","24","L","0.00","0.54","0.83","1.09","1.32","1.53","1.74","1.94","2.12","2.31","2.49","2.67","2.84","3.02","3.19","3.36","3.53","3.72","3.90"
"Sánchez, Ali","645305","MIA","146","C","27","R","0.00","0.58","0.93","1.23","1.49","1.73","1.96","2.18","2.39","2.60","2.80","2.99","3.19","3.38","3.57","3.77","3.96","4.17","4.41"
"Sánchez, Gary","596142","MIL","158","DH","31","R","0.00","0.59","0.94","1.22","1.48","1.71","1.94","2.15","2.36","2.57","2.77","2.96","3.15","3.35","3.54","3.73","3.92","4.12","4.32"
"Sánchez, Jesús","660821","MIA","146","RF","26","L","0.00","0.55","0.85","1.11","1.34","1.56","1.76","1.96","2.16","2.35","2.53","2.71","2.89","3.07","3.24","3.41","3.59","3.77","3.96"
"Tatis Jr., Fernando","665487","SD","135","RF","25","R","0.00","0.56","0.87","1.13","1.37","1.58","1.79","1.98","2.18","2.36","2.54","2.72","2.89","3.06","3.23","3.40","3.57","3.74","3.92"
"Tauchman, Mike","643565","CHC","112","RF","33","L","0.00","0.53","0.83","1.09","1.33","1.55","1.76","1.96","2.15","2.35","2.53","2.71","2.89","3.08","3.26","3.43","3.62","3.81","4.01"
"Taveras, Leody","665750","TEX","140","CF","25","R","0.00","0.57","0.88","1.14","1.37","1.58","1.79","1.98","2.17","2.35","2.52","2.70","2.87","3.03","3.20","3.37","3.53","3.70","3.88"
"Taveras, Leody","665750","TEX","140","CF","25","L","0.00","0.53","0.82","1.08","1.30","1.51","1.71","1.91","2.09","2.27","2.45","2.62","2.79","2.96","3.13","3.30","3.47","3.65","3.83"
"Taylor, Chris","621035","LAD","119","LF","33","R","0.00","0.57","0.90","1.17","1.41","1.63","1.85","2.05","2.25","2.44","2.63","2.81","2.99","3.17","3.34","3.52","3.69","3.87","4.05"
"Taylor, Michael A.","572191","PIT","134","CF","33","R","0.00","0.54","0.85","1.10","1.33","1.55","1.75","1.95","2.14","2.32","2.50","2.68","2.85","3.02","3.19","3.36","3.53","3.69","3.87"
"Taylor, Tyrone","621438","NYM","121","CF","30","R","0.00","0.55","0.86","1.12","1.35","1.57","1.77","1.97","2.15","2.34","2.52","2.69","2.87","3.04","3.21","3.38","3.54","3.71","3.88"
"Tellez, Rowdy","642133","PIT","134","1B","29","L","0.00","0.55","0.89","1.18","1.44","1.68","1.91","2.13","2.35","2.56","2.76","2.97","3.16","3.36","3.56","3.76","3.96","4.16","4.37"
"Tena, José","677588","WSH","120","3B","23","L","0.00","0.53","0.82","1.07","1.30","1.51","1.71","1.90","2.09","2.28","2.46","2.63","2.81","2.98","3.15","3.32","3.49","3.66","3.85"
"Thaiss, Matt","642136","LAA","108","C","29","L","0.00","0.55","0.88","1.15","1.40","1.64","1.86","2.08","2.29","2.50","2.70","2.90","3.10","3.29","3.49","3.69","3.90","4.14","4.40"
"Thomas, Alek","677950","AZ","109","CF","24","L","0.00","0.54","0.85","1.10","1.34","1.56","1.77","1.96","2.16","2.35","2.53","2.71","2.89","3.06","3.24","3.41","3.58","3.76","3.94"
"Thomas, Lane","657041","CLE","114","RF","28","R","0.00","0.56","0.88","1.14","1.37","1.59","1.79","1.99","2.18","2.36","2.54","2.71","2.88","3.05","3.22","3.39","3.55","3.72","3.89"
"Toglia, Michael","669911","COL","115","1B","25","L","0.00","0.54","0.84","1.10","1.34","1.57","1.78","1.98","2.18","2.37","2.55","2.74","2.92","3.10","3.28","3.46","3.64","3.83","4.03"
"Toglia, Michael","669911","COL","115","1B","25","R","0.00","0.55","0.87","1.14","1.38","1.60","1.81","2.01","2.20","2.39","2.58","2.76","2.94","3.11","3.29","3.46","3.64","3.82","4.00"
"Torkelson, Spencer","679529","DET","116","1B","24","R","0.00","0.56","0.88","1.15","1.39","1.62","1.83","2.04","2.24","2.43","2.62","2.80","2.99","3.17","3.35","3.53","3.70","3.88","4.07"
"Toro, Abraham","647351","ATH","133","3B","27","R","0.00","0.55","0.87","1.14","1.38","1.60","1.81","2.01","2.20","2.38","2.57","2.75","2.93","3.10","3.28","3.45","3.62","3.80","3.99"
"Toro, Abraham","647351","ATH","133","3B","27","L","0.00","0.53","0.83","1.09","1.32","1.54","1.74","1.94","2.13","2.32","2.50","2.69","2.86","3.04","3.21","3.39","3.57","3.76","3.95"
"Torrens, Luis","620443","NYM","121","C","28","R","0.00","0.56","0.89","1.16","1.41","1.64","1.86","2.07","2.28","2.47","2.67","2.86","3.05","3.23","3.41","3.59","3.77","3.96","4.15"
"Torres, Gleyber","650402","NYY","147","2B","27","R","0.00","0.57","0.90","1.17","1.42","1.65","1.86","2.07","2.27","2.46","2.66","2.84","3.03","3.21","3.39","3.57","3.76","3.94","4.13"
"Tovar, Ezequiel","678662","COL","115","SS","22","R","0.00","0.55","0.87","1.14","1.38","1.60","1.81","2.01","2.20","2.39","2.57","2.75","2.93","3.11","3.28","3.46","3.63","3.80","3.98"
"Trejo, Alan","676701","COL","115","2B","28","R","0.00","0.55","0.89","1.17","1.41","1.65","1.87","2.08","2.29","2.49","2.69","2.88","3.07","3.26","3.44","3.63","3.81","4.02","4.25"
"Trevino, Jose","624431","NYY","147","C","31","R","0.00","0.56","0.89","1.16","1.41","1.65","1.87","2.09","2.30","2.51","2.71","2.92","3.12","3.32","3.52","3.72","3.92","4.12","4.34"
"Triolo, Jared","669707","PIT","134","3B","26","R","0.00","0.56","0.87","1.14","1.37","1.59","1.80","2.00","2.19","2.38","2.56","2.74","2.92","3.09","3.26","3.43","3.60","3.77","3.95"
"Trout, Mike","545361","LAA","108","CF","32","R","0.00","0.56","0.86","1.12","1.35","1.56","1.76","1.96","2.14","2.33","2.50","2.67","2.84","3.01","3.18","3.35","3.51","3.69","3.87"
"Tucker, Kyle","663656","HOU","117","RF","27","L","0.00","0.56","0.87","1.13","1.37","1.59","1.80","2.00","2.19","2.38","2.57","2.75","2.94","3.12","3.30","3.48","3.67","3.86","4.07"
"Turang, Brice","668930","MIL","158","2B","24","L","0.00","0.54","0.83","1.08","1.30","1.52","1.71","1.91","2.09","2.27","2.45","2.62","2.79","2.96","3.13","3.30","3.46","3.64","3.82"
"Turner, Justin","457759","SEA","136","DH","39","R","0.00","0.55","0.89","1.17","1.42","1.66","1.88","2.10","2.31","2.52","2.72","2.92","3.11","3.30","3.50","3.69","3.88","4.07","4.27"
"Turner, Trea","607208","PHI","143","SS","31","R","0.00","0.57","0.89","1.15","1.38","1.59","1.79","1.98","2.16","2.34","2.51","2.68","2.85","3.01","3.17","3.33","3.49","3.65","3.82"
"Urshela, Gio","570482","ATL","144","3B","32","R","0.00","0.56","0.90","1.18","1.43","1.66","1.88","2.09","2.30","2.50","2.70","2.89","3.09","3.28","3.47","3.66","3.85","4.05","4.26"
"Urías, Luis","649966","SEA","136","3B","27","R","0.00","0.56","0.89","1.17","1.42","1.65","1.87","2.08","2.29","2.49","2.69","2.88","3.07","3.26","3.45","3.64","3.83","4.03","4.23"
"Urías, Ramón","602104","BAL","110","3B","30","R","0.00","0.57","0.90","1.17","1.41","1.64","1.86","2.07","2.27","2.47","2.66","2.85","3.03","3.22","3.40","3.58","3.76","3.95","4.14"
"Valdez, Enmanuel","665839","BOS","111","2B","25","L","0.00","0.56","0.87","1.14","1.39","1.61","1.83","2.04","2.24","2.43","2.62","2.81","3.00","3.18","3.37","3.55","3.74","3.93","4.14"
"Vargas, Ildemaro","545121","WSH","120","3B","32","L","0.00","0.54","0.85","1.12","1.36","1.58","1.79","2.00","2.19","2.39","2.58","2.77","2.95","3.13","3.32","3.50","3.69","3.89","4.10"
"Vargas, Ildemaro","545121","WSH","120","3B","32","R","0.00","0.56","0.89","1.16","1.40","1.63","1.85","2.05","2.25","2.44","2.63","2.82","3.00","3.19","3.37","3.55","3.73","3.92","4.12"
"Vargas, Miguel","678246","CWS","145","3B","24","R","0.00","0.57","0.89","1.16","1.40","1.62","1.83","2.02","2.22","2.40","2.58","2.76","2.94","3.11","3.28","3.45","3.62","3.79","3.97"
"Varsho, Daulton","662139","TOR","141","CF","27","L","0.00","0.56","0.86","1.12","1.35","1.57","1.77","1.97","2.15","2.34","2.52","2.69","2.87","3.04","3.21","3.38","3.55","3.73","3.92"
"Vaughn, Andrew","683734","CWS","145","1B","26","R","0.00","0.57","0.89","1.17","1.42","1.65","1.87","2.08","2.28","2.48","2.68","2.87","3.06","3.25","3.43","3.62","3.80","3.99","4.18"
"Velázquez, Nelson","676369","KC","118","DH","25","R","0.00","0.57","0.89","1.15","1.39","1.61","1.82","2.03","2.22","2.41","2.60","2.78","2.96","3.14","3.31","3.49","3.67","3.84","4.02"
"Verdugo, Alex","657077","NYY","147","LF","28","L","0.00","0.55","0.86","1.12","1.35","1.57","1.78","1.99","2.18","2.37","2.56","2.74","2.92","3.10","3.28","3.46","3.64","3.83","4.03"
"Vientos, Mark","668901","NYM","121","3B","24","R","0.00","0.59","0.92","1.20","1.46","1.69","1.91","2.12","2.33","2.53","2.73","2.92","3.11","3.30","3.49","3.67","3.86","4.05","4.24"
"Vierling, Matt","663837","DET","116","3B","27","R","0.00","0.56","0.88","1.14","1.37","1.59","1.79","1.99","2.18","2.36","2.54","2.72","2.89","3.06","3.23","3.40","3.57","3.74","3.92"
"Vilade, Ryan","668723","DET","116","RF","25","R","0.00","0.58","0.90","1.17","1.41","1.63","1.85","2.05","2.24","2.43","2.62","2.80","2.98","3.15","3.33","3.50","3.67","3.85","4.02"
"Vogelbach, Daniel","596129","TOR","141","DH","31","L","0.00","0.57","0.90","1.19","1.45","1.69","1.92","2.14","2.36","2.57","2.77","2.98","3.18","3.38","3.58","3.78","3.99","4.21","4.43"
"Volpe, Anthony","683011","NYY","147","SS","23","R","0.00","0.56","0.87","1.13","1.37","1.58","1.79","1.99","2.18","2.36","2.54","2.72","2.90","3.07","3.24","3.42","3.59","3.76","3.94"
"Vázquez, Christian","543877","MIN","142","C","33","R","0.00","0.59","0.94","1.23","1.49","1.74","1.97","2.19","2.40","2.61","2.82","3.02","3.22","3.42","3.61","3.81","4.02","4.22","4.44"
"Wade Jr., LaMonte","664774","SF","137","1B","30","L","0.00","0.53","0.84","1.11","1.35","1.58","1.79","2.00","2.21","2.40","2.60","2.79","2.98","3.17","3.37","3.56","3.76","3.98","4.21"
"Wade, Tyler","642180","SD","135","3B","29","L","0.00","0.54","0.84","1.09","1.32","1.53","1.74","1.93","2.12","2.30","2.48","2.66","2.83","3.00","3.17","3.34","3.51","3.69","3.87"
"Wagner, Will","695238","TOR","141","2B","25","L","0.00","0.53","0.85","1.12","1.35","1.58","1.79","2.00","2.20","2.39","2.58","2.77","2.95","3.13","3.31","3.49","3.67","3.85","4.04"
"Walker, Christian","572233","AZ","109","1B","33","R","0.00","0.57","0.90","1.17","1.42","1.65","1.87","2.08","2.29","2.48","2.68","2.86","3.05","3.23","3.42","3.60","3.78","3.97","4.16"
"Walker, Jordan","691023","STL","138","RF","22","R","0.00","0.54","0.85","1.10","1.34","1.55","1.75","1.95","2.14","2.32","2.50","2.67","2.85","3.02","3.19","3.36","3.52","3.69","3.87"
"Wallner, Matt","670242","MIN","142","RF","26","L","0.00","0.55","0.86","1.11","1.34","1.56","1.76","1.96","2.15","2.33","2.51","2.69","2.86","3.04","3.21","3.38","3.55","3.72","3.90"
"Walls, Taylor","670764","TB","139","SS","27","R","0.00","0.56","0.88","1.15","1.38","1.60","1.81","2.01","2.21","2.39","2.58","2.76","2.94","3.11","3.29","3.46","3.63","3.80","3.98"
"Walls, Taylor","670764","TB","139","SS","27","L","0.00","0.52","0.82","1.07","1.30","1.52","1.73","1.92","2.11","2.30","2.48","2.66","2.84","3.01","3.19","3.36","3.54","3.73","3.92"
"Ward, Taylor","621493","LAA","108","LF","30","R","0.00","0.57","0.89","1.15","1.39","1.61","1.83","2.03","2.22","2.41","2.60","2.78","2.97","3.14","3.32","3.49","3.67","3.84","4.03"
"Wells, Austin","669224","NYY","147","C","24","L","0.00","0.55","0.85","1.12","1.36","1.59","1.80","2.01","2.21","2.40","2.59","2.78","2.97","3.15","3.33","3.51","3.69","3.88","4.07"
"Wendle, Joey","621563","NYM","121","2B","34","L","0.00","0.54","0.85","1.11","1.34","1.56","1.76","1.96","2.15","2.34","2.52","2.71","2.89","3.06","3.24","3.42","3.59","3.77","3.96"
"Wendzel, Davis","673995","TEX","140","3B","27","R","0.00","0.56","0.88","1.15","1.39","1.61","1.82","2.03","2.23","2.42","2.61","2.80","2.98","3.16","3.34","3.52","3.70","3.88","4.07"
"Westburg, Jordan","676059","BAL","110","3B","25","R","0.00","0.56","0.88","1.13","1.36","1.58","1.78","1.97","2.16","2.34","2.52","2.69","2.86","3.03","3.20","3.37","3.54","3.71","3.89"
"Williams, Alika","675961","PIT","134","2B","25","R","0.00","0.55","0.86","1.13","1.36","1.59","1.80","2.01","2.20","2.39","2.58","2.77","2.95","3.13","3.31","3.48","3.66","3.83","4.02"
"Wilson, Jacob","805779","ATH","133","SS","22","R","0.00","0.57","0.90","1.17","1.42","1.65","1.87","2.08","2.28","2.47","2.66","2.85","3.04","3.22","3.41","3.59","3.77","3.95","4.15"
"Wilson, Weston","642215","PHI","143","LF","29","R","0.00","0.55","0.86","1.13","1.36","1.59","1.80","2.00","2.19","2.38","2.56","2.75","2.93","3.10","3.28","3.45","3.63","3.80","3.98"
"Winker, Jesse","608385","NYM","121","LF","30","L","0.00","0.54","0.85","1.12","1.36","1.59","1.80","2.01","2.21","2.41","2.61","2.79","2.98","3.17","3.35","3.54","3.73","3.93","4.13"
"Winn, Masyn","691026","STL","138","SS","22","R","0.00","0.55","0.85","1.11","1.34","1.55","1.76","1.95","2.14","2.32","2.50","2.68","2.85","3.02","3.19","3.36","3.52","3.69","3.86"
"Wisdom, Patrick","621550","CHC","112","1B","32","R","0.00","0.55","0.87","1.14","1.38","1.60","1.81","2.01","2.21","2.40","2.59","2.77","2.95","3.12","3.30","3.47","3.65","3.82","4.00"
"Wisely, Brett","689172","SF","137","2B","25","L","0.00","0.55","0.85","1.12","1.35","1.57","1.78","1.98","2.18","2.36","2.55","2.73","2.91","3.09","3.26","3.44","3.61","3.80","3.99"
"Witt Jr., Bobby","677951","KC","118","SS","24","R","0.00","0.55","0.85","1.11","1.33","1.54","1.74","1.93","2.11","2.28","2.46","2.63","2.79","2.96","3.12","3.28","3.44","3.60","3.76"
"Wong, Connor","657136","BOS","111","C","28","R","0.00","0.55","0.86","1.12","1.36","1.58","1.79","1.98","2.18","2.36","2.55","2.73","2.90","3.08","3.25","3.42","3.60","3.77","3.95"
"Wood, James","695578","WSH","120","LF","21","L","0.00","0.55","0.85","1.10","1.33","1.54","1.74","1.93","2.12","2.30","2.47","2.64","2.81","2.98","3.15","3.31","3.48","3.66","3.84"
"Yastrzemski, Mike","573262","SF","137","RF","33","L","0.00","0.53","0.83","1.08","1.31","1.53","1.73","1.93","2.13","2.32","2.50","2.68","2.86","3.04","3.22","3.40","3.58","3.76","3.96"
"Yelich, Christian","592885","MIL","158","LF","32","L","0.00","0.54","0.84","1.09","1.32","1.54","1.74","1.94","2.13","2.31","2.49","2.66","2.83","3.00","3.17","3.34","3.51","3.69","3.86"
"Yepez, Juan","660766","WSH","120","1B","26","R","0.00","0.56","0.89","1.17","1.41","1.64","1.87","2.07","2.28","2.47","2.67","2.86","3.04","3.23","3.41","3.60","3.78","3.97","4.16"
"Yoshida, Masataka","807799","BOS","111","DH","30","L","0.00","0.55","0.87","1.14","1.39","1.62","1.84","2.05","2.25","2.45","2.65","2.84","3.02","3.21","3.40","3.58","3.77","3.96","4.16"
"Young, Jacob","696285","WSH","120","CF","24","R","0.00","0.56","0.88","1.14","1.37","1.58","1.78","1.98","2.16","2.34","2.52","2.69","2.86","3.03","3.20","3.37","3.53","3.69","3.87"
"d'Arnaud, Travis","518595","ATL","144","C","35","R","0.00","0.57","0.90","1.18","1.44","1.67","1.89","2.11","2.31","2.51","2.71","2.90","3.09","3.28","3.47","3.66","3.85","4.05","4.26"